"Gene","baseMean","log2FoldChange","lfcSE","stat","pvalue","padj","B1_B1_O01","B1_W5_O50","B2_B5_O51","B2_C4_O40","B3_B4_O41","B3_C3_O30","B3_C6_O66","B3_H4_O41","B3_W1_O06","B3_W4_O41","B4_B2_O19","B4_B3_O32","B4_C5_O56","B4_H1_O07","B4_H5_O55","B4_W2_O19","B4_W6_O67","B5_B6_O69","B5_H2_O21","B5_W3_O33","B6_C2_O24","B6_H3_O35","B6_H6_O72","C_W5_W52","C1_C4_W37","C1_H2_W13","C1_H6_W62","C2_B2_W16","C2_C1_W03","C2_H1_W04","C2_W2_W15","C3_B3_W30","C3_C2_W17","C3_W3_W29","C4_B1_W07","C4_B5_W56","C4_C6_W67","C4_H5_W56","C5_B4_W46","C5_C3_W33","C5_W1_W09","C5_W4_W45","C6_B6_W71","C6_C5_W59","C6_H3_W36","C6_H4_W48","C6_W6_W72","H1_B2_B13","H1_B6_B61","H1_C6_B62","H1_W4_B38","H1_W5_B49","H2_B5_B51","H2_C1_B04","H2_H1_B03","H2_W2_B16","H3_B4_B41","H3_C5_B54","H3_H4_B41","H3_H6_B66","H3_W3_B30","H3_W6_B66","H4_H2_B19","H4_W1_B07","H5_B1_B09","H5_B3_B34","H5_C2_B22","H5_C4_B46","H6_C3_B36","H6_H3_B35","W1_C1_G02","W1_C6_G61","W1_H5_G49","W1_W1_G01","W1_W6_G62","W2_B2_G04","W2_B6_G64","W2_C2_G15","W3_B5_G54","W3_C3_G29","W3_H2_G18","W3_H3_G30","W4_C5_G55","W4_H1_G08","W4_W5_G56","W5_B2_G21","W5_C4_G45","W5_H4_G46","W5_W2_G22","W6_B3_G35","W6_B4_G48","W6_H6_G71","W6_W3_G36","W6_W4_G48","pair","DEG_group"
"LOC111105578",14.9071188951812,-19.9714794894576,3.09843554898148,-6.12292209715123,9.18746212368807e-10,6.71928870525145e-07,5.62517593824298,0,9.44740047721428,0,6.93775184076961,0,0,0,0,0,0,49.9577214895863,0,4.52940693228843,0,0,0,1.50154443501553,0,3.64248312029294,0,0,2.09973151959433,12.4090422116514,28.9128378087539,0,287.228625242341,0,0,0,10.5322326412181,0,0,2.22803147314451,0,0,2.26124225549322,0,0,0,0,0,0,0,0,0,0,0,0,0,0,0,0,0,0,0,0,0,0,1.93937625960687,0,0,0,2.01056139319186,161.623018666808,3.8007309799884,0,4.25461718631389,4.24527784728999,2.83363556120088,0,0,0,0,0,2.72748560050681,14.3778656451264,0,569.210337801759,0,0,0,195.457302337981,0,0,0,0,7.02307313627901,0,0,2.30066838878586,0,2.15199795658636,0,"CC vs. CB","CC"
"LOC111107221",5.76896009338388,22.3656552843371,3.76579176357526,5.67361570307659,1.39814591341522e-08,8.04621512958052e-06,0,0,0,0,9.25033578769282,0,63.6510857963291,0,6.57730553001454,0,0,0,0,0,0,0,0,0,0,10.9274493608788,0,0,0,0,0,20.0616584167275,0,0,0,0,0,0,0,0,1.99844348897375,3.5020809231794,0,0,22.5652021038836,0,0,0,76.91706317591,0,0,0,15.1020239773017,0,0,1.3579180251617,0,0,31.2186973730623,0,0,0,1.64971143789195,0,11.6398909859229,0,0,0,0,0,0,0,2.32891606735765,0,0,0,30.7244150321434,0,6.94119831079388,0,2.05974072769038,28.6385988053215,7.74192765506807,0,0,0,0,0,94.2204431783087,0,0,93.2081426184712,0,0,0,0,0,0,0,0,"CC vs. CB","CB"
"LOC111109253",15.388781276285,-20.1653623695375,2.14154821903703,-8.94930228475335,3.57736274580617e-19,1.25583319191526e-15,0,0,3.77896019088571,0.870053868584929,0,0,8.53055789022967,0,0,0,0,47.8318610006678,2.10836251478928,9.05881386457687,0,0,0,1.50154443501553,0,2.73186234021971,0,0.710674609985194,12.598389117566,3.81816683435429,34.472998925822,0,184.407483132242,0,0,0,5.26611632060907,0,0,0,0,0,3.01498967399096,0,0,1.69796295158921,2.04457340240164,15.887295477613,0,2.32278144147241,4.40867949871173,1.8498644343631,0,2.32998689309658,0,1.3579180251617,138.529850295405,0,0,0,0.955525802147924,0,0,0,0,0,161.20927573176,0,0,6.03168417957558,147.192392000128,0,0,0,14.858472465515,0.708408890300221,6.72096578828136,58.0695558091397,0,2.70568338177801,0,17.7286564032942,2.21197933001945,0,293.900205521281,2.26717008708388,9.81561277587971,1.34625730222186,185.433850936033,0,0,0.817615286126941,7.46327234873394,5.01648081162786,5.51943972602722,0,11.5033419439293,1.1082629608966,6.45599386975907,6.37558947989272,"CC vs. CB","CC"
"LOC111112854",37.1828509125764,23.6240492046814,3.07038626044572,7.3684700508649,1.72597295173741e-13,2.63436002046703e-10,130.316575902629,0,0,15.6609696345287,0,0,3.93718056472139,0,6.57730553001454,0,239.565872114525,0,0,0,0,0,2.14053497025314,0,0,513.590119961305,0,0,300.26160730199,229.090010061257,0,4.7203902157006,0,6.2664679687681,0,4.37554063064826,0,231.001059907229,0,0,169.867696562769,15.7593641543073,0,0,0,0,0,0,1.94726742217494,0,0,0,0,0,0,0,0,0,0,1.84760425490288,0,5.93733802991226,0,3.52198173195595,0,0,75.7359013504913,0,0,386.027787492837,26.9371697778013,0,0,326.541869049591,43.5140979347224,0,0,181.723551120367,13.8823966215878,0,0,124.10059482306,204.608088026799,0,0,168.904171487749,26.5021544948752,1.34625730222186,0,0,0,0,14.9265446974679,0,0,0,0,2.2165259217932,11.835988761225,0,"CC vs. CB","CB"
"LOC111099906",5.29911945554826,14.8445751538695,3.36450882859102,4.1148874499067,3.87368380615735e-05,0.0121415776799244,0,0,0,0,1.1562919734616,0,0,0,0,0,0,6.3775814667557,7.37926880176248,249.117381275864,0,0,0,0,0,0,0,0,0,0,0,1.18009755392515,0,0,0,10.9388515766207,2.10644652824363,0,0,0,0,0,0,0,0,0,0,2.11830606368173,0.973633711087469,0,0,0,5.03400799243391,8.15495412583803,0,19.0108523522638,0,0,0,1.84760425490288,0,0.98955633831871,0,0,0,0,1.08194144786416,0,0.902495440111749,7.03696487617151,0,13.3025584299594,0,0,0,0,0,0,0,0,22.6571480045942,0,0,63.0887727817714,20.3605564065948,0,0,0,0,0,8.67221049465437,0,28.6092106701468,0,0,0,13.8040103327152,2.2165259217932,0,0,"CC vs. CB","CB"
"LOC111103058",6.37647171906931,-18.5488296227988,2.83062152469196,-6.19963830194803,5.65930679729227e-10,4.41488811375434e-07,1.87505864608099,0,0,0,9.25033578769282,0,0,0,0,0,1.01082646461825,2.12586048891857,0,0,0,1.99081324624843,0,1.50154443501553,0,1.82124156014647,0,0,9.4487918381745,0,3.33609667024084,0,137.467396516762,0,0,0,7.37256284885269,0,0,0,0,0,0,0,0,0,0,0,0,6.19408384392643,0,0,0,2.32998689309658,0,0,0,0,0,1.84760425490288,2.86657740644377,0,0,0,0,0,0,0,0.902495440111749,0,79.8494675556252,15.2029239199536,0,0,0,1.41681778060044,0,1.36634248962682,1.73529957769847,0,0,1.3637428002534,17.6958346401556,0,173.507350247503,2.26717008708388,0,0,101.236859159672,0,0,4.0880764306347,0,4.01318464930229,0,0,0,0,4.30399591317271,0,"CC vs. CB","CC"
"LOC111135447",14.7875342649264,-19.9468432262001,3.61420457757186,-5.24232727272158,1.58563802591929e-07,7.62518121916391e-05,1.87505864608099,0,229.571831596307,0,0,0,1.3123935215738,0,0,0,0,25.5103258670228,33.7338002366285,0,0,0,2.14053497025314,22.523166525233,0,10.9274493608788,27.7713554780885,4.26404765991117,0,315.953305542817,0,0,0,0,38.4994490964617,0,0,0,0,0,0,0,0,0,0,0,16.3565872192131,0,0,38.7130240245402,0,0,0,0,0,0,0,0,0,0,0,0,0,0,0,0,6.49164868718497,0,0,0,0,0,41.9204892124376,0,0,23.3774933799073,0,0,1.15686638513231,0,31.5826911579192,0,170.322408411497,0,212.457979894902,0,1.96312255517594,0,129.302523085126,0,0,0,0,0,0,0,2.30066838878586,0,0,0,"CC vs. CB","CC"
"LOC111119065",6.99719232315441,17.9514445818341,3.08040658103679,5.50298934114361,3.73405004692806e-08,2.04818479527202e-05,2.81258796912149,0,0,0,0,0,0,0,0,4.95438527281718,0,12.7551629335114,0,0,0,0,0,3.00308887003107,0,0,0.925711849269618,0,0,111.681379904863,0,0,0,4.17764531251207,0,0,1.05322326412181,0,0,0,0,0,0,0,2.14906686703653,0,0,0,0,0,0,0,0,8.15495412583803,0,0,182.607529934852,0,0,0,0,0,0,1.76099086597798,0,0,0,0,0,2.01056139319186,0,0,0,0,4.24527784728999,5.66727112240177,2.88041390926344,0,0,239.002032057057,0,0,0,2.03512170263779,1.77048316579085,0,1.96312255517594,2.69251460444373,6.01407084116864,0,2.16805262366359,0,0,2.00659232465115,0,0,0,8.86610368717282,0,40.3787333726539,"CC vs. CB","CB"
"LOC111122181",11.1209209731689,-20.1326142011786,3.65283140887925,-5.23774903891577,1.62546883696604e-07,7.71109236779635e-05,0,0,412.851400854264,0,0,0,0,0,0,0,0,4.25172097783713,12.6501750887357,0,1.32500905858273,0,25.6864196430376,6.00617774006213,0,20.0336571616112,0,0,0,104.999587944743,0,22.4218535245778,0,0,0,0,38.9692607725071,0,0,0,0,0,18.8436854624435,0,0,0,0,0,0,20.1307724927609,0,1.8498644343631,0,0,0,0,0,0,0,0,0,0,0,0,0,0,0,0,0,0,28.8612533333585,0,60.5518177512988,0,0,0,0,0,0,5.41136676355601,21.9705677620308,0,44.239586600389,0,121.278096856673,0,0,0,8.01876112155818,0,0,0,0,0,1.83981324200907,0,0,0,38.7359632185544,24.4397596729221,"CC vs. CB","CC"
"LOC111121464",4.02558932192442,-21.2602474958903,3.37482987788454,-6.00333890269754,1.93300551419191e-09,1.33055212893543e-06,0,0,0,0.870053868584929,0,0,0,24.830804838348,0,0,0,0,0,0,0,0,0,0.750772217507766,0,0,0,0,245.668587792537,0,3.33609667024084,0,0,0,0,0,9.47900937709632,0,0,0,0,0,0,0,0,0,1.02228670120082,0,0,54.1982336343563,0,0,0,2.32998689309658,8.15245820469469,0,0,0,0,0,0,0,0,0,0,0,0,0,0,0,0,1.9003654899942,0,0,1.0613194618225,0,0,5.46536995850727,2.89216596283078,0,0,4.09122840076021,1.10598966500972,0,0,0,0,0,0,0,2.16805262366359,0,2.48775744957798,0,0,0,1.15033419439293,2.2165259217932,3.22799693487954,0,"CC vs. CB","CC"
"LOC111120859",187.758045674611,-25.9753101883266,3.0523047270693,-8.18244324258769,2.78145766911025e-16,6.1026919671322e-13,468.764661520249,0,0,33.9321008748122,11.562919734616,3.52663264662234,0,3182.4814867816,6.57730553001454,0,39.4222321201117,0,3.16254377218392,1589.82183323324,0,0,0,0,0,87.4195948870306,0,0,8.39892607837733,0,336.945763694325,0,6.70572665935426,0,390.060207950993,13.1266218919448,0,0,0,0,0,0,0,7.26858959552063,0,1648.72202599312,3.06686010360246,0,0,0,0,233.082918729751,0,0,0,0,0,188.028823087255,0,2474.86589944241,794.041941584925,0.98955633831871,0,0,0,0,2.16388289572832,1446.5805757788,0,0,0,0,0,419.079792851918,0,0,170.904558616297,0,13.8823966215878,0.901894460592669,0,1528.75567908407,345.068775483034,0,75.2455345461112,134.896620181491,9.81561277587971,0,0,631.051577061713,0,0,547.306638907155,0,258.493760502275,306.069759432257,0,17.7322073743456,0,209.331854589811,"CC vs. CB","CC"
"LOC111118821",1154.59389379782,-28.1183867268435,3.29962445316642,-8.21862824444152,2.05844043058168e-16,4.81743675437132e-13,42.1888195368224,0,0,200.112389774534,4138.36897301908,4498.80771287457,0,207.957990521164,3324.82794542235,0,221.370995751397,0,3350.18803600017,269.499712471162,0,686.830569955709,0,0,0,1267.58412586194,0,0,71.3908716662073,0,4921.85462082865,0,4834.82892139442,0,4521.6589820397,172.833854910606,0,0,0,0,0,0,0,2485.85764166806,0,143.477869409288,2452.46579618077,0,0,0,0,2033.00101336505,0,0,0,0,0,30.0846116939608,0,208.779280804026,7327.92737667243,1402.20133139761,0,0,0,0,80.0636671419479,15855.7810066885,0,0,0,0,0,5100.22235209378,0,0,1848.26559177737,0,4669.69116358658,0,0,132.28305162458,2729.582493244,0,741.832446466367,2301.17763839013,2985.90940642261,12.1163157199968,0,4436.53916261331,0,0,3690.58817644893,0,3273.94766415515,3635.8976594625,0,6919.99392783838,2.15199795658636,1301.68285214476,"CC vs. CB","CC"
"LOC111117940",9.73338617277837,-18.3113821461311,4.57001242774877,-3.78803830839009,0.000151841441354627,0.0436917524488046,0,0,493.154304910586,0,0,0,5.24957408629518,0,0,0,0,0,3.16254377218392,0,0,0,43.8809668901893,5.25540552255436,0,21.8548987217577,0,0,0,78.2724201042629,0,0,0,0,0,0,0,0,0,0,0,0,0,0,0,0,0,0,0,11.6139072073621,0,0.924932217181551,0,0,0,0,0,0,1.15624805085416,0,0,0,0,0,0,0,2.16388289572832,0,0,0,0,0,65.2096498860141,0,0,0,0,0,0,0,13.7316048512692,0,100.645059515885,0,65.5078771342615,0,0,0,2.00469028038955,0,0,0,0,0,0,0,1.15033419439293,0,0,0,"CC vs. CB","CC"
"LOC111121445",26.0636327086341,-46.4660495153182,4.99281965693373,-9.10628715623197,8.52494861412577e-20,3.32520356776539e-16,0,0,0,0,0,17.6331632331117,0,73.4577976467794,0,0,0,0,0,0,0,26.8759788243538,207.631892114554,0,0,0,0,0,0,0,0,0,36.8814966264484,0,34.4468755073605,0,2.10644652824363,0,0,0,0,0,0,17.652289017693,0,0,0,182.174321476629,0,0,0,17.5737121264495,0,0,0,0,0,0,0,0,0,29.6866901495613,204.564218298601,0,0,0,375.433682408864,0,0,0,0,0,0,0,274.881740612027,0,18.2426214253351,0,0,0,0,0,13.2718759801167,0,0,276.594750624233,30.4283996052271,0,0,294.064555446992,0,44.1512254508548,0,0,0,0,0,0,272.227741508174,0,"CC vs. CB","CC"
"LOC111122051",5.05126323738718,-17.973870495774,3.8601568976786,-4.39719704294447,1.09657787717907e-05,0.00388842084630012,0,0,233.350791787193,0,0,0,0,0,0,0,0,0,23.1919876626821,0,1.32500905858273,0,6.42160491075941,1.50154443501553,0,1.82124156014647,0,0,0,7.63633366870858,0,0.590048776962575,0,0,0,2.18777031532413,7.37256284885269,0,0,0,0,0,0,0,0,8.48981475794604,0,0,0,0,0,0,0,0,0,0,0,0,0,3.69520850980577,0,0,0,0,0,1.93937625960687,6.49164868718497,0,5.41497264067049,0,0,0,0,0,0,1.41681778060044,0,0,6.94119831079388,0,16.4779258215231,0,126.082821811109,0,0,0,0,0,6.01407084116864,0,0,0,0,0,0,0,0,0,6.45599386975907,0,"CC vs. CB","CC"
"LOC111122991",73.0490598641266,5.90059616189288,0.787600811121389,6.22218272593624,4.90285544455442e-10,3.91169864502461e-07,7.50023458432398,23.8631956159434,46.29226233835,10.4406464230191,17.344379601924,10.579897939867,1.3123935215738,11.3807855509095,46.0411387101018,13.8722787638881,22.2381822216015,12.7551629335114,14.758537603525,0,18.5501268201582,4.97703311562108,14.9837447917719,5.25540552255436,6.157314121738,16.3911740413182,4.62855924634809,0.710674609985194,16.7978521567547,38.1816683435429,17.7925155746178,18.8815608628024,27.9405277473094,17.7549925781763,15.1971509591296,5.46942578831033,20.0112420183145,9.10349004560507,19.6072367264962,15.5962203120115,12.9898826783294,7.87968207715364,5.27623192948417,12.4604393066068,2385.46422241055,27.1674072254273,6.13372020720492,3.17745909552259,3005.60726612702,6.19408384392643,17.6347179948469,26.823034298265,34.2312543485506,19.8048885913209,9.17151548028153,7.46854913838937,13.6430913169717,12.8934050116975,20.8124649153749,27.7140638235433,6.68868061503547,16.8224577514181,9.89826862735167,7.92445889690089,3.17451572343353,9.69688129803434,7.57359013504913,30.1895076684271,20.7573951225702,17.0897718421308,1.92408355555723,11.4021929399652,15.1379544378247,25.5277031178834,26.5329865455624,13.4597689157042,4.8006898487724,28.6931922821631,3.47059915539694,7.21515568474135,3.43290121281731,8.18245680152042,5.52994832504862,11.1931693645078,18.5900732408039,5.66792521770969,12.7602966086436,8.07754381333118,3.00703542058432,31.9635386355426,6.50415787099078,113.648524771645,7.46327234873394,47.1549196293019,15.6384125570771,41.1611055788208,4.60133677757172,11.082629608966,19.3679816092772,28.6901526595172,"CC vs. CB","CB"
"LOC111123832",50.7645578672188,24.014636153408,3.71597402088632,6.19343300681061,5.88677159712497e-10,4.49250254167548e-07,0,0,155.882107874036,1.74010773716986,168.818628125394,5.8777210777039,187.672273585053,0,0,0,0,883.295033145664,0,0,0,1.99081324624843,0,2.2523166525233,0,0,0,0,0,0,0,0,6.70572665935426,0,0,5.46942578831033,8.42578611297451,0,0,8.91212589257802,0.999221744486874,0.875520230794849,0,0,0,0,0,3.17745909552259,549.129413053333,0,0,0,2.01360319697357,0,0,0,226.685209574299,0,0,0,0,37.603140856111,0,0,557.65659541649,0,2.16388289572832,0,0,0,0,119.723025869635,0,0,0,0,611.607886733604,0,212.284981671779,0,1.37316048512692,0,276.497416252431,0,0,0,0,0,0,0,0,0,0,0,0,0,722.40987407876,0,0,10.6259824664879,"CC vs. CB","CB"
"LOC111127619",42.5048088480779,-20.5700025140869,3.4213210934914,-5.72001340397901,1.0651564994725e-08,6.44695153689345e-06,0,0,50.0712225292357,0,2.3125839469232,0,0,0,0,0,19.2057028277467,0,0,6.79411039843265,0,23.8897589549812,0,19.5200776552019,0,1091.83431530781,0,0,85.0391265435705,0,0,0,0,0,0,0,1.05322326412181,0,0,0,0,0,42.9636028543711,0,0,0,0,0,0,1.54852096098161,2.20433974935586,0.924932217181551,0,0,0,0,0,1.07445041764146,0,0,0,2.96866901495613,0,0,0,0,0,0,0,0,0,0,0,48.9280976426098,39.2688200874324,0,0,0,0,0,0,1227.36852022806,374.930496438296,0,806.455082017733,120.160014615445,0,1.34625730222186,0,10.0456835711705,3.25207893549539,0,0,4.01318464930229,8.27915958904083,0,0,0,0,0,"CC vs. CB","CC"
"LOC111127623",6.65121101015466,-17.2933019665112,3.49739919371788,-4.65869094834175,3.1822653942827e-06,0.00124126029629216,0,0,0,0,5.78145986730801,0,0,0,0,0.990877054563437,0,8.50344195567427,0,0,0,0,0,3.00308887003107,0,0,0,0,3.1495972793915,11.4545005030629,18.9045477980314,0,0,0,0,0,0,0,0,0,0,0,12.0599586959638,0,0,0,0,0,0,0,0,0,0,0,0,0.678959012580851,0,0,2.31249610170832,0,30.5768256687336,0,0,3.52198173195595,0,6.78781690862404,0,5.03158461140452,0,0,11.5445013333434,0,0,0,0,0,0.96013796975448,0,0,0,0,0,0,0,84.9831919579609,2.26717008708388,0,0,388.909914395572,0,0,0,0,10.0329616232557,0.919906621004537,0,1.15033419439293,0,0,11.6885807131367,"CC vs. CB","CC"
"LOC111123050",247.71663646948,6.2745980811871,1.25215719925133,4.21240886075709,2.52661671896653e-05,0.008289428029843,17.8130571377694,3.97719926932389,16.0605808112643,19.1411851088684,17.344379601924,12.9309863709486,3.93718056472139,2.069233736529,10.9621758833576,10.8996476001978,7.07578525232775,115.859396646062,11.595993831341,13.5882207968653,23.8501630544891,11.9448794774906,19.2648147322782,13.5138999151398,21.9904075776357,13.6593117010985,5.55427109561771,7.10674609985194,6.299194558783,20.04537588036,22.2406444682723,28.3223412942036,63.7044032638654,30.2879285157125,14.1840075618543,7.65719610363446,22.1176885465581,2385.11439194853,0.933677939356964,21.1662989948728,2999.6636769496,9.63072253874334,16.5824432069503,4.15347976886893,17.1925349362923,5.09388885476762,12.2674404144098,6.35491819104519,23.3672090660993,11.6139072073621,27.9216368251743,15.7238476920864,19.1292303712489,2283.38715523465,38.7241764722998,16.9739753145213,3.14840568853193,0,2.31249610170832,5.54281276470865,25.7991966579939,1.97911267663742,26.3953830062711,10.5659451958679,0,27.1512676344962,5.40970723932081,17.6105461399158,987.330011482253,13.0686490557471,6.73429244445031,6.6512792149797,39.59157314508,15.9548144486771,487.145632976526,11.3345422448035,39.3656567599337,3706.20400311274,0.578433192566157,32.4682005813361,10.2987036384519,4.09122840076021,15.4838553101361,3.05268255395668,8441.66373449078,3.40075513062581,0.981561277587971,3.36564325555466,7.01641598136341,25.5708309084341,543.09718222773,19.6227668670466,14.9265446974679,15.0494424348836,73.5925296803629,28.4961500161067,23.0066838878586,26.5983110615185,11.835988761225,31.8779473994636,"CC vs. CB","CB"
"LOC111123051",365.323658258,5.39337469144519,1.12917320076945,3.89078902018879,9.99187841512107e-05,0.0297258382849852,45.9389368289844,27.8403948852672,16.0605808112643,110.496841310286,35.8450511773097,38.7929591128458,15.0925254980986,11.3807855509095,95.3709301852108,40.6259592371009,105.125952320298,58.4611634452606,13.7043563461303,40.7646623905959,128.525878682525,41.8070781712171,5.35133742563284,132.135910281367,36.0642684273226,93.7939403475433,39.8056095185936,42.6404765991117,18.897583676349,70.6360864355544,30.0248700321675,51.9242923727066,82.7039621320358,28.1991058594564,46.6045962746641,39.3798656758344,37.9160375083853,3470.70557988693,26.142982301995,88.007243189208,4608.41068557346,13.1328034619227,32.4111389954028,60.2254566485995,153.658280993112,13.5837036127137,12.2674404144098,29.6562848915442,29.2090113326241,48.7784102709207,94.0518293058501,19.4235765608126,83.564532674403,4416.49015586457,15.2858591338025,48.8850489058213,23.0883083825675,82.7326821583922,67.0623869495413,168.131987196163,85.9973221933131,75.206281712222,16.4971143789195,23.7733766907027,8.46537526248941,54.3025352689923,24.8846533008757,56.6053268783009,1913.29033303691,35.1848243808575,31.7473786666943,31.3560305849043,17.4668705051823,25.5277031178834,924.409251247396,26.2111289411082,34.5649669111613,5706.5294079264,46.2746554052925,24.3511504360021,26.0900492174115,24.5473704045613,37.6036486103306,36.6321906474802,7767.10964832446,80.4845380914776,44.1702574914587,84.1410813888665,41.0961507479857,34.7032705185891,1552.32567854313,17.1699210086658,27.3653319453578,38.1252541683718,57.9541171232858,39.0502796517018,19.5556813046798,24.3817851397252,16.1399846743977,22.3145631796245,"CC vs. CB","CB"
"LOC111123476",5.54088375328328,19.5950582341351,3.81996055312709,4.86786655922739,1.12809457407209e-06,0.000477129638828924,2.81258796912149,0,0,0,101.753693664621,0,0,0,143.604504071984,1.98175410912687,0,0,0,0,0,0,0,0,0,50.084142904028,0,0,0,0,0,0,0,0,0,0,0,15.9311075798089,0,0,0,0,0,0,0,0,0,0,1.94726742217494,0,0,3.6997288687262,0,0,15.2858591338025,0,1.04946856284398,0,0,0,5.73315481288754,0,0,0,0,6.78781690862404,0,2.51579230570226,0,0,0,0,0,1.06365429657847,0,0,63.3691060037957,2.73268497925363,73.4610154559019,0,0,0,0,0,0,1.13358504354194,0,0,0,0,0,0,0,0,3.67962648401815,21.1082592711901,0,1.1082629608966,0,0,"CC vs. CB","CB"
"LOC111122608",2.14842955483881,-16.4801693456414,2.92967356632976,-5.28392293378769,1.26446461310601e-07,6.25197609057555e-05,119.066224026143,1.98859963466195,1.88948009544286,1.74010773716986,0,0,0,0,0,0,0,0,0,0,0,0,0,0,0,0,0.925711849269618,1.42134921997039,0,0,0,0,1.11762110989238,0,0,0,5.26611632060907,0,1.86735587871393,3.34204720971676,0,0,1.50749483699548,0,0,0,0,3.17745909552259,0,0,0,0,0,0,0,0,2.09893712568795,0,0,0,0,0,0,0,0,0,0,0,0,2.01056139319186,0,0,0,31.9096288973542,0,0,0,0.683171244813408,0,0,1.37316048512692,0,2.21197933001945,0,0,0,3.92624511035188,0,2.00469028038955,3.65297584406201,1.0840263118318,2.45284585838082,0,2.00659232465115,0,0,0,0,3.22799693487954,0,"CC vs. CB","CC"
"LOC111123650",10.6298990335292,-33.0961833367571,4.36580047501235,-7.35172931526749,1.95658733811199e-13,2.86191660435089e-10,0,1.98859963466195,0,12.180754160189,0,0,0,0,0,0,0,0,0,0,0,0,132.713168155694,0,0,0,0,0,0,159.408465334292,0,181.735023304473,0,0,0,0,0,0,0,0,0,0,0,0,0,0,0,0,0,1.54852096098161,0,1.8498644343631,140.95222378815,0,2.03811455117367,0,0,0,0,0,5.73315481288754,0,0,0,0,159.028853287763,0,0,0,0,0,1.9003654899942,0,0,0,0,4.8006898487724,0,1.15686638513231,0,0,0,0,5.08780425659447,0,0,0,0,0,0,0,0,7.46327234873394,0,0,0,0,1.1082629608966,0,178.516505436996,"CC vs. CB","CC"
"LOC111125182",92.2686731789698,-23.9350256431836,4.00775809001662,-5.72265718839544,1.04870739182727e-08,6.44695153689345e-06,195.943628515464,0,0,521.162267282372,0,0,29.5288542354104,0,0,0,443.752817967412,0,162.343913638775,0,465.078179562537,0,0,0,0,50.084142904028,0,0,265.616037228683,0,0,40.1233168334551,0,0,446.796238198411,343.479939505889,0,0,0,292.986138718502,0,0,118.338344704145,0,0,0,0,0,0,0,0,127.640645971054,0,0,0,294.66821146009,0,0,0,0,0,0,668.133132346238,0,0,0,2.16388289572832,504.416357293304,583.01205431219,381.001384009857,0,0,0,30.8459746007757,591.154940235131,0,260.197389803464,0,0,0,449.710058879067,55.9134548103896,0,0,315.146003510772,0,0,28.9445319977701,0,0,0,99.7490649074868,0,0,0,365.172885391589,0,0,540.151487103176,0,"CC vs. CB","CC"
"LOC111126943",19.3709296042778,-19.5064595299343,4.71335497879378,-3.92638780936258,8.62310849172135e-05,0.0258730105642631,0,0,989.142829964335,0,0,0,0,0,0,0,0,0,25.3003501774714,0,0,0,14.9837447917719,9.0092666100932,0,30.96110652249,0,0,0,213.81734272384,0,1.18009755392515,0,0,0,0,0,0,1.86735587871393,0,0,0,0,0,0,0,0,0,0,29.4218982586506,0,0,0,0,0,0.678959012580851,0,0,0,0,0,0,0,0,0,0,0,0,0,0,0,9.501827449971,89.6632685932694,0,2.122638923645,0,0,0,0,0,26.776629459975,0,179.170325731575,1.01756085131889,192.982665071203,2.26717008708388,0,0,1.00234514019477,0,0,0,0,0,0,0,0,0,0,0,"CC vs. CB","CC"
"LOC111123288",3.63717872695053,-17.8667464395253,3.58781491374659,-4.70111944038722,2.58739108289336e-06,0.00104402717201117,0,0,122.816206203786,0,0,0,0,0,0,0,0,0,2.10836251478928,0,2.65001811716545,0.995406623124216,14.9837447917719,1.50154443501553,0,4.55310390036618,0,0,0,24.8180844233029,6.67219334048168,0,0,0,0,0,0,0,0,0,0,0,0,0,0,0,0,2.11830606368173,0,3.09704192196322,0.734779916451954,0,0,2.32998689309658,0,0,0,0,0,0,0,0,0,0,0,0,4.32776579145664,0,0,0,0,0,1.16445803367882,0,1.0613194618225,0,0,0,0,0,0,0,106.175007840933,0,25.6720059039673,0,0,0,12.0281416823373,0,1.0840263118318,0,0,1.00329616232557,0,0,0,0,0,0,"CC vs. CB","CC"
"LOC111128512",5.6750754218768,21.9763210227908,3.74311203400091,5.60397894379074,2.09486167770524e-08,1.18613095477165e-05,1.87505864608099,0,1.88948009544286,0,0,0,0,0,133.738545776962,0,0,0,0,0,0,11.9448794774906,0,5.25540552255436,0,0,0,0,9.4487918381745,46.77254372084,0,0,0,0,0,0,0,2.27587251140127,0,0,3.9968869779475,114.693150234125,0,0,0,0,0,0,0,0,0,0,0,6.98996067928974,8.15245820469469,0,0,0,0,0,0,0,0,0,0,0,0,0,0,8.04224557276744,0,4.7509137249855,0,10.6365429657847,0,0,0,7.51488369294749,78.0884809964312,0,0,2.72748560050681,0,0,5.31144949737255,57.8128372206388,0,0,0,0,0,0,0,6.01977697395344,5.51943972602722,0,0,0,0,0,"CC vs. CB","CB"
"LOC111131744",5.17331739762767,-18.6053916415798,2.16316668888003,-8.1387124404615,3.99503569188049e-16,8.24974870373321e-13,0,0,8.50266042949285,0,0,3.52663264662234,2.62478704314759,0,0,0.990877054563437,1.01082646461825,21.2586048891857,0,0,0,1.99081324624843,4.28106994050627,4.5046333050466,1.75923260621086,1.82124156014647,0.925711849269618,0,4.19946303918866,0,5.56016111706806,0,82.7039621320358,0,3.03943019182592,1.09388515766207,5.26611632060907,0,0,18.9382675217283,0,0,3.76873709248869,2.07673988443447,0,0.848981475794603,0,0,0,0,0,0,0,2.32998689309658,0,0.678959012580851,0,0,0,0,0,1.97911267663742,0,3.52198173195595,10.5817190781118,0,3.24582434359248,3.77368845855339,1.8049908802235,0,16.3547102222365,0,2.32891606735765,0,4.24527784728999,0,0.96013796975448,4.09902746888045,0,0,0,0,0,0,207.14653039753,0,0.981561277587971,2.69251460444373,28.0656639254536,0,3.25207893549539,0,0,0,0,0,0,2.2165259217932,2.15199795658636,3.18779473994636,"CC vs. CB","CC"
"LOC111129743",4.8566866941342,-19.4271159968069,3.91740574388206,-4.70390794356319,2.55228362827899e-06,0.00104183624152016,0,0,221.069171166814,0,0,0,0,0,0,0,0,0,15.8127188609196,0,0,0.995406623124216,16.0540122768985,6.7569499575699,0,10.9274493608788,0,0,0,6.68179196012001,0,1.18009755392515,0,0,0,0,1.05322326412181,0,0,0,0,0,2.26124225549322,0,0,0,0,0,0,24.0020748952149,0,0,0,0,0,0,0,0,0,0,0,0,0,0,0,4.84844064901717,2.16388289572832,0,0,0,0,0,6.98674820207294,0,0,0,0,0,0,0,5.49264194050769,0,75.2072972206612,0,35.409663315817,0,0,0,13.030486822532,0,0,3.27046114450776,0,0,0,0,0,3.32478888268981,0,0,"CC vs. CB","CC"
"LOC111132387",4.87098019078401,-19.7672038372841,2.28163149434928,-8.22534396275787,1.94631497976696e-16,4.81743675437132e-13,2.81258796912149,0.994299817330973,71.8002436268285,0,0,0,1.3123935215738,0,0,0.990877054563437,0,0,8.43345005915712,0,0,0,2.14053497025314,3.00308887003107,0,1.82124156014647,0,0,0,20.04537588036,0,0.590048776962575,2.23524221978475,0,11.1445773700284,0,27.3838048671671,0,0,0,0,0,2.26124225549322,0,0,3.39592590317841,0,0,0,7.74260480490804,2.93911966580782,0,0,2.32998689309658,0,0,0,0,3.46874415256248,0,0.955525802147924,0,0,0,0,3.87875251921374,5.40970723932081,0,1.8049908802235,3.01584208978779,0.962041777778616,0,13.9734964041459,0,0,0,0,0,0,0,14.4181850938327,0,6.63593799005834,0,41.606354396085,0,0,2.01938595333279,138.323629346879,5.47946376609302,0,1.63523057225388,1.24387872478899,12.0395539479069,21.1578522831043,0,0,2.2165259217932,0,4.25039298659514,"CC vs. CB","CC"
"LOC111132400",4.01592599040884,-31.2281949860538,7.27337457682298,-4.15600690804206,3.23858035442563e-05,0.0104303085634965,0,0,0,0,0,0,0,0,0,0,0,0,3.16254377218392,2.26470346614422,0,0,0,0,0,0,0,0,0,0,0,0,0,0,48.6308830692148,0,0,0,0,0,0,0,0,0,0,0,0,0,0,0,0,0,0,0,0,0,0,0,156.093486865312,0,20.0660418451064,0,0,0,0,0,0,0,0,0,0,0,0,0,0,0,0,0,0,0,0,0,0,21.3687778776968,0,0,0,0,57.1336729911021,1.82648792203101,0,0,8.70715107352292,57.1878812525576,0,1.05541296355951,0,0,0,0,"CC vs. CB","CC"
"LOC111132404",22.7132398385563,47.2276005326492,3.20991204461732,14.4015162690105,5.06206429056121e-47,1.77703766920151e-42,0,29.8289945199292,0,0,0,7.05326529324469,0,0,0,0,0,0,65.3592379584677,0,0,0,0,0,167.127097590032,0.910620780073236,8.33140664342656,44.7725004290673,0,0,0,0,14.5290744286009,0,0,17.502162522593,0,2.27587251140127,0,0,12.9898826783294,0,0,26.9976184976481,0,0,0,0,60.3652900874231,0,0,0,0,0,7.13340092910785,0,447.073607771534,89.179384664241,0,0,92.6860028083486,19.7911267663742,0,0,0,34.9087726729236,289.960308027595,0,0,54.2851576161802,23.0890026666868,0.9501827449971,0,0,0,0,0,0,0,431.105552163296,0,0,21.0138036351848,0,0,34.0075513062581,0,0,0,0,0,0,0,0,16.5583191780817,0,0,115.259347933247,0,0,"CC vs. CB","CB"
"LOC111136642",23.7783078059805,21.6603225740873,2.75851047775334,7.48966615885905,6.90490185829983e-14,1.15426942731245e-10,0,0,0,3.48021547433971,9.25033578769282,0,16.4049190196724,0,0,0,0,89.2861405345798,0,0,0,0,0,1.50154443501553,0,0,0,268.635002574404,0,0,0,0,50.2929499451569,0,0,0,52.6611632060907,0,0,34.5344878337398,94.9260657262531,0,0,1.03836994221723,0,0,0,2.11830606368173,1.94726742217494,0,0,0,0,0,329.155500014548,0,4.19787425137591,0,1.15624805085416,0,0,110.830309891696,19.7965372547033,0,0,71.7569216054542,0,0,4.51247720055875,0,867.761683556312,0,0,0,1.0613194618225,1.41681778060044,4.8006898487724,6.83171244813408,14.4608298141539,0,8.23896291076154,8.18245680152042,11.0598966500972,0,7.08193266316341,2.26717008708388,0,0,10.0234514019477,0,57.4533945270852,0,0,40.1318464930229,0,0,18.4053471102869,0,0,8.50078597319029,"CC vs. CB","CB"
"LOC111132872",163.635761165408,-6.90117534961108,1.19263871239737,-4.94799916208398,7.49802316933249e-07,0.000341841692674568,6.56270526128348,6.96009872131681,20.7842810498714,3.48021547433971,15.0317956550008,0,3.28098380393449,17.5884867604965,8.76974070668605,36.6624510188472,8.086611716946,133.92921080187,10.5418125739464,43.0293658567401,13.2500905858273,8.95865960811794,0,12.763127697632,15.8330934558977,0.910620780073236,7.40569479415694,12.7921429797335,6.299194558783,3.81816683435429,10963.5256906348,14.1611706471018,68.1748877034349,15.6661699219202,25.3285849318827,2.18777031532413,321.233095557153,7.96555378990444,13.0714911509975,970.307706554432,6.99455221140812,30.6432080778197,6.02997934798191,6.2302196533034,17.1925349362923,3.39592590317841,11.245153713209,8.47322425472692,13.6308719552246,3.09704192196322,0,7.39945773745241,25.1700399621696,67.5696198998008,21.4002027873236,2.71583605032341,52.4734281421988,0,21.968712966229,3.69520850980577,5.73315481288754,89.0600704486839,405.829013721419,1.76099086597798,0,0.969688129803434,45.4415408102948,13.8368576813624,13.5374316016762,6.03168417957558,16.3547102222365,11.4021929399652,16.3024124715035,3.19096288973542,31.8395838546749,9.91772446420309,188.187042071878,23.9109935684693,110.480739780136,12.6265224482974,13.0450246087058,17.7286564032942,63.0414109055543,32.5619472422046,29.212972235549,3.40075513062581,16.6865417189955,2.69251460444373,17.0398673833111,8.21919564913953,690.524760636854,5.72330700288858,1.24387872478899,61.2010659018599,26.6772920091316,18.9974333440711,235.818509850551,11.082629608966,1.07599897829318,11.6885807131367,"CC vs. CB","CC"
"LOC111135979",37.9696674204966,-22.8368967258046,4.46829575726057,-4.88707505323963,1.02345086020518e-06,0.000440224354006776,108.753401472698,0,0,0,0,105.79897939867,0,0,0,0,0,0,295.170752070499,0,0,153.292619961129,0,0,307.8657060869,0,168.47955656707,0,0,0,227.966605799791,0,154.231713165148,0,0,0,0,0,0,0,0,0,0,211.827468212316,0,0,0,0,0,0,0,299.678038366822,0,0,0,29.1952375409766,0,0,0,0,0,133.590105673026,0,190.187013525621,0,0,1.08194144786416,0,5.41497264067049,1.00528069659593,0,0,0,0,0,0,328.367185656032,0,0.578433192566157,0,0,0,0,0,0,0,114.842669477793,0,0,2.73973188304651,0,0,1.24387872478899,0,134.306366666662,319.790127958531,0,273.740951341461,0,0,"CC vs. CB","CC"
"LOC111132504",6.93484523276019,-17.7264303305595,3.50373047923615,-4.77389183605412,1.806994577006e-06,0.000746288760303478,0,0,0,0,0,0,376.000743930892,0,0,69.3613938194406,12.129917575419,0,1.05418125739464,0,0,0,0,0.750772217507766,0,0,0,0,2.09973151959433,0,0,0,0,0,0,0,0,0,0,0,0,0,0,0,0,0,0,2.11830606368173,0,6.19408384392643,0,0,0,0,0,3.39479506290426,0,0,20.8124649153749,0,0,0,0,0,0,1.93937625960687,0,0,0,0,0,0,51.2361534818682,0,2.122638923645,21.2522667090066,0,0,0,0,14.4181850938327,0,0,0,1.77048316579085,0,3.92624511035188,4.03877190666559,1.00234514019477,0,0,0,0,19.0626270841859,0,2.11082592711901,0,0,1.07599897829318,34.0031438927612,"CC vs. CB","CC"
"LOC111138424",8.4110751284213,-48.1396770163784,3.71046470787287,-12.7045210580651,5.58100610055134e-37,6.5307073053285e-33,0,0,0,0,0,0,0,0,0,0,0,0,0,2.26470346614422,10.6000724686618,0,168.031995164871,0,0,3.64248312029294,0,0,0,94.4996291502687,103.418996777466,33.6327802868668,0,0,0,0,3.15966979236544,0,2.80103381807089,0,0,0,0,0,0,0,0,2.11830606368173,0,0,1.46955983290391,0,0,0,90.6960975272284,0,0,0,0,9.23802127451442,0,0,0,0,0,56.2419115285992,0,0,0,0,116.407055111213,0,0,0,6.36791677093499,1.41681778060044,0,0,1.15686638513231,0,0,0,1.10598966500972,0,0,0,1.96312255517594,0,8.01876112155818,0,0,0,0,0,0,0,4.60133677757172,0,67.7879356324703,0,"CC vs. CB","CC"
"LOC111132539",6.93721667789627,-15.1288903338616,3.3835792935532,-4.17572313460532,2.97040923583219e-05,0.00965520520591566,0,0,18.8948009544286,0,6.93775184076961,0,1.3123935215738,0,0,0,0,0,2.10836251478928,0,0,0,0,10.5108110451087,0,0,0,0.710674609985194,2.09973151959433,0,0,0,0,0,1.01314339727531,2.18777031532413,0,0,0,11.1401573657225,0,0,0,0,0,0,0,3.17745909552259,0,0,0,0,0,0,0,0,26.2367140710994,0,13.8749766102499,0,0,0,31.344517319947,0,0,0,0,0,0,0,0,1.9003654899942,0,2.12730859315695,0,0.708408890300221,0,4.09902746888045,9.83336427362466,0,0,0,0,2.03512170263779,0,0,0,0,0,0,3.25207893549539,0,0,0,0,0,492.343035200174,0,0,4.25039298659514,"CC vs. CB","CC"
"LOC111134523",4.87917443825577,-20.6766696944172,4.52117038679874,-4.3521185912105,1.34828294075969e-05,0.00460157816281901,0,0,42.5133021474643,0,0,0,0,0,0,0,0,0,0,0,0,1.99081324624843,0,0.750772217507766,0,0,0,0,0,3.81816683435429,0,1.18009755392515,2.23524221978475,0,45.5914528773888,0,0,0,0,2.22803147314451,0,0,0,0,0,0,0,0,0,9.29112576588965,0,0,1.00680159848678,0,0,0,0,0,0,0,0,0,0,0,0,0,0,0,0,0,0.962041777778616,0,5.82229016839411,0,0,0,0,0.683171244813408,0,0,7.55238266819808,0,5.52994832504862,0,0,0,0,0,0,0,0,0,0,0,327.486757077615,0,0,0,0,0,"CC vs. CB","CC"
"LOC111134917",135.934938395452,10.5306257595471,2.48325780184062,3.83795260906172,0.000124064417759565,0.0365990032390717,7.50023458432398,0,330.6590167025,0,1.1562919734616,1.17554421554078,0,246.238814646951,2.19243517667151,0,0,0,0,4.52940693228843,5.30003623433091,9.95406623124216,0,0,0,0,3.70284739707847,4.97472226989636,2.09973151959433,3.81816683435429,0,0,2.23524221978475,5.22205664064008,0,0,1.05322326412181,0,1.86735587871393,2.22803147314451,0,2257.96667521992,0,1.03836994221723,470.645643881001,0,0,0,1.94726742217494,0,0,4.62466108590775,0,0,11.2096300314552,0,8.39574850275181,661.861457267138,1632.62224780607,0,1.91105160429585,0,0,0,0,0,18.3930046136907,2.51579230570226,0,2601.66644279027,0.962041777778616,0,537.979611559616,0,0,3.5420444515011,0,0,0.578433192566157,8.11705014533402,3841.41645714257,0,1.10598966500972,0,4.42620791447713,0,1.96312255517594,0,1.00234514019477,42.0092222067131,8.67221049465437,0,4.97551489915596,4.01318464930229,0.919906621004537,0,0,4.43305184358641,0,1.06259824664879,"CC vs. CB","CB"
"LOC111134919",2.80021879290899,-43.575904183802,3.6254728210121,-11.743545265888,7.62228411415112e-32,6.68950709568188e-28,0,2.98289945199292,0,0,0,0,0,0,0,0.990877054563437,0,0,0,0,1.32500905858273,0,0,0,0,0,0.925711849269618,4.26404765991117,0,0,0,1.18009755392515,0,0,0,0,0,0,0,0,0,0,0.753747418497739,0,0,0,0,0,0,4.64556288294482,1.46955983290391,2.77479665154465,2.01360319697357,0,0,0,0,0,0,0,0,0,0,0,0,0,25.9665947487399,0,0,0,0,0,1.16445803367882,0,0,127.51360025404,4.8006898487724,0.683171244813408,0,0,0,0,0,3.05268255395668,0,0,0,55.1965493910964,0,0,0,16.3523057225388,0,0,1.83981324200907,0,0,3.32478888268981,0,0,"CC vs. CB","CC"
"LOC111133977",7.13014301366558,-39.2777898255185,4.33698391971102,-8.8259007951473,1.08582247924536e-18,3.46525437580986e-15,0,0,0,0,0,11.7554421554078,14.4363287373117,0,0,96.1150742926534,0,0,41.113069038391,0,10.6000724686618,20.9035390856085,0,0,8.79616303105429,0,0,0,0,33.4089598006,11.1203222341361,0,24.5876644176323,0,0,0,0,0,0,0,0,0,7.53747418497739,0,0,0,1.02228670120082,0,0,0,0,0,0,0,0,0,0,0,0,0,0,0,0,18.4904040927688,0,0,0,0,0,0,0,0,0,45.7371347528744,0,0,0,0,0,0.901894460592669,0,0,34.2856796153014,0,0,0,0,0,0,0,0,0,0,0,115.908234246572,120.317077845784,0,53.1966221230369,0,0,"CC vs. CB","CC"
"LOC111134744",75.1038630261985,-22.2553227074836,3.0412804045699,-6.98893882837795,2.76973142809835e-12,3.60116376975528e-09,0,0,0,0,0,466.69105356969,0,192.438737497197,0,0,0,0,105.418125739464,0,25.1751721130718,281.700074344153,0,211.71776533719,35.1846521242172,0,694.283886952213,0,0,0,54.489578947267,265.521949633159,793.510988023587,0,65.854320822895,7.65719610363446,0,0,0,0,0,0,0,443.383965326758,0,0,27.6017409324221,54.0168046238841,0,59.6180569977919,0,31.4476953841727,259.75481240959,171.254036642599,0,79.4382044719596,0,0,0,46.1901063725721,0,487.851274791124,0,272.073088793597,0,0,130.914915191563,51.5737422668964,0,282.483875743456,0,0,0,0,0,0,0,51.921014605819,0,9.92083906651935,40.5082343112442,0,253.271633287227,1.01756085131889,0,0,464.27848429911,0,0,129.680642464201,209.217078183537,0,52.2429064411375,0,48.7550509132405,0,0,201.703858883182,0,0,"CC vs. CB","CC"
"LOC111101368",96.2915968216762,20.1940717414954,4.2321210657333,4.53533144335267,5.75130946730614e-06,0.0021031220713519,235.319860083165,0,0,0,0,0,0,0,0,0,11.1190911108007,0,0,0,0,420.061594958419,0,48.049421920497,0,458.952873156911,0,0,98.6873814209336,1751.58403526003,0,0,0,0,0,0,1.05322326412181,45.5174502280254,0,0,0,0,0,0,0,0,0,0,0,0,0,0,0,0,3.05717182676051,0,0,0,0,0,0,0,0,0,0,0,0,0,0,0,0,0,0,1588.03586479166,23.3490281600949,0,0,1458.57060767663,1.15686638513231,0,0.686580242563462,274.112302850934,38.7096382753403,0,1467.73054444062,751.566883868305,6.87092894311579,0,66.154779252855,0,0,0,0,242.797671282789,56.1143038812767,0,0,0,2.15199795658636,0,"CC vs. CB","CB"
"LOC111100107",113.763243727633,-24.5152581343406,2.89415398141356,-8.12508881191433,4.47034963804397e-16,8.7184235579741e-13,0,0,1003.31393068016,0,1096.1647908416,0,3.28098380393449,0,1.09621758833576,0,0,0,0,0,13.2500905858273,0,0,22.523166525233,0.879616303105429,0.910620780073236,0,0.710674609985194,0,0,1024.18167776394,0,0,0,0,0,117.961005581643,0,0,0,0,0,0,0,0,0,4.08914680480328,1.05915303184086,0,4.64556288294482,1321.13428978061,467.090769676683,0,0,0,0.678959012580851,0,0,0,0,0,0,0,0,1.05817190781118,0,4.32776579145664,0,0,1.00528069659593,0,0,1509.13761164775,1135.98278874581,0,24.7943111605077,0,2.73268497925363,0,18.0378892118534,2.05974072769038,10.9099424020272,0,1.01756085131889,0,906.86803483355,6.87092894311579,0,39.0914604675961,47.4886859728062,0,67.8620687485361,36.0724830188807,18.0593309218603,797.559040410933,0,0,853.362479890384,2.15199795658636,124.323994857908,"CC vs. CB","CC"
"LOC111101255",156.059064749825,-24.6894791286257,3.4475383169334,-6.87141866190993,6.35665329867263e-12,7.43834380166342e-09,0,504.110007386803,0,13.0508080287739,3.46887592038481,17.6331632331117,0,466.612207587289,0,0,3.03247939385475,75.4680473566091,6.32508754436784,43.0293658567401,787.05538079814,0,0,0,0,121.11256374974,1690.34983676632,0,0,0,8.8962577873089,10.0308292083638,711.924647001444,0,95.2354793438789,1.09388515766207,0,0,629.298931126594,0,0,0,20.3511802994389,0,0,0,0,48.7210394646798,0,0,0,0,19.1292303712489,0,1301.33614092439,0,0,0,1.15624805085416,0,0,0,0,0,539.6676729837,772.841439453337,0,114.468549909453,0,0,0,944.481648527118,0,0,0,0,737.385960771441,0,0,809.901225612216,53.55325891995,0,0,978.893538968776,0,0,1465.47098743884,8.75067246444211,0,0,985.379917455103,0,98.2664192583302,0,0,0,582.069102362822,0,0,0,"CC vs. CB","CC"
"LOC111100764",1.60395120150547,17.3014862111572,3.55337180896348,4.5876106097415,4.48347894382213e-06,0.00165676345603027,0,0,0,0,1.1562919734616,0,0.656196760786898,0,0,0.990877054563437,0,0,0,0,0,0,0,0,0.879616303105429,0,0,10.6601191497779,0,0,0,0,2.23524221978475,1.04441132812802,0,0,0,0,0,0,1.99844348897375,0,0,0,0,0,0,111.211068343291,0,0,0,1.8498644343631,0,0,0,0,0,3.22335125292437,0,0,1.91105160429585,0,0,0,1.05817190781118,0.969688129803434,1.08194144786416,0,0,3.01584208978779,1.92408355555723,0,0,0,0,0,0,0,0,0,0.686580242563462,0,2.21197933001945,0,0,0,0,0,0,0,0,0,0,2.00659232465115,0,0,0,0,0,0,"CC vs. CB","CB"
"LOC111099607",12.5139327106077,18.4173919241021,4.02378889067755,4.32860480440594,1.50056921204217e-05,0.00501690306559432,147.192103717358,0,0,0,4.62516789384641,0,7.87436112944277,0,0,75.3066561468212,0,0,0,38.4999589244517,0,0,0,135.138999151398,0,0,76.8340834893783,0,0,0,0,0,0,2.08882265625603,0,0,0,0,0,0,7.99377395589499,0,0,0,0,0,0,0,0,0,2.93911966580782,0,0,4.65997378619316,0,0,0,0,0,0.923802127451442,0,0,0,0,0,0,169.864807314673,8.80527306995792,123.64187529531,0,0,0,0,0,0,0,0,0,0,243.511504360021,0,0,38.7096382753403,0,5.31144949737255,0,59.8752379328662,0,0,0,0,13.899459864158,7.46327234873394,0,0,0,1.15033419439293,0,0,0,"CC vs. CB","CB"
"LOC111100493",21.1660917123383,21.9241191221874,3.11649699392956,6.71398662117892,1.89377680571087e-11,1.95532455189648e-08,0,11.9315978079717,42.5133021474643,0.870053868584929,10.4066277611544,0,22.9668866275414,7.24231807785149,0,0,0,40.3913492894528,82.2261380767819,0,0,0,0,3.00308887003107,0,0,0,0,2.09973151959433,11.4545005030629,0,0,0,0,0,4.37554063064826,3.15966979236544,0,0,160.418266066404,75.9408525810024,13.1328034619227,0,0,0,0,0,0,0,0,0,0,17.1156271742753,4.65997378619316,0,0,8.39574850275181,0,0,0,0,4.94778169159355,270.552675814279,0,330.149635237087,0,0,0,0,0,0,5.7010964699826,0,0,58.3725704002374,0,0,0,30.6569592060063,0,0,152.739193628381,2.21197933001945,0,0,0,0,0,0,0,186.452525635069,0,0,0,0,3.16623889067852,410.669307398276,0,0,11.6885807131367,"CC vs. CB","CB"
"LOC111101738",15.6443365948256,-39.1744842839665,6.03854508534724,-6.32180164997002,2.5853110083524e-10,2.21359373044417e-07,0,0,0,0,0,0,284.789394181514,0,0,0,0,0,0,0,102.02569751087,0,0,0,0,2.73186234021971,0,2.84269843994078,0,0,0,2.3601951078503,0,0,0,0,0,0,0,0,0,0,0,0,0,0,0,0,0,129.301500241964,0,0,3.02040479546035,0,0,0,0,0,48.5624181358747,0,0,0,0,0,0,0,0,0,0,0,0,0,0,0,0,0,0,0,0,0,0,88.6432820164712,0,0,0.885241582895426,0,191.404449129654,0,0,66.6668091541317,0,345.033650745569,18.6581808718348,0,0,183.641855659354,0,0,0,0,"CC vs. CB","CC"
"LOC111099858",19.8636622079134,-22.0674379025633,3.21623802620909,-6.55033543254108,5.74079886755322e-11,5.4467768714988e-08,108.753401472698,114.344478993062,0,144.428942185098,0,239.811019970319,0,22.761571101819,0,0,184.98124302514,19.1327444002671,0,0,2.65001811716545,4.97703311562108,0,0,77.4062346732778,19.123036381538,3.70284739707847,0,0,0,0,0,289.463867462125,0,0,0,0,0,141.919046782259,0,0,0,0,6.2302196533034,0,0,4.08914680480328,85.7913955791101,0,0,0,0,0,0,0,0,0,0,0,0,0,0,0,7.04396346391191,205.285350115368,0,0,17.6105461399158,0,0,0,0,0,0,0,2.83363556120088,1.92027593950896,0,0,2.70568338177801,3.43290121281731,0,0,0,5.31144949737255,0,0,120.490028548857,9.02110626175296,0,0,0,11.1949085231009,5.01648081162786,0,0,5.75167097196465,0,0,0,"CC vs. CB","CC"
"LOC111101052",16.2680110165974,-20.2708433131853,2.01715003836242,-9.55350020905233,1.25386822036015e-21,6.28814912510618e-18,0,1.98859963466195,3.77896019088571,2.61016160575479,0,0,0,0,0,7.92701643650749,6.0649587877095,86.0973498012019,0,0,0,0,0,11.2615832626165,1.75923260621086,0,0,1.42134921997039,2.09973151959433,0.954541708588572,42.2572244897173,0,346.462544066637,0,0,0,14.7451256977054,0,0,5.57007868286126,0,0,3.01498967399096,1.03836994221723,0,0,6.13372020720492,0,0,3.09704192196322,1.46955983290391,1.8498644343631,0,11.6499344654829,2.03811455117367,2.03687703774255,7.34627993990784,0,16.1874727119582,0,6.68868061503547,0,29.694805882055,0,17.98892243279,1.93937625960687,0,0,5.41497264067049,2.01056139319186,114.482971555655,8.5516447049739,1.16445803367882,0,23.3490281600949,0,3.84055187901792,21.1783085892157,0,0,1.37316048512692,0,3.31796899502917,0,358.522841072647,4.53434017416775,0,2.69251460444373,274.642568413368,0,11.9242894301498,0,0,16.0527385972092,1.83981324200907,0,4.60133677757172,2.2165259217932,9.68399080463861,10.6259824664879,"CC vs. CB","CC"
"LOC111099988",35.5957598738578,25.9062410439693,5.63412626156799,4.42060399211534,9.84254045709344e-06,0.00352573859945169,0,0,0,0,0,0,0,0,0,0,0,0,340.500546138469,0,0,0,0,0,0,0,0,0,0,0,0,0,0,0,0,114.857941554517,220.123662201459,2.27587251140127,0,0,824.357939201671,56.9088150016652,0,0,0,0,0,21.1830606368173,15.5781393773995,0,0,0,0,2.32998689309658,0,0,0,0,0,0,0,96.9765211552336,237.55844705644,0,68.7811740077265,0,0,0,0,0,5.7722506666717,0,0,0,0,0,0,0,0,0,0,21.8198848040545,2.21197933001945,0,0,0,0,0,0,0,1242.29415335924,0,0,0,0,0,72.4710542467546,0,0,0,"CC vs. CB","CB"
"LOC111101887",13.2433766923836,-48.4291759529861,3.5050101789659,-13.5318226000072,1.01476120198983e-41,1.78115959979265e-37,0,0,0,0,0,0,17.0611157804593,0,0,127.823140038683,0,0,4.21672502957856,0,10.6000724686618,0,0,0,28.1477216993737,0,0,0,0,0,0,34.8128778407919,0,0,64.8411774256197,0,0,0,0,0,0,0,67.0835202462988,0,0,0,0,5.29576515920432,0,0,0,0,64.4353023031541,0,166.106335920654,0,0,0,0,30.4854702058976,0,0,0,0,0,21.3331388556756,25.9665947487399,37.7368845855339,1.8049908802235,0,97.1662195556402,109.271015674667,0,0,0,67.298844578521,0,7.51488369294749,0,36.9776728842994,0,0,0,7.12292595923226,0,0,0,0,11.0257965421425,0,81.3019733873847,28.6165350144429,0,19.0626270841859,0,71.7680815220465,0,0,0,0,"CC vs. CB","CC"
"LOC111100157",20.5905532711748,-23.675948939154,5.47508986012354,-4.14165785740041,3.44804435902757e-05,0.0110039633839694,0,0,352.388037800093,0,0,0,0,0,0,0,0,0,0,33.9705519921633,0,0,0,79.5818550558232,0,0,0,0,0,13.36358392024,0,7.0805853235509,0,0,495.427121267625,0,0,0,0,25.6223619411618,0,0,3.76873709248869,0,0,4.24490737897302,0,0,0,0,0,0,9.06121438638104,0,7.13340092910785,0,0,0,0,0,0,0,0,0,0,0,0,20.1263384456181,0,0,14.4306266666792,0,582.229016839411,0,0,0,0,0,0,0,0,128.19182322382,0,0,0,143.965300529826,0,0,0,0,0,0,14.9265446974679,0,0,0,0,0,0,0,"CC vs. CB","CC"
"LOC111102721",570.545955937268,-26.9350576492475,6.2970829170316,-4.11858284081054,3.81209529171381e-05,0.0120561806500552,0,0,0,6990.8828340799,0,6202.17128119316,0,0,0,0,7470.00757352887,0,0,0,0,0,0,0,0,0,0,0,0,0,0,0,6621.90507611233,0,0,141.111185338406,0,0,4178.20877862241,3.34204720971676,0,0,958.012968910626,0,0,0,0,6001.16107841034,0,0,0,685.374772931529,0,0,0,0,0,0,0,0,0,0,0,0,7013.56340497248,0,2.16388289572832,0,0,1084.69787162701,0,0,0,0,127.3583354187,0,0,0,0,0,0,0,593.916450110222,0,0,0,0,5555.33075761852,0,0,0,0,0,1.00329616232557,0,0,0,1.1082629608966,0,0,"CC vs. CB","CC"
"LOC111105605",22.731748338076,-43.0278385971244,4.26300592720428,-9.8587333245128,6.28370759100463e-23,4.41179109964435e-19,0,198.859963466195,0,0,0,5.8777210777039,18.3735093020331,0,0,346.806969097203,0,0,0,0,225.251539959064,4.97703311562108,0,0,0,0,12.9599658897746,0,0,0,0,0,0,0,47.6177396719395,0,0,0,24.2756264232811,285.188028562497,0,0,37.6873709248869,7.26858959552063,0,0,0,0,0,0,0,0,0,0,0,35.3058686542043,0,0,0,0,0,0,0,11.4464406288568,0,0,0,0,0,0,0,0,0,0,0,306.032640609695,0,34.1585622406704,0,0,0,10.9099424020272,0,0,0,0,0,0,214.501860001681,3.65297584406201,0,14.7170751502849,4.97551489915596,285.939406262788,0,0,0,0,0,0,"CC vs. CB","CC"
"LOC111103133",3.65289218299698,-16.200039059792,3.09064014469704,-4.91808762850389,8.73937914259122e-07,0.000390315400310245,0,1.98859963466195,0,0,123.723241160391,0,0,0,0,0,0,0,3.16254377218392,0,0,0,0,0,14.9534771527923,20.0336571616112,0,0,2.09973151959433,5.72725025153143,1.11203222341361,0,1.11762110989238,0,0,0,17.9047954900708,0,0,0,0,0,0,0,0,0.848981475794603,0,0,0,0.774260480490804,0,0,1.00680159848678,0,1.01905727558684,0,0,0,0,0,0,0,0,0,0,8.72719316823091,1.08194144786416,8.80527306995792,0,0,1.92408355555723,0,0,0,0,0,0,0,0.578433192566157,0,0.686580242563462,0,1.10598966500972,1.01756085131889,38.0653880645033,1.13358504354194,0,0,0,0,0,0,0,0,0,0,80.5233936075051,0,0,4.25039298659514,"CC vs. CB","CC"
"LOC111102657",3.1338094785947,-40.1308929639963,6.50087428873918,-6.0193277436204,1.75142927979571e-09,1.22967849734457e-06,0,0,0,0,0,0,0,0,0,41.6168362916643,0,0,15.8127188609196,0,0,0,0,0,19.3515586683194,12.7486909210253,0,0,0,3.81816683435429,1.11203222341361,0,0,0,44.5783094801135,0,0,0,0,0,0,0,0,0,0,0,0,0,0,0,0,0,0,0,0,26.4794014906532,0,0,0,0,0,0,0,0,0,0,0,15.0947538342136,0,0,0,0,0,0,0,0,0,0,0,0,63.8519625584019,0,0,0,0,0,0,0.673128651110932,0,14.6119033762481,0,0,0,0,0,34.8286277974637,0,0,0,0,"CC vs. CB","CC"
"LOC111104909",10.7097578172807,-47.1486837971129,8.11925501178755,-5.68385692161585,1.3169046326276e-08,7.83558256413423e-06,0,0,0,0,0,0,0,0,0,98.0968284017802,0,0,44.2756128105749,0,0,0,0,0,29.0273380024792,55.5478675844674,0,0,0,91.636004024503,0,0,0,0,113.472060494834,2.18777031532413,0,0,0,0,0,0,0,0,0,0,0,0,0,0,0,0,0,0,0,105.238646950032,0,0,0,0,0,0,0,0,0,0,0,80.5053537824724,0,0,0,0,0,0,0,0,0,0,0,0,157.226875547033,0,0,0,0,0,0,8.75067246444211,0,114.155495126938,0,0,0,0,0,106.59670931951,0,0,0,0,"CC vs. CB","CC"
"LOC111105384",14.756146660924,-16.573028301795,2.87900841480258,-5.40916387104858,6.3319672097288e-08,3.3679349832959e-05,0,0,109.589845535686,0,0,0,5.90577084708208,0,0,16.8449099275784,0,9.56637220013355,0,4.52940693228843,2.65001811716545,2.98621986937265,0,0,0,0,0,88.1236516381641,0,4.77270854294286,2.22406444682723,0,0,0,0,0,5.26611632060907,0,0,0,0,0,0.753747418497739,0,0,0,19.4234473228156,0,0,0,0,0.924932217181551,0,0,1.01905727558684,33.9479506290426,37.7808682623832,0,0,0,40.1320836902128,0,0,0,0,0,1.08194144786416,0,0,0,1.92408355555723,0,335.363913699501,0,0,8.50090668360265,0,0,0,5.41136676355601,67.2848637712192,2.72748560050681,0,96.668280875295,0.885241582895426,0,0,0.673128651110932,0,1.82648792203101,0,17.1699210086658,1.24387872478899,279.919629288835,29.4370118721452,0,23.0066838878586,0,0,127.511789597854,"CC vs. CB","CC"
"LOC111104405",88.416634237698,-23.8355405199607,2.9160379736504,-7.8310161686181,4.83942426679958e-15,8.49439944429995e-12,573.767945700784,0,341.995897275157,217.513467146232,0,257.444183203431,237.543227404857,0,0,0,709.600178162011,6.3775814667557,269.870401893028,217.411532749845,0,0,11.7729423363922,0,0,312.34292756512,0,0,13.6482548773632,67.7724613097886,0,0,341.992059627067,0,267.469856880681,0,47.3950468854816,0,282.90441562516,338.660783917965,0,0,0,0,0,0,0,331.514898966191,0,0,0,0,0,0,0,8.14750815097022,0,358.866439492247,0,2.77140638235433,282.835637435785,0,0,0,0,29.090643894103,11.9013559265058,0,5.41497264067049,0,0,0,331.870539598464,0,222.877086982725,92.0931557390287,290.921804835607,0,0,0,8.925543153325,0,0,1.01756085131889,193.867906654098,0,0,288.099062675479,0,8.21919564913953,0,317.234731017253,526.160700585742,0,22.9976655251134,0,410.669307398276,0,19.3679816092772,30.8153491528148,"CC vs. CB","CC"
"LOC111104945",24.7681968930606,-21.8743539168958,4.27215247169082,-4.8861444096901,1.02829787860862e-06,0.000440224354006776,0,0,145.4899673491,0,0,0,3.28098380393449,0,0,0,0,0,0,0,0,0,0,134.38822693389,0,0,0,0,0,0,0,32.4526827329416,0,0,4.05257358910123,0,341.244337575468,0,0,0,0,0,125.122071470625,0,0,0,0,0,0,0,0,131.34037483978,69.469310295588,0,171.201622298589,3.39479506290426,0,0,0,0,0,0,0,0,0,0,0,0,0,99.522788962997,142.382183111235,0,143.228338142495,93.6015780989056,0,0,94.093521035939,0,0,0,1.37316048512692,1.3637428002534,0,0,0,0,0,142.703274035517,0,0,67.2096313335714,14.7170751502849,0,287.945998587439,0,0,0,0,0,78.6322702520102,"CC vs. CB","CC"
"LOC111105463",124.070565622435,35.73587313052,6.58366804327258,5.27606691318744,1.3198591187785e-07,6.43522977287765e-05,0,0,0,0,0,0,851.743395501393,0,0,0,0,0,0,0,0,0,0,0,0,0,0,1194.64401938511,0,0,0,1.18009755392515,0,0,0,0,0,0,0,0,787.386734655657,0,0,0,0,0,0,0,0,0,0,0,0,0,1134.21074772815,6.11063111322766,0,0,0,1273.92313375554,0,0,0,0,0,840.719608539578,0,0,1147.07170438203,0,1600.83751822362,1029.04791283186,0,0,0,0,0,0,0,0,0.686580242563462,1.3637428002534,896.957618322886,0,896.749723473066,0,0,0,0,0,0,0,0,0,0,0,0,0,0,0,"CC vs. CB","CB"
"LOC111103410",9.04828850692391,-22.2079496311553,3.67360957488432,-5.77305486575098,7.78470792826861e-09,4.88003878253339e-06,0.937529323040497,0,0,0.870053868584929,0,0,0,82.7693494611599,0,0,0,0,0,0,0,0,0,156.911393459123,0,89.2408364471771,0,0,0,5.72725025153143,10.0082900107225,0,0,0,0,0,0,0,0,0,0,0,0,0,0,16.9796295158921,0,0,0,114.590551112639,0,0,0,20.9698820378692,3.05717182676051,0,0,0,0,23.0950531862861,0,0,0,0,0,0,19.4749460615549,0,0,0,0,0,0,68.0738749810223,0,0,0,0,0,0,0,0,99.5390698508752,0,52.2292533908301,3.40075513062581,7.85249022070376,0,10.0234514019477,5.47946376609302,19.5124736129723,0,3.73163617436697,0,34.9564515981724,0,0,1.1082629608966,0,0,"CC vs. CB","CC"
"LOC111104012",4.17267256388363,-19.1037451574249,2.66269981290502,-6.79901845100354,1.0533432817412e-11,1.19282631953305e-08,0,0,0.944740047721428,8.70053868584929,0,0,0,0,0,0.990877054563437,2.0216529292365,18.0698141558078,0,0,2.65001811716545,0,0,1.50154443501553,0,0,0,0,0,0,5.56016111706806,0,26.822906637417,0,1.01314339727531,2.18777031532413,12.6386791694618,0,7.46942351485571,0,0,0,1.50749483699548,0,0,0,4.08914680480328,5.29576515920432,0,0,0,0,0,3.49498033964487,0,0,0,0,0,0,0,0,0,0,0,0,0,0,0,5.02640348297965,3.84816711111446,1.9003654899942,9.31566426943058,0,0,0,3.84055187901792,0,0,0,0,16.3649136030408,0,0,185.900732408039,2.26717008708388,0,12.7894443711077,24.0562833646746,0,7.58818418282257,0,0,10.0329616232557,0,0,0,2.2165259217932,0,2.12519649329757,"CC vs. CB","CC"
"LOC111103543",3.91501244764922,41.173192306569,4.64252496771048,8.65330667815039,5.00283532440634e-18,1.46011967548199e-14,0,1.98859963466195,0,0,0,0,0,0,0,0,0,0,0,0,0,0,4.28106994050627,0,1.75923260621086,0,0,0,159.579595489169,4.77270854294286,0,0,0,0,0,0,65.2998423755524,0,0,0,1.99844348897375,0,0,0,0,0,0,0,0,0,1.46955983290391,0.924932217181551,0,0,12.228687307042,65.8590242203426,0,0,0,0,0,0,0,0,0,0,0,0,0,1.00528069659593,0,0,0,0,0,0,0,0,0,0,0,24.5473704045613,0,0,0,2.26717008708388,0,0,0,0,0,0,0,4.01318464930229,0,6.33247778135704,0,0,9.68399080463861,0,"CC vs. CB","CB"
"LOC111105584",3.1902901952461,-18.3747238659834,2.6445930526688,-6.56990452593441,5.03475337457633e-11,4.90958381151395e-08,0,0.994299817330973,102.976665201636,8.70053868584929,0,11.7554421554078,0,0,0,0,1.01082646461825,0,0,0,0,0,11.7729423363922,0,3.51846521242172,3.64248312029294,0,0,14.6981206371603,19.0908341717714,0,0,0,0,0,4.37554063064826,0,0,0,0,0,0,0,1.03836994221723,0,0.848981475794603,0,0,0,9.29112576588965,0.734779916451954,0,24.1632383636828,0,0,1.3579180251617,0,0,0,0,0,1.97911267663742,0,0,0,0,0,0,0,3.01584208978779,0,0,10.4801223031094,0,0,1.41681778060044,0,0,0,0,0,0,28.7557312902528,2.03512170263779,7.08193266316341,0,0.981561277587971,2.01938595333279,0,0,0,3.27046114450776,0,0,1.83981324200907,2.11082592711901,0,0,4.30399591317271,10.6259824664879,"CC vs. CB","CC"
"LOC111105560",5.9913475464203,-17.2713849109806,3.47320673921339,-4.68483051333298,2.80191690379172e-06,0.00111774196485918,0,0,0,1.74010773716986,0,1.17554421554078,0,0,0,0,2.0216529292365,0,0,0,53.0003623433091,0,0,0,0,0,0,0,0,0,1.11203222341361,50.1541460418188,1.11762110989238,0,0,1.09388515766207,0,0,2.80103381807089,132.567872652098,0,0,0,0,0,0.848981475794603,0,0,0,0,0.734779916451954,1.8498644343631,0,0,0,0,0,0,0,0,0,0,0,0,0,0,0,0,0,2.01056139319186,0,0,0,0,0,7.08408890300221,0,0,0,0,0,53.1859692098827,0,0,144.294378011954,73.683027830226,0,1.34625730222186,0,0,0,0,0,4.01318464930229,2.75971986301361,17.9420203805116,0,6.64957776537961,0,0,"CC vs. CB","CC"
"LOC111104594",8.70395128257631,-18.6055418501688,3.54679431705206,-4.96378991178767,6.91307219155798e-07,0.000319320262216635,1.87505864608099,13.9201974426336,6.61318033405,0,0,0,0,0,0,0,0,44.6430702672899,134.935200946514,0,10.6000724686618,0,2.14053497025314,0,0,0,0,1.42134921997039,9.4487918381745,0,4.44812889365445,0,0,0,0,0,0,0,0,0,0,0,8.29122160347513,0,0,0,16.3565872192131,0,0,0,0,0,26.1768415606563,0,0,0,0,0,12.7187285593958,0,0,0,0,0,0,0,41.1137750188381,0,0,6.03168417957558,71.1910915556176,5.7010964699826,0,0,0,0,0,0,0,0,0,215.471362440038,0,1.01756085131889,0,164.369831313581,0,0,0,0,0,0,0,0,0,0,5.75167097196465,0,9.68399080463861,4.25039298659514,"CC vs. CB","CC"
"LOC111105793",11.4064418824751,20.8261736906311,4.03208776813229,4.91709874158192,8.78362530252367e-07,0.000390315400310245,11.250351876486,0,522.44124638995,0,0,0,0,0,0,0.990877054563437,2.0216529292365,0,0,0,0,0,0,0,0,0,0,0,3.1495972793915,0.954541708588572,0,0,0,0,0,0,0,39.8277689495222,0,0,0,0,0,0,0,0,0,0,0.973633711087469,0,0,1.8498644343631,0,51.2597116481247,0,0,0,0,0,0,0,0,0,0.880495432988988,0,0,36.7860092273815,0,0,0,0,0,301.594630722815,0,0,0,0,0,0,0,0,0,24.3317726302139,0,0,0,0.981561277587971,0,0,0,8.67221049465437,0,0,35.115365681395,25.757385388127,0,1.15033419439293,2.2165259217932,0,0,"CC vs. CB","CB"
"LOC111107718",4.98196258044364,-19.6928587002909,2.53050778564804,-7.38699908623431,1.50179629955486e-13,2.39638904981242e-10,0,0,175.721648876186,0,0,0,0,0,0,0,2.0216529292365,0,9.48763131655176,9.05881386457687,1.32500905858273,1.99081324624843,1.07026748512657,0,0,5.46372468043942,0,0,0,16.2272090460057,2.22406444682723,0.590048776962575,2.23524221978475,0,1.01314339727531,2.18777031532413,0,0,0,0,0,0,0,5.19184971108616,0,0,0,0,0,31.744679700123,2.20433974935586,0,0,1.16499344654829,0,0,3.14840568853193,0,0,0,0,0,8.24855718945973,0,0,1.93937625960687,0,0,3.609981760447,0,0,0,1.16445803367882,0,7.42923623275748,1.41681778060044,0,1.36634248962682,0,0,0.686580242563462,0,91.7971421958071,0,36.2949048987125,4.53434017416775,3.92624511035188,0,26.0609736450641,0,0,3.27046114450776,2.48775744957798,0,0,0,0,0,0,0,"CC vs. CB","CC"
"LOC111105680",54.1252349262412,41.0488665360436,7.68399897951671,5.21198228198652,1.86833397054825e-07,8.74504853814619e-05,0,0,0,0,0,0,0,861.835851264328,0,0,0,0,0,0,0,0,0,0,0,231.297678138602,0,267.213653354433,0,360.81676584648,0,0,0,0,0,0,0,0,0,0,0,384.353381318939,0,0,429.813373407306,0,0,0,0,0,0,0,0,1043.83412810727,0,0,0,435.15241914479,0,0,0,0,0,1.76099086597798,0,0,0,0,0,0,0,0.9501827449971,0,0,0,0,0,825.954034979411,0,0,0,0,0,0,99.1470572842877,0,0,144.72265998885,0,0,0,0,0,0,0.919906621004537,0,0,0,0,0,"CC vs. CB","CB"
"LOC111110363",12.5527225362602,-22.8181984423533,4.55184717501148,-4.79326251595833,1.64090677554775e-06,0.000685762289947662,11.250351876486,0,141.711007158214,0,0,0,0,0,0,0,0,36.1396283116156,0,79.2646213150476,0,0,0,0,0,0,0,0,18.897583676349,0,254.655379161717,0,0,0,1.01314339727531,0,0,0,0,310.810390503658,0,0,0,0,0,0,0,0,0,0,0.734779916451954,0,0,0,0,0,0,0,0,0,0,0,0,0,0,0,55.1790138410722,0,0,0,0,0,143.228338142495,0,0,0,0,0,0,0,0,0,0,0,1.77048316579085,0,0,43.0802336710996,0,3.65297584406201,0,0,4.97551489915596,32.1054771944183,0,0,0,1.1082629608966,0,40.3787333726539,"CC vs. CB","CC"
"LOC111108859",16.8391248869831,-21.3946694927579,3.27246542635567,-6.23220319716872,4.59920364212338e-10,3.75476846178468e-07,0,4.97149908665487,0,0,0,0,0.656196760786898,0,0,7.92701643650749,0,1.06293024445928,0,0,0,2.98621986937265,0,13.5138999151398,0,0,0,0,269.815500267872,0,2.22406444682723,0,0,0,0,0,0,0,3.73471175742785,315.266453449948,0,0,0,0,0,0,0,0,0,102.202383424786,0,0,0,22.1348754844175,0,0,6.29681137706386,0,0,0,3.8221032085917,0,0,5.28297259793393,0,5.81812877882061,3.24582434359248,0,0,0,28.8612533333585,0,0,0,0,10.6261333545033,0,0,10.4117974661908,0,0,718.692455733544,17.6958346401556,0,0,0,1.96312255517594,0.673128651110932,0,0,0,0,0,22.0725155711626,0.919906621004537,0,0,0,0,0,"CC vs. CB","CC"
"LOC111109743",4.81588011928125,-18.1205538203938,4.03736613471613,-4.24052544384796,2.22997154127208e-05,0.00738520292041098,0,0,0,0,6.93775184076961,0,0,0,0,0,0,21.2586048891857,0,0,0,1.99081324624843,0,0,0,0,0,0,0,9.54541708588572,0,0,55.8810554946188,0,0,0,2.10644652824363,0,0,0,0,0,4.52248451098643,0,0,0,0,0,0,2.32278144147241,0,0,0,0,2.03811455117367,0,0,0,2.31249610170832,0,0,0,0,0,0,0,0,0,0,1.00528069659593,7.69633422222893,0,0,0,2.122638923645,0,0,0,0,0,0,0,4.4239586600389,2.03512170263779,269.998682783105,0,0,0,48.1125667293491,0,0,0,0,2.00659232465115,0,0,0,0,0,6.37558947989272,"CC vs. CB","CC"
"LOC111108256",9.84726608313887,-15.8026595918288,3.92267736830029,-3.77361128688564,0.000160901395745293,0.0459223048588497,0,0,0,5.22032321150957,4.62516789384641,0,0,0,0,0,0,0,4.21672502957856,0,0,0,6.42160491075941,4.5046333050466,0,0,0,0,0,0,0,0,0,0,0,2.18777031532413,0,0,0,76.8670858234854,0,0,0,0,0,0,0,0,0,1.54852096098161,0,0,0,4.65997378619316,0,0,67.1659880220145,0,0,0,0,0,0,0,0,0,205.568875094191,0,31.5873404039112,1.00528069659593,0,1.9003654899942,0,0,0,0,3.84055187901792,0,0,307.5460110621,0,0,0,0,0,89.5532184398131,0,0,30.0703542058432,0,2.16805262366359,0,0,0,1.83981324200907,0,0,73.1453554191758,0,0,"CC vs. CB","CC"
"LOC111106218",30.818081806869,-22.9515544351213,4.48259342871845,-4.89706567954283,9.72783312331022e-07,0.000426869477242257,0,0,0,158.349804082457,0,0,126.645974831871,0,0,204.120673240068,187.002895954376,0,166.560638668353,0,0,0,0,0,265.64412353784,97.4364234678362,0,0,194.225165562476,0,118.987447905257,0,0,0,146.90579260492,0,0,0,0,0,0,0,0,0,0,0,0,0,0,0,0,209.03468108303,0,0,0,0,0,0,0,0,3.8221032085917,0,0,0,0,0,0,119.500134520857,0,0,0,0,0,152.102564410722,122.051738109587,0,88.3326932174122,0,0,0,4.11948145538077,0,0,0,0,130.362280007323,0,0,0,0,0,134.088906924818,0,0,34.9564515981724,70.712668558487,0,55.4131480448301,106.523898851025,0,"CC vs. CB","CC"
"LOC111110569",13.1197862814094,-19.8750516268951,4.34571548578937,-4.34337031234952,1.40313321965876e-05,0.004736249199627,428.450900629507,0,0,6.0903770800945,0,0,0,0,0,0,1.01082646461825,0,0,97.3822490442013,0,0,0,0,0,0,30.5484910258974,0,0,0,0,0,0,0,12.1577207673037,0,0,0,0,0,0,0,0,0,0,0,11.245153713209,0,0,20.9050329732517,0,0,0,0,0,101.164892874547,0,0,0,0,15.2884128343668,0,0,0,50.7922515749365,11.6362575576412,0,192.458111386223,0,0,14.4306266666792,0,0,0,0,0,0,0,0,0,8.23896291076154,0,0,0,0,0,26.5021544948752,0,12.0281416823373,0,0,0,160.46035549778,27.0889963827905,0,0,0,0,5.37999489146589,0,"CC vs. CB","CC"
"LOC111108014",29.6066623730403,21.7794620427912,5.43820302755372,3.82101623229365,0.000132902903397601,0.0388796368647732,0,0,0,0,0,0,15.7487222588855,0,1.09621758833576,0.990877054563437,0,47.8318610006678,0,0,0,0,457.004216149044,0,0,0,0,0,0,0,0,2.3601951078503,0,0,0,346.761594978875,0,0,0,0,0,0,0,0,87.0372081149796,0,0,0,0,0,0,0,0,0,0,118.817827201649,0,47.2758183762241,287.905764662686,0,0,0,354.687959146768,0,14.8144067093565,0,0,0,0,0,0,0,0,0,0,23.3774933799073,0,0,0,0,88.5688512906865,0,0,2.03512170263779,1.77048316579085,371.815894281756,0,0,0,0,0,0,0,0,0,0,0,513.125750895127,0,0,"CC vs. CB","CB"
"LOC111106476",5.64855732756552,-18.1430525823488,3.70430156101988,-4.62787715847544,3.69433027924917e-06,0.00140966809188089,0,0,0,0,0,1.17554421554078,59.0577084708208,86.9078169342179,0,0,0,159.439536668892,5.2709062869732,0,0,7.96325298499372,0,9.76003882760096,0,0,0,0,0,0,8.8962577873089,0,6.70572665935426,0,0,0,0,0,0,6.68409441943352,0,0,2.26124225549322,0,0,0,0,0,0,0,0,0,0,2.32998689309658,0,0,0,0,12.7187285593958,0,0,4.94778169159355,0,1.76099086597798,0,0,0,0,0,0,0,8.5516447049739,0,0,0,0,14.4020695463172,0,0,0,0,39.5485412073487,0,0,0,0,3.92624511035188,0,2.00469028038955,3.65297584406201,59.6214471507488,0,0,0,0,0,0,0,0,23.3771614262733,"CC vs. CB","CC"
"LOC111106942",16.0012193881414,-17.6544550937458,3.60754947776461,-4.61655625138249,3.90160302141842e-06,0.0014727502587838,0,0,0.944740047721428,0,9.25033578769282,9.40435372432625,3.93718056472139,0,0,0,0,8.50344195567427,0,113.235173307211,0,0,0,3.00308887003107,0,0,3.70284739707847,0,191.075568283084,0,6.67219334048168,0,0,0,0,0,16.851572225949,0,0,148.16409296411,0,0,0,0,0,0,0,0,0,0,0,0,0,0,0,0.678959012580851,69.2649251477024,0,0,0,0,0,181.468258168114,0,0,0,0,0,1.8049908802235,0,0,0,0,0,11.6745140800475,0,11.5216556370538,0,30.6569592060063,0,0,0,0,67.159016187047,0,2.26717008708388,0,0,6.01407084116864,0,169.10810464576,0,0,0,0,0,55.2160413308606,0,0,382.535368793563,"CC vs. CB","CC"
"LOC111110626",64.7108201363959,-23.699380659689,4.86285375032776,-4.66791349794533,3.0427394666105e-06,0.00120017268511642,0,0,0,349.761655171141,0,0,323.505003067941,243.134964042157,0,303.208378696412,213.284384034451,0,0,0,0,0,282.550616073414,0,236.61678553536,0,0,0,0,0,157.908575724733,0,0,0,306.982449374418,156.425577545675,410.757073007507,0,0,0,0,0,0,0,0,0,0,0,0,0,0,358.873700266442,0,0,0,0,0,0,0,0,0.955525802147924,0,156.722586599735,0,0,0,346.221263316532,0,0,0,0,0,0,265.913574144618,178.30166958618,1.41681778060044,0,0,0,0,0,364.119327667659,0,0,0,163.236246270039,0,0,0,0,0,0,0,0,0,320.84554092209,0,330.262362347187,321.72369450966,290.089321335119,"CC vs. CB","CC"
"LOC111106042",25.3397519349011,-17.4668660219342,2.71071321704933,-6.07473557821019,1.24192192123216e-09,8.89748347854182e-07,135.941751840872,0.994299817330973,0,0,1.1562919734616,165.75173439125,5.90577084708208,0,5.48108794167878,0,2.0216529292365,0,0,0,1.32500905858273,84.6095629655583,2.14053497025314,0,100.276258554019,0,119.416828555781,49.7472226989636,0,0,0,0.590048776962575,128.526427637623,0,26.341728329158,1.09388515766207,213.804322616728,0,14.0051690903545,1.11401573657225,0,0,0,72.6858959552063,0,0,0,0,0,0,0,0,0,2.32998689309658,77.4483529445996,109.312401025517,0,49.4247192115071,4.62499220341664,0,33.4434030751773,0,0,0,0,0,0,0,0,0,0,151.079056454539,0,0,0,4.25045334180132,225.632422892303,0,2.89216596283078,0.901894460592669,2.05974072769038,9.54619960177383,0,0,0.885241582895426,0,1.96312255517594,0,2.00469028038955,155.251473372636,169.10810464576,0.817615286126941,113.192963955798,0,0,0,0,0,1.07599897829318,131.76218258445,"CC vs. CB","CC"
"LOC111108632",8.83242782720707,16.748249664496,2.81620135481318,5.59201835393645,2.24445087393672e-08,1.25065790364363e-05,8.43776390736448,0,0,1.74010773716986,2.3125839469232,0,0,0,0,0,152.634796157356,0,5.2709062869732,0,2.65001811716545,2.98621986937265,0,1.50154443501553,0,0,0,0.710674609985194,0,6.68179196012001,0,0,0,0,0,167.364429122296,24.2241350748017,0,0,1.11401573657225,2.99766523346062,0,0,0,0,0,0,0,0,0,0,0,0,0,3.05717182676051,1.3579180251617,0,0,0,3.69520850980577,5.73315481288754,0,168.270566664978,0,0,0,0,0,0,0,0,6.6512792149797,1.16445803367882,0,212.2638923645,0,0,6.83171244813408,2.31373277026463,0,4.11948145538077,0,2.21197933001945,0,10.6228989947451,0,0,2.01938595333279,4.00938056077909,4.56621980507752,5.42013155915898,0,0,0,0,0,0,0,0,5.31299123324393,"CC vs. CB","CB"
"LOC111106152",9.56642655041872,-20.1850770432048,4.16459489424881,-4.60670906303489,4.0909174306598e-06,0.00152778357875864,0,0,1.88948009544286,0,1.1562919734616,0,0,0,0,0,0,87.1602800456612,0,0,0,0,0,6.00617774006213,0,0,0,0,8.39892607837733,1.90908341717714,17.7925155746178,0,344.227301846852,0,0,0,0,0,0,0,0,0,1.50749483699548,0,0,0,0,0,0,15.4852096098161,0,0,0,0,0,0.678959012580851,0,0,0,0,0,0,0,0,0,0,0,0,0,0,22.1269608889082,0,0,0,6.36791677093499,0,0,0,1.73529957769847,0,0,0,5.52994832504862,0,286.818272858118,0,0,0,84.1969917763609,0,0,0,0,2.00659232465115,0,0,0,0,0,4.25039298659514,"CC vs. CB","CC"
"LOC111110547",4.01469443145811,-19.5248746769189,4.6402028074965,-3.9922553917236,6.54478299302441e-05,0.0198064316353553,0.937529323040497,0,150.213667587707,0.870053868584929,0,0,0,0,0,0,0,0,1.05418125739464,0,13.2500905858273,0,10.7026748512657,0,0,4.55310390036618,0,0,0,56.3179608067258,0,0,0,0,0,0,0,0,0,0,0,0,21.1049277179367,0,0,0,0,0,0,3.09704192196322,0,0,0,0,0,0,0,0,0,0,0,0,0,0,0,0,4.32776579145664,0,0,0,0,0,8.15120623575176,0,0,0,0,0,0,0,13.7316048512692,0,57.5114625805056,0,27.4424890697582,0,0,0,2.00469028038955,0,0,0,0,0,0,2.11082592711901,0,0,0,0,"CC vs. CB","CC"
"LOC111108308",11.3103779542938,-21.0683460293999,3.74400884078798,-5.36012250045228,8.31655385604135e-08,4.29342092818135e-05,0,0,501.656965340078,0.870053868584929,0,0,0,0,0,0,0,1.06293024445928,13.7043563461303,0,3.97502717574818,11.9448794774906,8.56213988101254,9.0092666100932,0,22.7655195018309,0,0,0,141.272172871109,0,0,0,0,0,0,0,0,0,0,0,0,64.8222779908055,0,0,0,0,0,0,17.8079910512885,0,3.6997288687262,0,0,0,0,0,0,0,0,0,0,0,0,0,0,0,0,3.609981760447,2.01056139319186,0,0,50.0716954481894,0,0,3.5420444515011,0,0,0,0,17.85108630665,0,81.8432352107196,0,91.1798830382289,0,0,0,5.01172570097386,0,0,0,0,0,0,0,6.90200516635758,0,0,0,"CC vs. CB","CC"
"LOC111110117",13.3899607853439,23.1862801846553,3.19566087801043,6.94262659011182,3.84875792156302e-12,4.82538024415963e-09,11.250351876486,1.98859963466195,67.0765433882214,0,0,0,0,0,0,0,2.0216529292365,0,1.05418125739464,0,0,0,0,10.5108110451087,0,233.118919698748,0,0,1.04986575979717,5.72725025153143,0,0,7.82334776924663,2.08882265625603,0,0,0,92.1728367117514,0,0,120.905831082912,0,0,0,0,0,2.04457340240164,0,0,0,0,0,0,287.753381297428,14.2668018582157,0,0,0,1.15624805085416,0,0,0,0,0,0,0,9.73747303077745,0,0,3.01584208978779,0,0,0,2.12730859315695,0,0,0,1.36634248962682,0,0,0,5.45497120101362,0,0,1.77048316579085,315.136642104659,9.81561277587971,2.69251460444373,0,0,45.5291050969354,0,0,0,0,0,0,0,0,0,"CC vs. CB","CB"
"LOC111105983",45.3856543963176,-23.3214610862023,3.09122175134997,-7.2209187440061,5.16375028256912e-13,6.97205591036881e-10,0,1.98859963466195,0,143.558888316513,0,0,2.62478704314759,148.984829030088,0,123.85963182043,140.504878581937,0,100.147219452491,124.558690637932,0,0,2.14053497025314,0,222.542924685674,0,0,4.97472226989636,0,0,359.186408162597,0,0,0,0,99.543549347248,0,0,7.46942351485571,0,0,0,0,0,0,0,98.1395233152787,0,0,0,0,202.56015556276,0,0,3.05717182676051,19.0108523522638,0,88.1049342465995,5.7812402542708,2.77140638235433,0,6.92689436823097,140.225472220815,0,0,0,0,359.758299715423,1.8049908802235,194.019174443014,0,0,0,212.730859315695,235.612920524595,0,168.024144707034,0,0,0,49.4337774645692,107.735681220019,131.612770136157,0,0.885241582895426,58.9464222641808,0,0,0,0,0,0,0,0,185.821137442916,134.037446372057,0,278.174003185047,98.9919060029724,0,"CC vs. CB","CC"
"LOC111109737",3.44599691345579,-18.9567764142122,3.02966919413382,-5.92697593815884,3.0856416846588e-09,2.04380096867825e-06,0,1.98859963466195,0,0,2.3125839469232,0,0,0,0,0,0,18.0698141558078,0,0,0,0,0,3.00308887003107,0,0.910620780073236,0,0,0,0,2.22406444682723,0,65.9396454836502,0,0,0,2.10644652824363,0,6.53574557549875,0,0,0,3.76873709248869,0,0,0,0,0,0,0,0,0,0,4.65997378619316,1.01905727558684,0,0,0,2.31249610170832,0,0,0,0,0,14.8144067093565,0,0,0,1.8049908802235,0,15.3926684444579,0,0,0,1.0613194618225,0,0,0,0,0,0,0,0,0,119.507613690882,2.26717008708388,0,0,35.0820799068171,4.56621980507752,0,0,2.48775744957798,2.00659232465115,3.67962648401815,0,0,0,2.15199795658636,4.25039298659514,"CC vs. CB","CC"
"LOC111107249",10.1025156546343,-15.7087438272756,2.19741229257244,-6.69366594379815,2.17647958988899e-11,2.18300902865866e-08,3.75011729216199,0.994299817330973,0,1.74010773716986,0,0,0,0,0,206.102427349195,1.01082646461825,0,2.10836251478928,0,2.65001811716545,4.97703311562108,0,0,1.75923260621086,248.599472959993,0.925711849269618,2.13202382995558,0,0.954541708588572,0,1.18009755392515,2.23524221978475,0,0,0,0,0,0,408.843775322017,0,0,0.753747418497739,4.15347976886893,0,2.54694442738381,0,0,0,1.54852096098161,0,0,0,0,1.01905727558684,1.3579180251617,0,0,2.31249610170832,0,0,0,0,0,0,3.87875251921374,1.08194144786416,0,0,4.02112278638372,3.84816711111446,0.9501827449971,1.16445803367882,2.12730859315695,0,0,0,0,0,0,0,0,2.21197933001945,0,3.5409663315817,0,9.81561277587971,0,1.00234514019477,0,0,4.90569171676164,0,1.00329616232557,0,0,0,0,4.30399591317271,2.12519649329757,"CC vs. CB","CC"
"LOC111111518",513.297286610739,-26.3859606094055,4.32864872261122,-5.86463865196519,4.50111841257266e-09,2.87294112497024e-06,0,0,0,0,0,0,0,0,1.09621758833576,0,0,0,0,0,11089.0008112788,2507.4292836499,2218.66449666738,0,0,771.295800722031,2471.65063754988,0,639.368247716474,1719.12961716802,1674.7205284609,1243.82282183711,0,0,0,0,0,0,0,0,0,0,1218.05582829235,2982.19847404789,0,0,0,6.35491819104519,0,0,0,0,0,0,0,4.75271308806596,0,0,1.15624805085416,0,0,2905.33740930373,6.59884575156778,0,0,1603.86416669488,0,0,0,0,1763.4225786682,229.944224289298,0,1592.29048197797,0,560.351432227475,0,0,0.578433192566157,0,0,0,0,0,709.078507899236,0,5370.12174968379,0,0,0,0,0,0,401.318464930229,1895.00763926935,2656.47442927928,5.75167097196465,1.1082629608966,0,0,"CC vs. CB","CC"
"LOC111112775",60.5684028638858,-21.2971951901574,4.49601324985129,-4.51448740522033,6.34700938355123e-06,0.00229702849906769,0,0,0,0,0,30.5641496040603,0,0,0,0,0,0,0,0,0,95.5590358199247,649.652363471827,4.5046333050466,0,0,0,0,0,523.088856306538,0,683.866532499624,26.822906637417,0,0,0,549.782543871587,0,0,0,0,0,0,64.3789364174684,0,0,0,0,0,66.5864013222092,0,0,746.039984478706,0,780.597873099517,0,0,0,0,0,1.91105160429585,0,0,0,0,0,0,0,0,0,783.102007111794,0,0,0,0,1.41681778060044,1.92027593950896,0,0,0,0,6.81871400126702,0,0,0,0,42.2071349362827,0,1.00234514019477,0,0,0,0,0,0.919906621004537,0,0,0,632.687399236389,0,"CC vs. CB","CC"
"LOC111114729",111.188325658006,23.254274163704,2.32017694987668,9.59162798548053,8.67059455711749e-22,5.07302036546016e-18,92.8154029810092,65.6237879438442,231.46131169175,313.219392690574,72.8463943280809,190.438162917607,225.731685710693,0,63.5806201234738,0,75.8119848463687,476.192749517759,0,18.1176277291537,186.826277260165,91.5774093274278,159.469855283859,0,75.6470020670669,0,385.096129296161,341.123812792893,362.203687130022,0,0,0,150.878849835471,0,0,343.479939505889,162.196382674759,0,0,0,0,163.722283158637,0,537.875630068527,134.316679189783,0,350.644338511881,0,0,0,0,0,0,0,0,167.023917094889,0,0,0,12.0094276568688,311.501411500223,355.250725456417,62.6890346398939,444.650193659439,94.1772997951947,0,0,0,0,0,338.638705778073,0,33.7692829766859,142.529675741515,165.56583604431,407.335111922627,0,176.941352406673,94.8630435808497,121.75575218001,0,126.828080423567,0,6.10536510791337,249.63812637651,211.980403142342,124.658282253672,0,231.541727384993,4.56621980507752,0,196.227668670466,160.46035549778,483.588750240926,125.107300456617,0,0,0,160.323847765684,171.078317710455,"CC vs. CB","CB"
"LOC111113513",58.4325955826152,24.3625242781996,2.49371636881698,9.36855713437965,7.35308030089018e-21,3.22662354953437e-17,192.193511223302,79.5439853864778,62.3528431496143,240.13486772944,137.598744841931,0,0.656196760786898,0,357.366933797456,0,0,2.12586048891857,2.10836251478928,0,0,0,0,190.696143246973,0,134.771875450839,0,0,0,0,0,46.6138533800434,135.232154296978,0,0,0,0,2.27587251140127,0,184.926612270994,0,0,0,199.367028905709,0,0,186.056179618549,1.05915303184086,627.993743651418,0,311.546684575629,0,50.3400799243391,154.944128390923,3.05717182676051,169.739753145213,134.331976044029,0,0,0,0,0,0,191.948004391599,0,1.93937625960687,16.2291217179624,0,170.571638181121,70.3696487617151,0,0,82.6765203911964,0,209.079933979032,4.25045334180132,0,2.04951373444022,177.57899011781,0,258.840751446425,0,22.1197933001945,0,28.3277306526536,0,0,366.855114855458,19.0445576637007,7.30595168812403,0,3.27046114450776,0,7.02307313627901,0,10.5541296355951,232.367507267372,0,3.22799693487954,0,"CC vs. CB","CB"
"LOC111113550",11.0482778139214,18.3068130015521,2.8027783871972,6.17487742898539,6.62148197239069e-10,4.94568350299522e-07,0,0,0.944740047721428,0,0,0,0,0,0,0,0,0,3.16254377218392,18.1176277291537,2.65001811716545,0.995406623124216,0,0,0,273.186234021971,0,0,6.299194558783,0,0,22.4218535245778,0,0,0,1.09388515766207,0,2.27587251140127,0,385.449444853999,3.9968869779475,0,0,1.03836994221723,0,0,1.02228670120082,3.17745909552259,0,0,0,0,24.1632383636828,0,4.07622910234735,1.3579180251617,0,0,0,0,268.502750403567,0,0,0.880495432988988,0,0,0,1.25789615285113,0,2.01056139319186,0,0,1.16445803367882,0,0,0,2.88041390926344,0,0,0,2.74632097025385,0,0,1.01756085131889,0,0,0,0.673128651110932,0,0,0,0,0,0,0.919906621004537,1.05541296355951,0,0,0,0,"CC vs. CB","CB"
"LOC111111446",24.2521893689113,-6.35852755121123,1.41138749038781,-3.79663812220614,0.000146671656122336,0.0425529627121867,8.43776390736448,3.97719926932389,1.88948009544286,2.61016160575479,18.5006715753856,24.6864285263564,77.4312177728539,52.7654602814895,0,4.95438527281718,3.03247939385475,217.900700114153,0,18.1176277291537,0,1.99081324624843,92.0430037208848,2.2523166525233,22.8700238807412,45.5310390036618,144.41104848606,3.55337304992597,9.4487918381745,48.6816271380172,20.016580021445,56.0546338114446,4.4704844395695,0,9.11829057547777,25.1593586262275,90.5772007144759,1.13793625570063,8.40310145421267,169.330391958982,0,0,12.0599586959638,6.2302196533034,0,23.7714813222489,0,30.7154379233851,0.973633711087469,105.299425346749,17.6347179948469,15.7238476920864,34.2312543485506,19.8048885913209,41.7813482990603,44.1323358177553,13.6430913169717,0,4.62499220341664,14.7808340392231,16.2439386365147,3.95822535327484,0,0,0,6.78781690862404,37.8679506752456,12.5789615285113,0.902495440111749,8.04224557276744,56.7604648889384,4.7509137249855,2.32891606735765,9.57288866920626,0,89.2595201778278,5.76082781852688,25.9605073029095,19.6667285472493,27.9587282783727,17.85108630665,0,5.52994832504862,11.1931693645078,38.0653880645033,6.80151026125163,11.7787353310556,32.9833039044357,29.0680090656484,10.958927532186,2.16805262366359,86.6672203294557,22.3898170462018,2.00659232465115,2.75971986301361,10.5541296355951,12.6536761383222,0,68.8639346107634,4.25039298659514,"CC vs. CB","CC"
"LOC111113645",61.6499151092006,24.0686503362661,3.15149601548403,7.31990464938697,2.48147212070141e-13,3.48448315188892e-10,0.937529323040497,172.013868398258,0,326.270200719348,117.941781293083,211.597958797341,1.3123935215738,84.8385831976889,161.143985485356,0,0,0,210.836251478928,0,222.601521841898,0,0,199.705409857066,0.879616303105429,0,0,0,0,439.089185950743,0,0,196.701315341058,0,0,0,0,0,0,0,227.822557743007,108.564508618561,0,279.321514456436,239.620955674573,0,291.351709842234,0,200.568544484019,0,160.182021786526,0,0,195.718899020113,0,2.71583605032341,239.278832328427,0,0,0,0,0,0,83.6470661339539,0,0,1.08194144786416,1.25789615285113,161.546683780003,3.01584208978779,0,0,0,0,141.155488422392,0,0,338.852937427451,252.77530515141,3.60757784237067,0,0,0,0,0,0,0,0,2.00469028038955,0,0,0,0,1.00329616232557,0,2.11082592711901,0,512.01748793423,0,0,"CC vs. CB","CB"
"LOC111111775",2.46209267136978,33.0022408931904,5.42996270702671,5.89363916841961,3.77781642374071e-09,2.45593047324847e-06,0,0.994299817330973,0,0,0,0,0,0,0,0,0,0,1.05418125739464,0,0,1.99081324624843,0,0,0,0.910620780073236,0,0,117.584965097283,1.90908341717714,0,0,0,0,0,0,3.15966979236544,43.2415777166241,0,0,0,3.5020809231794,0,0,0,0,0,0,0,0,0,0,1.00680159848678,0,0,0,0,0,0,0.923802127451442,0,0,0,0,0,0,0,0,0,50.2640348297965,0,0,0,0,0,0,0,0,0,0,0,0,0,0,0,0,0,0.673128651110932,0,0,0,0,0,0,0,4.22165185423803,0,0,0,0,"CC vs. CB","CB"
"LOC111111959",53.8892103203207,21.8910425623437,3.02734186555606,6.90078738712465,5.17150849110102e-12,6.26020019241728e-09,1.87505864608099,66.6180877611752,8.50266042949285,0,0,0,1046.6338334551,32.0731229161995,0,0,0,142.432652757544,2.10836251478928,0,0,15.9265059699874,0,268.025681650273,0,0.910620780073236,2.77713554780885,0,0,0,0,0,33.5286332967713,0,0,150.956151757365,0,0,0,432.238105790034,0,119.946271618894,0,0,0,0,0,46.6027334009981,9.73633711087469,0,19.8390577442028,0,0,64.0746395601559,0,0,0,0,0,0,0,72.2376126972659,3.29942287578389,0,1174.57081767041,0,10.8194144786416,0,0,0,0,387.674559958817,0,0,0,11.3345422448035,0,1.36634248962682,4.62746554052925,7.21515568474135,0,10.9099424020272,43.1335969353792,0,0,6.80151026125163,3.92624511035188,0,0,0,764.238549841416,1.63523057225388,0,23.0758117334882,0,0,35.6603600261808,0,0,38.2535368793563,"CC vs. CB","CB"
"LOC111111962",12.4570973753704,-46.4453673228162,6.75079284455546,-6.73185629736336,1.67512044109748e-11,1.78197282074931e-08,0,0,0,0,0,0,0,0,0,0,0,0,0,0,0,0,0,0,0,0,0,0,0,194.726508552069,84.5144489794346,0,0,0,0,5.46942578831033,0,0,0,0,0,0,0,0,0,0,0,0,0,0,0,0,0,0,0,0,15.7420284426596,0,3.46874415256248,0,0,0,0,0,0,0,340.811556077211,0,0,0,0,0,0,0,0,70.8408890300221,0,258.921901784282,0,12.6265224482974,0,5.45497120101362,1.10598966500972,0,0,0,0,0,0,0,0,0,0,0,172.942444748853,0,0,2.2165259217932,0,2.12519649329757,"CC vs. CB","CC"
"LOC111113785",23.9252612835078,22.5699729981274,4.07367593207625,5.29496537225379,1.19038965495732e-07,5.96980411961095e-05,128.441517256548,0,71.8002436268285,0,0,0,0,0,0,0,0,0,0,0,0,0,0,48.049421920497,0,0,0,0,0,0,0,31.2725851790165,0,0,0,0,0,0,0,0,173.864583540716,0,0,0,0,0,1.02228670120082,0,0,0,0,151.688883617774,29.1972463561167,0,212.982970597649,183.31893339683,0,0,0,0,167.217015375887,0,0,0.880495432988988,0,238.543279931645,0,0,0,146.770981703006,0,0,0,0,0,2.83363556120088,64.3292439735502,0,0,0,69.3446044989096,1.3637428002534,180.276315396585,111.931693645078,0,0,0,1.34625730222186,1.00234514019477,124.201178698108,0,6.54092228901552,100.754176707908,0,0,0,0,0,0,0,"CC vs. CB","CB"
"LOC111112398",546.419479638638,7.47541281425073,1.61169518915334,4.01776518154926,5.87527007069635e-05,0.0179349005071126,7625.86351361141,2.98289945199292,0,0.870053868584929,1.1562919734616,8.22880950878547,1.96859028236069,1.0346168682645,50.4260090634448,1.98175410912687,3.03247939385475,20.1956746447264,20.0294438904982,1698.52759960816,0,7.96325298499372,33.1782920389236,21.7723943077252,4798.30693344012,40.0673143232224,4.62855924634809,207.516986115677,4718.09672452846,43.9089185950743,2.22406444682723,37.1730729486422,4.4704844395695,1.04441132812802,0,362.075987186144,43.1821538289943,4478.9171024377,4.66838969678482,4.45606294628901,1072.16493183442,2806.04233969749,56.5310563873304,3.1151098266517,3031.25881595503,1.69796295158921,1.02228670120082,2.11830606368173,371.928077635413,0.774260480490804,24.9825171593664,788.042249038681,58.3944927122334,1.16499344654829,1155.61095051547,0,56.6713023935747,5194.96776929645,232.405858221686,5.54281276470865,494.962365512625,9.8955633831871,3.29942287578389,0,4.23268763124471,664.236368915353,130.914915191563,376.110949702488,0.902495440111749,22.1161753251105,206.838982222403,12.3523756849623,10.4801223031094,490.344630722676,2.122638923645,0,4826.61357395577,17.7624523651486,0,47.8004064114114,2.05974072769038,10.9099424020272,0,298.145329436436,519.636809159615,6.80151026125163,10.7971740534677,2.01938595333279,2295.37037104603,256.621553045356,27.1006577957949,0.817615286126941,21.1459383214128,6.01977697395344,744.20445639267,614.250344791633,32.209357443002,19.9487332961388,39.8119621968476,20.1893666863269,"CC vs. CB","CB"
"LOC111110737",30.6723695499862,-18.6079204837197,4.03477167527695,-4.36404384208706,1.27679971233428e-05,0.00443782711895988,8.43776390736448,0,1.88948009544286,99.1861410186819,0,0,0,0,0,0,152.634796157356,0,0,0,23.8501630544891,0,105.95648102753,0,0,0,0,0,0,0,0,0,0,0,0,0,0,0,0,0,0,0,16.5824432069503,0,0,0,1.02228670120082,0,0,0,0,1.8498644343631,0,0,0,148.013064742626,312.741631727505,0,1.15624805085416,0,5.73315481288754,0,46.1919202609745,0,0,0,22.7207704051474,459.132095790663,0.902495440111749,0,0,0,0,0,79.5989596366873,46.7549867598146,0,0,0,510.47226469545,132.509986814748,0,0,0,0,0,0,0,0,0,0,0,308.481923747669,0,3.67962648401815,0,331.296247985164,0,62.4079407410044,0,"CC vs. CB","CC"
"LOC111113824",9.45281153412704,-22.4554714138194,3.31702891553968,-6.46827988544339,9.91247735485995e-11,9.15730309321996e-08,0,182.951166388899,2.83422014316429,0,0,0,0,0,0,0,0,6.3775814667557,0,0,0,2.98621986937265,0,0,0,0,7.40569479415694,0,25.196778235132,5.72725025153143,0,0,0,0,0,0,2.10644652824363,0,174.597774659752,0,0,0,28.6424019029141,0,0,0,0,158.87295477613,0,2.32278144147241,0,0,0,0,0,0,0,0,6.93748830512496,175.522404215774,1.91105160429585,0,0,0,0,35.8784608027271,0,0,0,0,0,0,1.16445803367882,0,7.42923623275748,0,0,0,0,7.21515568474135,1.37316048512692,0,2.21197933001945,0,0,0,0.981561277587971,0,0,0,0,0,0,0,0,0,1.15033419439293,0,1.07599897829318,45.6917246058978,"CC vs. CB","CC"
"LOC111112788",6.59603539868223,-32.2551594454996,4.91293283744372,-6.36181288848276,1.99386246094013e-10,1.79473183823854e-07,0,0,0,0,0,0,0,0,0,0.990877054563437,0,0,0,0,0,0,0,0,0,1.82124156014647,60.1712702025252,0,0,0,0,0,0,0,0,101.731319662572,0,0,0,0,0,0,2.26124225549322,114.220693643896,0,0,0,0,0,0,0,0,0,0,1.01905727558684,6.78959012580851,0,0,0,0,0.955525802147924,63.3316056523975,0,0,0,0,2.16388289572832,0,0,90.4752626936337,0,0,0,0,0,0,0,0,0,0,0,0,0,2.03512170263779,0,0,91.2851988156813,80.7754381333118,0,0,0,0,0,0,0,0,0,0,0,0,"CC vs. CB","CC"
"LOC111112908",7.092472907575,-19.0192448091189,3.03632973013484,-5.93454809281163,2.94655953800114e-09,1.98921101118327e-06,25.3132917220934,0,289.090454602757,0,0,2.35108843108156,16.4049190196724,41.38467473058,0,0,0,0,0,9.05881386457687,0,0,0,0,38.7031173366389,0,0.925711849269618,0,0,0.954541708588572,0,0,0,0,3.03943019182592,6.56331094597239,0,0,2.80103381807089,0,0,0,0,0,0,15.2816665643029,0,0,0,0,0,0,1.00680159848678,0,0,40.7375407548511,0,17.1912066822633,70.5311311021038,0,0.955525802147924,0,0,0,0,0,8.65553158291329,0,0,2.01056139319186,0,0,0,0,0,5.66727112240177,0,0,0,0,3.43290121281731,15.0011708027874,17.6958346401556,0,0,0,0,0,0,0,2.16805262366359,28.6165350144429,0,0,0,0,1.15033419439293,0,0,0,"CC vs. CB","CC"
"LOC111111765",6.13796680170036,-20.2888521593818,2.85797530364745,-6.74913185385637,1.48732382627673e-11,1.63164071629515e-08,4.68764661520249,0,1.88948009544286,5.22032321150957,6.93775184076961,2.35108843108156,1.3123935215738,0,0,0,0,75.4680473566091,0,0,0,0,0,0,0.879616303105429,43.7097974435153,0,0,6.299194558783,3.81816683435429,35.5850311492356,0,173.231272033318,0,2.02628679455062,0,16.851572225949,0,0,0,0,0,3.01498967399096,0,0,1.69796295158921,0,1.05915303184086,0,0,0,0,0,0,2.03811455117367,0,0,0,16.1874727119582,0,0,0,0,0,0,0,0,21.3842345984692,0,3.01584208978779,8.65837600000755,0,0,0,2.122638923645,0,0,5.46536995850727,0,0.901894460592669,0,0,4.4239586600389,0,30.9834554013399,4.53434017416775,0,0,91.2134077577243,0,0,0,0,0,0,0,0,0,0,0,"CC vs. CB","CC"
"LOC111111462",9.02892401093275,-28.9478441107293,5.17339132264655,-5.40222889932712,6.5817885980131e-08,3.44856251840671e-05,0,0,0,0,0,0,0,0,0,0,0,0,0,0,0,0,12.8432098215188,0,0,0,0,2.84269843994078,0,0,0,2.3601951078503,127.408806527731,0,0,0,0,0,0,0,0,0,2.26124225549322,0,0,0,0,0,0,0,0,0,0,0,0,0,0,0,0,0,0,0,0,0,0,0,0,0,0,0,1.92408355555723,0,0,2.12730859315695,0,0,0,2.04951373444022,0,0,0,0,11.0598966500972,1.01756085131889,605.505242700471,0,0,0,73.1711952342184,0,0,0,0,0,0.919906621004537,0,0,0,3.22799693487954,0,"CC vs. CB","CC"
"LOC111115888",29.8885054275758,-38.6334652054633,8.11870922652671,-4.63540005626774,3.56247819159669e-06,0.00137429447160442,0,0,0,0,0,0,406.841991687877,0,0,352.752231424583,0,0,0,0,0,0,0,0,0,28.2292441822703,0,390.871035491857,0,0,0,0,0,0,0,0,0,0,0,0,0,0,242.706668756272,0,0,0,0,0,0,0,0,0,0,0,0,274.978400095245,0,0,0,0,0,0,0,0,0,0,553.95402130645,0,0,0,0,0,0,0,0,0,0,0,0,0,173.018221125992,255.019903647387,0,3.05268255395668,0,128.095109920239,0,0,0,0,0,0,0,0,0,0,0,0,0,0,"CC vs. CB","CC"
"LOC111114065",4.11934604697912,-15.6286205054717,2.75261030249706,-5.3144538811764,1.06977670729079e-07,5.44268279847001e-05,0,0,0,0,3.46887592038481,0,7.21816436865587,0,0,3.96350821825375,0,160.502466913352,0,20.3823311952979,0,0,0,0,0,10.0168285808056,3.70284739707847,1.42134921997039,5.24932879898583,1.90908341717714,0,1.18009755392515,0,0,0,0,0,0,0.933677939356964,0,0,0,0,2.07673988443447,0,0,1.02228670120082,0,0,0.774260480490804,0,0,0,11.6499344654829,0,0,0,0,0,0,17.1994644386626,0,0,0,0,15.515010076855,0,0,0,0,7.69633422222893,0,4.65783213471529,0,0,0,59.5285541247778,0,0.578433192566157,0.901894460592669,0,2.72748560050681,0,0,30.0982138184445,0,2.94468383276391,1.34625730222186,0,0,0,3.27046114450776,0,2.00659232465115,0,0,1.15033419439293,0,0,2.12519649329757,"CC vs. CB","CC"
"LOC111115370",39.6615764598945,-24.4987902837842,2.71837110875223,-8.6444379165619,5.40708041055859e-18,1.46011967548199e-14,0,0,24.5632412407571,0,0,0,1.96859028236069,0,0,16.8449099275784,0,155.187815691055,3.16254377218392,45.2940693228843,0,0.995406623124216,129.502365700315,0,0,0,0,0.710674609985194,75.590334705396,146.99942312264,212.398154672,119.779901723403,1.11762110989238,0,396.139068334645,0,0,0,98.9698615718382,0,0,0,87.4347005457377,1.03836994221723,0,0,0,0,0,0,0,12.0241188233602,0,2.32998689309658,2.03811455117367,31.9110735913,0,0,25.4374571187915,0,6.68868061503547,0,0,0,27.5124696030906,7.75750503842748,0,0,0,0,0,0,117.610261401561,128.702169885995,0,923.056784061188,37.4453808204247,0,0.578433192566157,0,6.86580242563462,0,0,0,0,0,3.92624511035188,39.714590415545,0,0,2.16805262366359,0,0,373.226172385113,160.063752054789,254.354524217841,44.8630335813243,2.2165259217932,0,0,"CC vs. CB","CC"
"LOC111114124",11.0184023278151,21.4550338893098,4.70034137173512,4.35181878752753,1.35012833149226e-05,0.00460157816281901,0,0,7.55792038177143,19.1411851088684,25.4384234161553,0,0.656196760786898,0,0,0,0,0,0,0,0,0,0,0,0,0,0,0,0,0,0,0,0,0,0,0,12.6386791694618,0,0,11.1401573657225,0,67.4150577712034,0,0,2.14906686703653,0,0,9.53237728656778,0,0,0,0,0,0,0,0,85.0069535903621,0,0,0,0,0,90.734129084057,0,0,0,0,0,0,0,0,0,0,0,0,0,7.68110375803584,0,3.47059915539694,0,0,0,0,0,0,0,0,0,2.00469028038955,0,0,0,0,0,0,0,618.879796583396,0,2.15199795658636,70.1314842788199,"CC vs. CB","CB"
"LOC111114916",185.799201288426,36.5101484153,8.11826065525279,4.37410794297714,1.2193003937156e-05,0.00428035403213862,0,0,0,0,0,1728.04999684495,0,0,0,0,0,0,0,0,0,0,0,0,0,0,2263.36547146422,0,1796.32031501295,0,0,0,1150.03212207926,0,0,0,0,2203.04459103643,0,0,0,0,0,1470.3318381796,2180.22833660856,0,0,0,0,0,0,0,0,1061.30902980549,0,0,0,0,0,0,0,1811.87765546156,0,0,0,0,0,0,0,0,0,0,0,0,0,0,0,0,0,0,0,1.3637428002534,0,0,0,0,1799.20182181875,0,0,0,0,0,0,0,0,0,0,0,0,0,"CC vs. CB","CB"
"LOC111111494",797.162331408113,-26.6065950145582,4.04522997568584,-6.33007150853438,2.45047606842488e-10,2.15059905955138e-07,0,847.143444365989,2151.17308866169,0,0,0,0,1276.71721543839,0,0,2262.22962781564,1453.02564417584,0,3521.61388985426,3861.07639671007,0,2764.50091408192,0,620.129493689327,0,2562.3703987783,0,0,0,0,0,0,0,0,0,0,0,2883.1974767343,0,0,0,0,0,0,0,0,1265.68787304983,0,3182.2105748172,641.462867062556,1502.08992070284,0,0,2.03811455117367,2943.28731953799,0,421.184563715451,0,3697.97991618812,3000.35101874448,0,0,0,787.279899411515,0,0,0,5682.11129094357,2720.28956498859,0,0,3891.61874855463,0,0,0,0,0,0,5526.80925451187,0,1982.88203156845,0,1149.84376199035,750.684862295321,1729.850776445,0,2212.57387620163,1072.50930000841,2759.82325018885,0,0,3807.5127765791,0,0,0,0,0,0,0,"CC vs. CB","CC"
"LOC111115088",24.8984557930478,-4.10889927923088,0.761363696384406,-4.08333007469958,4.43948949823586e-05,0.0137918830827938,11.250351876486,15.9087970772956,7.55792038177143,20.8812928460383,25.4384234161553,4.70217686216312,17.0611157804593,0,71.2541432418241,10.8996476001978,14.1515705046555,14.88102342243,14.758537603525,4.52940693228843,5.30003623433091,35.8346384324718,7.49187239588597,27.7785720477874,4.39808151552714,17.3017948213915,9.25711849269618,19.1882144696003,7.34906031858016,20.9999175889486,27.8008055853403,25.3720974093907,3.35286332967713,15.6661699219202,716.292381873642,3.2816554729862,8.42578611297451,2.27587251140127,7.46942351485571,38.9905507800288,7.99377395589499,1.7510404615897,15.0749483699548,11.4220693643896,2.14906686703653,12.7347221369191,14.3120138168115,36.0112030825894,16.551773088487,22.4535539342333,39.6781154884055,16.6487799092679,15.1020239773017,8.15495412583803,3.05717182676051,10.8633442012936,18.8904341311916,0,11.5624805085416,35.1044808431548,10.5107838236272,17.8120140897368,19.7965372547033,6.16346803092292,45.5013920358806,26.1815795046927,8.65553158291329,0,24.3673768830172,6.03168417957558,49.0641306667094,7.6014619599768,46.5783213471529,8.50923437262779,52.0046536293024,6.37568001270199,12.4817936068082,25.9605073029095,32.3922587837048,15.3322058300754,35.7021726133,9.54619960177383,7.74192765506807,27.4741429856101,15.9343484921177,20.4045307837549,2.94468383276391,32.9833039044357,4.00938056077909,11.8721714932015,72.6297628927303,23.7108432976813,4.97551489915596,7.02307313627901,18.3981324200907,7.38789074491655,14.9543445271081,21.0569962570354,16.1399846743977,27.6275544128684,"CC vs. CB","CC"
"LOC111112173",88.1747794282141,23.9652869561143,4.04315591087352,5.6800399149467,1.34663312692786e-08,7.8789259868004e-06,84.3776390736448,0,0,3.48021547433971,1.1562919734616,0,0,0,1.09621758833576,0,9.09743818156425,0,551.336797617397,56.6175866536054,0,0,2.14053497025314,0,96.7577933415972,0.910620780073236,0,0,0,0,0,0,0,0,0,97.3557790319238,0,0,0,0,0,0,0,0,0,0,0,0,433.267001433924,0,0,2021.90182675887,0,0,0,0,0,7.5211529234902,0,0,0,0,1.64971143789195,0,0,0,1.08194144786416,0,0,1992.46634065313,12.506543111122,0,0,0,2.122638923645,0,46.086622548215,0,3.47059915539694,0,0,0,1947.64780008212,35.6146297961613,0,0,0,0,0,0,0,0,0,0,0,0,1.15033419439293,873.311213186523,4.30399591317271,0,"CC vs. CB","CB"
"LOC111116950",5.11926263017924,-19.7931362014503,3.00659794596346,-6.2506316239194,4.08796047261142e-10,3.41685362835771e-07,0,0,2.83422014316429,1.74010773716986,0,0,0,0,0,0,3.03247939385475,6.3775814667557,0,0,0,0,2.14053497025314,0,5.27769781863257,0,3.70284739707847,0,4.19946303918866,23.8635427147143,1.11203222341361,0,0,0,23.3022981373321,13.1266218919448,0,0,0,2.22803147314451,0,0,0,0,0,0,0,0,0,0,0,0,0,0,0,4.07375407548511,0,0,0,0,3.8221032085917,3.95822535327484,0,0,10.5817190781118,0,0,0,0,0,11.5445013333434,0,2.32891606735765,2.12730859315695,7.42923623275748,0,0,0,0,0,0,0,0,0,0,0,0,1.34625730222186,0,312.329434667302,2.16805262366359,0,0,0,9.19906621004537,0,2.30066838878586,0,15.0639856961045,0,"CC vs. CB","CC"
"LOC111117806",243.843964742972,-10.8875170352484,2.44275530725057,-4.04769032980928,5.17255173070756e-05,0.0159282832023236,68.4396405819563,40.7662925105699,0,0,0,0,883.240840019164,673.535581240189,0,778.829364886861,11.1190911108007,26.5732561114821,560.824428933949,536.734721476179,854.630842785859,820.215057454354,19.2648147322782,0,40.4623499428497,1045.39265552407,897.01478194226,0,250.917916591523,0,452.59711492934,90.8675116522365,1207.03079868377,0,1139.78632193472,20.7838179955792,7.37256284885269,2.27587251140127,895.397143843328,0,0,0,2.26124225549322,18.6906589599102,0,808.230364956462,0,983.953166580163,0,879.559905837553,0,0,84.5713342728897,0,0,25.8004424780724,664.313600280237,10.7445041764146,31.2186973730623,214.322093568735,0,24.7389084579678,24.7456715683792,12.3269360618458,21.1634381562235,0,1198.79112423349,0,0,1.00528069659593,0,0,0,645.638158023133,1.0613194618225,2.83363556120088,0,4.78219871369386,0,979.457384203638,941.988092797069,0,0,668.537479316514,1203.92855273778,0,1920.91542023966,0,0,136.986594152325,0,0,48.5112702667706,1.00329616232557,8.27915958904083,0,0,0,26.8999744573295,0,"CC vs. CB","CC"
"LOC111116545",4.0655392258174,17.4453927052792,3.00989105211436,5.46378337970962,4.66092256943913e-08,2.51725672000247e-05,3.75011729216199,0,1.88948009544286,0,0,0,1.96859028236069,0,1.09621758833576,0,0,0,2.10836251478928,0,0,0,0,11.2615832626165,0,0,9.25711849269618,4.26404765991117,0,152.726673374172,0,2.3601951078503,0,4.17764531251207,0,0,0,0,0,12.2541731022948,0.999221744486874,0,0,0,0,0,0,0,0,0,0,0,0,1.16499344654829,0,0,0,0,0,0,0,0,0,0,0,4.84844064901717,10.8194144786416,2.51579230570226,0,2.01056139319186,0,0,5.82229016839411,0,0,0,0,105.208371701265,0,9.01894460592669,0,0,0,6.10536510791337,0,7.93509530479357,8.83405149829173,0,0,0,0,0,7.46327234873394,0,0,0,2.30066838878586,0,0,0,"CC vs. CB","CB"
"LOC111117361",85.5388064802887,-37.7748777426669,4.55067550785574,-8.08119095268014,6.41372889066963e-16,1.18502080372083e-12,0,0,0,0,0,0,0,0,0,0,0,0,0,0,307.402101591193,0,434.528598961387,0,0,0,0,0,1.04986575979717,453.407311579572,95.6347712135707,400.643119557588,0,0,0,0,371.787812235,0,0,220.575115841306,0,0,0,0,0,0,0,0,0,0,200.594917191384,0,480.244362478195,0,479.9759768014,0,1.04946856284398,0,0,0,0,0,0,0,0,0,0,0,370.925625885929,0,628.213280889436,0,0,0,0,454.798507572742,0,381.892725850695,0,0,0,0,0,0,0,216.51474331651,0,0,504.179605517971,659.362139853193,0,0,422.918766428256,556.829370090693,0,0,0,0,398.119621968476,0,"CC vs. CB","CC"
