"geochem_name","geochem_name2","seq_name","prefix","tag_color","tag_number","Phase1_treatment","Phase1_temp","Phase1_DO","Phase2_treatment","Phase2_temp","Phase2_DO"
"p2_W3_B","p2_W3","C2_C1_W03","p2","W","03","control","ambient","normoxic","control","ambient","normoxic"
"p2_W3_A","p2_W3","C2_C1_W03","p2","W","03","control","ambient","normoxic","control","ambient","normoxic"
"p2_W17_B","p2_W17","C3_C2_W17","p2","W","17","control","ambient","normoxic","control","ambient","normoxic"
"p2_W17_A","p2_W17","C3_C2_W17","p2","W","17","control","ambient","normoxic","control","ambient","normoxic"
"p2_W33_B","p2_W33","C5_C3_W33","p2","W","33","control","ambient","normoxic","control","ambient","normoxic"
"p2_W33_A","p2_W33","C5_C3_W33","p2","W","33","control","ambient","normoxic","control","ambient","normoxic"
"p2_W37_B","p2_W37","C1_C4_W37","p2","W","37","control","ambient","normoxic","control","ambient","normoxic"
"p2_W37_A","p2_W37","C1_C4_W37","p2","W","37","control","ambient","normoxic","control","ambient","normoxic"
"p2_W59_A","p2_W59","C6_C5_W59","p2","W","59","control","ambient","normoxic","control","ambient","normoxic"
"p2_W59_B","p2_W59","C6_C5_W59","p2","W","59","control","ambient","normoxic","control","ambient","normoxic"
"p2_W67_B","p2_W67","C4_C6_W67","p2","W","67","control","ambient","normoxic","control","ambient","normoxic"
"p2_W67_A","p2_W67","C4_C6_W67","p2","W","67","control","ambient","normoxic","control","ambient","normoxic"
"p2_W4_B","p2_W4","C2_H1_W04","p2","W","04","control","ambient","normoxic","hypoxic","ambient","hypoxic"
"p2_W4_A","p2_W4","C2_H1_W04","p2","W","04","control","ambient","normoxic","hypoxic","ambient","hypoxic"
"p2_W13_B","p2_W13","C1_H2_W13","p2","W","13","control","ambient","normoxic","hypoxic","ambient","hypoxic"
"p2_W13_A","p2_W13","C1_H2_W13","p2","W","13","control","ambient","normoxic","hypoxic","ambient","hypoxic"
"p2_W36_B","p2_W36","C6_H3_W36","p2","W","36","control","ambient","normoxic","hypoxic","ambient","hypoxic"
"p2_W36_A","p2_W36","C6_H3_W36","p2","W","36","control","ambient","normoxic","hypoxic","ambient","hypoxic"
"p2_W48_B","p2_W48","C6_H4_W48","p2","W","48","control","ambient","normoxic","hypoxic","ambient","hypoxic"
"p2_W48_A","p2_W48","C6_H4_W48","p2","W","48","control","ambient","normoxic","hypoxic","ambient","hypoxic"
"p2_W56_B","p2_W56","C4_H5_W56","p2","W","56","control","ambient","normoxic","hypoxic","ambient","hypoxic"
"p2_W56_A","p2_W56","C4_H5_W56","p2","W","56","control","ambient","normoxic","hypoxic","ambient","hypoxic"
"p2_W62_A","p2_W62","C1_H6_W62","p2","W","62","control","ambient","normoxic","hypoxic","ambient","hypoxic"
"p2_W62_B","p2_W62","C1_H6_W62","p2","W","62","control","ambient","normoxic","hypoxic","ambient","hypoxic"
"p1_W1_B","p1_W1","C1_Nu_W01","p1","W","01","control","ambient","normoxic",NA,NA,NA
"p1_W1_A","p1_W1","C1_Nu_W01","p1","W","01","control","ambient","normoxic",NA,NA,NA
"p1_W5_B","p1_W5","C1_Nu_W05","p1","W","05","control","ambient","normoxic",NA,NA,NA
"p1_W5_A","p1_W5","C1_Nu_W05","p1","W","05","control","ambient","normoxic",NA,NA,NA
"p1_W15_A","p1_W15","C2_Nu_W15","p1","W","15","control","ambient","normoxic",NA,NA,NA
"p1_W15_B","p1_W15","C2_Nu_W15","p1","W","15","control","ambient","normoxic",NA,NA,NA
"p1_W21_B","p1_W21","C3_Nu_W21","p1","W","21","control","ambient","normoxic",NA,NA,NA
"p1_W21_A","p1_W21","C3_Nu_W21","p1","W","21","control","ambient","normoxic",NA,NA,NA
"p1_W29_A","p1_W29","C4_Nu_W29","p1","W","29","control","ambient","normoxic",NA,NA,NA
"p1_W29_B","p1_W29","C4_Nu_W29","p1","W","29","control","ambient","normoxic",NA,NA,NA
"p1_W42_B","p1_W42","C6_Nu_W42","p1","W","42","control","ambient","normoxic",NA,NA,NA
"p1_W42_A","p1_W42","C6_Nu_W42","p1","W","42","control","ambient","normoxic",NA,NA,NA
"p2_B3_B","p2_B3","H2_H1_B03","p2","B","03","hypoxic","ambient","hypoxic","hypoxic","ambient","hypoxic"
"p2_B3_A","p2_B3","H2_H1_B03","p2","B","03","hypoxic","ambient","hypoxic","hypoxic","ambient","hypoxic"
"p2_B19_B","p2_B19","H4_H2_B19","p2","B","19","hypoxic","ambient","hypoxic","hypoxic","ambient","hypoxic"
"p2_B19_A","p2_B19","H4_H2_B19","p2","B","19","hypoxic","ambient","hypoxic","hypoxic","ambient","hypoxic"
"p2_B35_B","p2_B35","H6_H3_B35","p2","B","35","hypoxic","ambient","hypoxic","hypoxic","ambient","hypoxic"
"p2_B35_A","p2_B35","H6_H3_B35","p2","B","35","hypoxic","ambient","hypoxic","hypoxic","ambient","hypoxic"
"p2_B41_A","p2_B41","H3_H4_B41","p2","B","41","hypoxic","ambient","hypoxic","hypoxic","ambient","hypoxic"
"p2_B41_B","p2_B41","H3_H4_B41","p2","B","41","hypoxic","ambient","hypoxic","hypoxic","ambient","hypoxic"
"p2_B51_A","p2_B51","H2_H5_B51","p2","B","51","hypoxic","ambient","hypoxic","hypoxic","ambient","hypoxic"
"p2_B51_B","p2_B51","H2_H5_B51","p2","B","51","hypoxic","ambient","hypoxic","hypoxic","ambient","hypoxic"
"p1_B8_B","p1_B8","H1_Nu_B08","p1","B","08","hypoxic","ambient","hypoxic",NA,NA,NA
"p1_B8_A","p1_B8","H1_Nu_B08","p1","B","08","hypoxic","ambient","hypoxic",NA,NA,NA
"p1_B14_B","p1_B14","H2_Nu_B14","p1","B","14","hypoxic","ambient","hypoxic",NA,NA,NA
"p1_B14_A","p1_B14","H2_Nu_B14","p1","B","14","hypoxic","ambient","hypoxic",NA,NA,NA
"p1_B18_B","p1_B18","H3_Nu_B18","p1","B","18","hypoxic","ambient","hypoxic",NA,NA,NA
"p1_B18_A","p1_B18","H3_Nu_B18","p1","B","18","hypoxic","ambient","hypoxic",NA,NA,NA
"p1_B28_B","p1_B28","H4_Nu_B28","p1","B","28","hypoxic","ambient","hypoxic",NA,NA,NA
"p1_B28_A","p1_B28","H4_Nu_B28","p1","B","28","hypoxic","ambient","hypoxic",NA,NA,NA
"p1_B35_B","p1_B35","H5_Nu_B35","p1","B","35","hypoxic","ambient","hypoxic",NA,NA,NA
"p1_B35_A","p1_B35","H5_Nu_B35","p1","B","35","hypoxic","ambient","hypoxic",NA,NA,NA
"p1_B45_A","p1_B45","H6_Nu_B45","p1","B","45","hypoxic","ambient","hypoxic",NA,NA,NA
"p1_B45_B","p1_B45","H6_Nu_B45","p1","B","45","hypoxic","ambient","hypoxic",NA,NA,NA
