"Gene","baseMean","log2FoldChange","lfcSE","stat","pvalue","padj","svalue","B1_B1_O01","B1_W5_O50","B2_B5_O51","B2_C4_O40","B3_B4_O41","B3_C3_O30","B3_C6_O66","B3_H4_O41","B3_W1_O06","B3_W4_O41","B4_B2_O19","B4_B3_O32","B4_C5_O56","B4_H1_O07","B4_H5_O55","B4_W2_O19","B4_W6_O67","B5_B6_O69","B5_H2_O21","B5_W3_O33","B6_C2_O24","B6_H3_O35","B6_H6_O72","C_W5_W52","C1_C4_W37","C1_H2_W13","C1_H6_W62","C2_B2_W16","C2_C1_W03","C2_H1_W04","C2_W2_W15","C3_B3_W30","C3_C2_W17","C3_W3_W29","C4_B1_W07","C4_B5_W56","C4_C6_W67","C4_H5_W56","C5_B4_W46","C5_C3_W33","C5_W1_W09","C5_W4_W45","C6_B6_W71","C6_C5_W59","C6_H3_W36","C6_H4_W48","C6_W6_W72","H1_B2_B13","H1_B6_B61","H1_C6_B62","H1_W4_B38","H1_W5_B49","H2_B5_B51","H2_C1_B04","H2_H1_B03","H2_W2_B16","H3_B4_B41","H3_C5_B54","H3_H4_B41","H3_H6_B66","H3_W3_B30","H3_W6_B66","H4_H2_B19","H4_W1_B07","H5_B1_B09","H5_B3_B34","H5_C2_B22","H5_C4_B46","H6_C3_B36","H6_H3_B35","W1_C1_G02","W1_C6_G61","W1_H5_G49","W1_W1_G01","W1_W6_G62","W2_B2_G04","W2_B6_G64","W2_C2_G15","W3_B5_G54","W3_C3_G29","W3_H2_G18","W3_H3_G30","W4_C5_G55","W4_H1_G08","W4_W5_G56","W5_B2_G21","W5_C4_G45","W5_H4_G46","W5_W2_G22","W6_B3_G35","W6_B4_G48","W6_H6_G71","W6_W3_G36","W6_W4_G48","pair","DEG_group"
"LOC144619421",141.53652251682,-24.159437693369,3.67483429620403,-6.7138601005067,1.89542044306471e-11,2.4771422081362e-08,5.74147348801888e-08,0,0,0,340.594896150333,0,0,0,0,0,856.180182895691,0,1.06616829229026,479.541989008539,0,0,0,648.163655728939,0.755480773344867,448.55702221161,0,0,639.977816312086,0,0,303.395011449082,0,8.99329951770384,898.168981558234,0,228.477831951454,0,0,0,0,0,0,4.54864482680167,4.24095481997833,801.13428665811,0,0,0,0,530.510739807958,0,460.136512301507,0,0,0,0,0,733.795444899974,639.711926794497,0,0,0,312.755498138992,0,0,0,0,956.908317338739,0,567.988989132829,11.7527509928039,0,0,0,2.12559148854174,0,0,0,0,0,0,0,1823.28808687305,0,0,0,0,0,0,0,0,727.637673692543,0,0,0,566.398601084314,0,0,307.626761881181,0,"CC vs. WC","CC"
"LOC111102552",12.9702499573101,36.4674030570812,7.80439600719903,5.33477741199893,9.56618325366399e-08,7.14557833892865e-05,0.000346971424998452,0,0,0,0,0,0,34.9019108680474,0,0,2.00745646634394,0,0,1.05625988768401,0,0,0,112.161431274226,0,0,0,0,0,0,0,0,0,0,0,0,0,0,0,0,0,0,0,0,0,0,0,0,0,0,0,0,121.828404479014,0,0,1.03339927052366,0,0,0,0,0,0,0,0,0,0,11.7047145119333,0,0,0,379.682729672576,0,0,0,0,0,0,0,0,0,0,0,0,120.511085301278,28.5297902347685,0,0,0,0,0,283.915528542199,0,0,76.0540337090133,0,0,0,0,0,45.8167517695377,0,"CC vs. WC","WC"
"LOC111101277",260.782686976029,-5.99275250244898,5.36724550495704,-4.0094834504654,6.08517175064353e-05,0.022475227005883,0.0708980908532863,812.572854824169,0,1883.38093634265,863.368457683402,2.32691553230951,835.35840381176,287.117606386202,1906.2515618652,0,0,1010.57466318982,0,0,211.25720928258,0,0,0,0.755480773344867,1046.92854393658,0,32.6013731664329,12.238045981221,732.422837781898,540.012206592071,1.11542283620986,1619.89840231093,808.272794153633,0,0,119.731171551483,2.10255182023622,382.369958414979,422.530903526426,3.36305104070484,0,35.7115634485838,40.1796959700814,0,199.470512510274,1022.1599993236,34.0227570775088,595.313851907337,0,0,0,0,909.168414711088,431.980328066169,21.7013846809968,0,0,27.1776090703694,105.651153064064,8.36459421259384,0,0,0,0,803.401525137404,0,0,0,0,0,19.5879183213399,0,1197.45287514548,0,1.06279574427087,0,0,0,0,33.5034777322796,0.693439617304575,0,229.863736778364,0,670.406567551566,0,0.995434288757132,399.821559803168,0,12.0224816646534,0,319.831700639999,1.24678743785268,2367.25874320171,0,409.006173183758,0,0,0,1079.96414265192,"CC vs. WC","CC"
"LOC144625613",5.36698525893709,-16.982824290761,2.0138820222801,-8.48408444167398,2.17423830590216e-17,7.81421247141237e-14,1.24099593731069e-13,0,0,1.91303294702148,7.04072136744874,4.65383106461902,0,1.31705324030368,0,17.7568180489353,0,1.01565292782896,77.8302853371887,0,0,1.33292854329827,1.0081516418717,7.54932710499597,0,0,1.83947896888875,0,0,1.0661176678048,0,0,0.598410935467651,1.12416243971298,1.05172011892065,1.02019765289217,9.88606003636098,0,1.14140286094024,0.934802883908022,0,0,0.871013742648386,0.758107471133612,0,0,1.6965311192093,3.09297791613716,0,0.981171486220708,0,0,18.7428314583099,0,0,1.03339927052366,0,1.05499071235061,0,0,0.929399356954871,0,7.93799638262662,0,0.885933296536459,0,0,5.49286683595057,1.25908989123518,0,0,0,0,1.17282357996619,0,1.06279574427087,145.724577422741,0,0,0,0.90549939816972,1.38687923460915,0,1.11584338241924,0,0,0,2.9863028662714,3.40563509202017,0,0.924806281896415,0,2.46656838539845,0,0,0.934844906969255,150.968247169921,0,4.44357606292493,2.1817500842637,0,"CC vs. WC","CC"
"LOC111102028",7.95108793783265,20.2507981972772,3.43072850616656,6.01322874358971,1.81864128696449e-09,1.58453255402434e-06,3.56644931565658e-06,0,3.02962763182416,5.73909884106445,0,27.9229863877141,0,3.95115972091103,0,0,0,0,0,0,0,0,0,0,24.9308655203806,0,0,0,0,125.801884800967,0,0,0,0,0,0,1.09845111515122,5.25637955059055,49.0803230204302,0,4.48406805427311,0,0,0,0,0,0,12.3719116645486,0,0,0,37.3201453712507,50.6056449374366,0,0,2.06679854104731,0,0,0,0,0,0,0,0,0,0,0,0,0,4.54610013605553,92.1063225620804,0,78.325013355651,5.86411789983095,0,0,0,0,0,0,0,13.8687923460915,0,93.7308441232165,0,2.67805552950026,25.0986037372074,0,0,0,0,59.8778737582702,12.3328419269922,0,1.0159908769106,0,0,0,0,0,4.2983647468733,"CC vs. WC","WC"
"LOC144627222",53.7747489295631,-21.281671554289,4.21539092268586,-5.30554195646391,1.12338724145802e-07,7.69038808723836e-05,0.0001042847483231,0,0,288.867975000244,299.230658116572,0,7.01981851942655,0,0,0,0,143.207062823884,163.123748720409,0,0,2.66585708659653,0,393.643484760504,0,0,0,246.838968260135,0,0,0,0,0,20.2349239148336,0,60.1916615206378,356.996612424147,309.075117574724,0,107.502331649423,0,0,0,0,0,0,0,0,4.30606764489936,38.2656879626076,0,0,0,0,0,0,0,51.6945449051797,0,0,0,0,0,0,0,89.8611559408015,0,0,0,3.63688010884443,0,0,0,471.475079146409,0,0,0,0,0,0,895.538904789853,0.693439617304575,99.0657464673093,0,0,0,0,554.456898837722,0,0,0,0,97.018356492339,0,0,86.9405763481407,0,0,0,0,263.274840745989,"CC vs. WC","CC"
"LOC144622264",3.23966762782695,-17.9005157902937,2.89678483773837,-6.25889641260643,3.87711283500526e-10,4.28749031661812e-07,7.37896837722341e-07,3.80151043192593,0,0,0,0,0,3.29263310075919,0,0,0,0,217.498331627212,3.16877966305202,0,0,0,0,0,0,0,0.931467804755225,0,0,0,8.92338268967887,0,0,0,0,24.1659245333268,0,0,0,1.12101701356828,2.01515393469445,0.871013742648386,0,1.06023870499458,0,0,0,0,0.981171486220708,3.11606895628756,0,0,1.01583063096211,0,0,0,0,0,0,0,0,0,3.29216313830517,0,0,0,4.39429346876046,0,0,0,0,1.93395094705311,0,1.07669949987862,0,0,0,0,0,5.43299638901832,0.693439617304575,2.71413004020026,1.11584338241924,0,0,0,0,2.0433810552121,0,0,8.70950891029385,0,0,0,0,0,1.159826247201,0,0,0,"CC vs. WC","CC"
"LOC111127528",52.8650907988278,-22.8528981689702,2.66070874784828,-8.68298459786637,3.85516610385316e-18,1.58348194025694e-14,3.51955674814571e-14,0,254.48872107323,0,0,214.076228972475,0,1.31705324030368,0,292.987497807432,0,195.005362143161,2.13233658458051,0,0,0,6.04890985123023,0,186.603751016182,0,25.7527055644426,0,0,0,0,0,0,0,4.2068804756826,0,0,2.10255182023622,0,63.5665961057455,0,229.727548555167,5.22608245589032,3.03242988453445,0,0,266.35538571586,615.502605311295,0,0,1.55803447814378,228.399289672054,0,0,168.577689001432,0,4.79774883940834,265.857659512353,0,0,305.772388438153,0,0,0,249.833189623282,244.97862750528,0,0,0,260.036927782376,1.02340358402312,0,175.022560708307,0,2.15339899975724,6.37677446562523,2.85734465534786,0,0,208.042694305752,0,4.16063770382745,4.07119506030038,1.11584338241924,0,0,0,0,237.713329423008,0,0,207.939525233266,0,0,4.06396350764241,5.60906944181553,0,4.63930498880402,2.22178803146247,4.3635001685274,0,"CC vs. WC","CC"
"LOC111127247",12.1505607538222,19.4200189020109,2.12474621595575,9.2023608455706,3.50170168771523e-20,2.01361853850377e-16,2.61117408554178e-16,0.950377607981484,1.00987587727472,0.956516473510741,7.04072136744874,2.32691553230951,7.01981851942655,0,0,0,0,2.03130585565793,0,226.039615964377,0,0,4.03260656748682,0,4.5328846400692,0,0,4.65733902377613,6.47896551946994,8.52894134243841,5.71441488457218,0,1.1968218709353,0,2.1034402378413,0,0,0,2.28280572188047,0,2.24203402713656,0,0,0,2.12047740998917,0,0,0,0,6.86820040354495,0,0,316.753851645436,0,0,5.16699635261828,0,0,0,2.32200336404536,0.929399356954871,5.7662069871967,3.96899819131331,1.64608156915259,3.54373318614584,127.303304249469,11.7047145119333,0,0,0,0,1.95879183213399,162.451879552461,0,1.07669949987862,0,0,0.965350858300512,0,1.16877918149299,2.71649819450916,0.693439617304575,0,0,12.2270529577579,0,3.42253687325555,0,0,0,0,173.10148959209,0.822189461799483,0,1.0159908769106,0,0,0,1.11089401573123,2.1817500842637,0,"CC vs. WC","WC"
"LOC111123050",320.76516493561,4.91664911886465,2.67835685393668,4.39297393149815,1.11810538755581e-05,0.00510282001634994,0.0251708171667916,1.90075521596297,4.03950350909889,6.69561531457519,26.4027051279328,8.14420436308328,78.3879734669299,15.8046388836441,25.970729725684,84.3448857324425,42.1565857932228,42.6574229688165,78.896453629479,43.3066553950443,4.49483424005489,0,30.2445492561511,6.47085180428226,6.79932696010381,45.2102927525536,126.924048853324,67.9971497471314,16.5573563275343,37.314118373168,17.1432446537165,2.23084567241972,17.9523280640295,96.6779698153163,22.0861224973336,11.2221741818138,14.2798644969659,7.35893137082677,3034.99020724009,10.2828317229882,5.60508506784139,3754.23178033575,19.1623023382645,24.2594390762756,63.614322299675,24.9338140637842,10.1791867152558,1.03099263871239,5.3825845561242,28.4539731004005,9.34820686886269,18.6600726856254,4.68570786457746,42.6648865004086,2885.72224575367,5.16699635261828,36.3258126412345,3.16497213705182,23.9162959819251,9.28801345618144,14.8703897112779,9.61034497866117,22.8217396000515,0,3.54373318614584,3.20932699788577,7.80314300795554,32.9572010157034,10.0727191298815,1249.26831738806,11.2574394242543,4.89697958033497,9.66975473526556,4.69129431986476,0,624.923897631273,1.42867232767393,2.89605257490154,4570.78359810763,95.8398928824249,28.0704813432613,1.38687923460915,17.6418452613017,45.749578679189,8.15136863850528,11409.4092408476,6.8450737465111,36.8310686840139,6.81127018404034,24.1890377483678,22.195350765514,713.091042030309,19.7325470831876,4.98714975141071,8.12792701528483,19.6317430463543,26.7674197109789,10.438436224809,32.2159264562058,6.54525025279109,11.8205030539016,"CC vs. WC","WC"
"LOC144617655",16.5587840537132,5.64635759606103,1.68685930991379,4.78282613410712,1.72847624656412e-06,0.000974453902768854,0.00267538062376247,0.950377607981484,1.00987587727472,15.3042635761719,0.880090170931093,2.32691553230951,8.18978827266431,7.90231944182206,32.2037048598481,5.54900564029227,15.0559234975796,2.03130585565793,1.06616829229026,4.22503955073603,193.27787232236,1.33292854329827,4.03260656748682,2.15695060142742,15.1096154668973,5.31885797088865,13.7960922666657,11.1776136570627,2.87954023087553,2.1322353356096,2.85720744228609,1.11542283620986,1.79523280640295,2.24832487942596,5.25860059460325,1.02019765289217,15.3783156121171,31.5382773035433,0,0,4.48406805427311,5.03788483673612,0.871013742648386,2.27432241340084,15.9035805749188,2.16815774467689,0.848265559604651,2.06198527742477,1.07651691122484,1.96234297244142,0,0.746402907425014,0.937141572915493,0,1.17067839584328,5.16699635261828,1.3707853826881,17.9348421099603,5.43552181407388,2.32200336404536,7.43519485563897,10.5713794765273,18.8527414087382,3.29216313830517,13.2889994480469,34.2328213107815,0,7.6900135703308,0,0,5.11701792011558,15.6703346570719,6.76882831468589,3.51847073989857,0,1.06279574427087,4.28601698302178,2.89605257490154,0.682817985973652,2.33755836298597,208.264861579036,16.6425508153098,31.2124954623029,7.81090367693471,127.365134976645,0,3.42253687325555,24.8858572189283,9.53577825765648,6.04725943709196,222.878313937036,6.53213168272038,21.3769260067866,179.537391050785,36.5756715687817,8.41360416272329,4.28278715375663,3.47947874160301,8.88715212584986,2.1817500842637,8.59672949374659,"CC vs. WC","WC"
"LOC144622958",14.017054151682,-2.79063546130004,3.36302152210209,-3.94055567177024,8.12930809958971e-05,0.0285041300584638,0.109321785192942,6.65264325587039,17.1678899136703,65.9996366722411,1.76018034186219,29.0864441538689,0,1.31705324030368,25.970729725684,74.3566755799164,6.02236939903182,1.01565292782896,8.52934633832205,0,2.24741712002744,11.9963568896844,1.0081516418717,0,0,48.7561980664793,12.8763527822213,0.931467804755225,2.15965517315665,0,19.0480496152406,379.243764311352,10.1729859029501,1.12416243971298,0,0,1.09845111515122,60.9740027868504,0,1.86960576781604,0,50.3788483673612,40.9376459044741,0,2.12047740998917,7.58855210636911,1.6965311192093,0,1.07651691122484,1.96234297244142,0,5.97122325940011,0.937141572915493,2.03166126192422,7.02407037505965,51.6699635261828,6.16853422209643,0,2.17420872562955,29.025042050567,0.929399356954871,0,0.992249547828328,0,0,0,0.975392875994443,15.3800271406616,1.25908989123518,8.18298024489996,6.1404215041387,1.95879183213399,0,38.7031781388843,8.61359599902898,8.50236595416698,1.42867232767393,0,2.04845395792096,44.4136088967335,2.71649819450916,2.08031885191372,0,5.57921691209622,2.03784215962632,5.35611105900053,0,0.995434288757132,0.681127018404034,0,1.84961256379283,1.08868861378673,20.5547365449871,0,34.5436898149605,0,2.14139357687831,38.2742661576331,0,0,58.0279240827895,"CC vs. WC","CC"
"LOC111124707",2.85084251525604,-18.4646986965976,11.9408277928929,-4.16467519079788,3.11796132637286e-05,0.0126264259233623,0.0378472614488252,0,0,0,0,0,0,1.31705324030368,0,0,0,0,0,0,0,0,0,0,0,0,0,0,0,0,0,0,0,0,0,0,0,34.6921050338976,0,0,0,0,0,1.51621494226722,0,0,0,0,0,0,0,12.6888494262252,0.937141572915493,0,0,0,102.123511010263,0,0,0,0,0.961034497866117,0,0,0,0,0,0,0,0,0,19.5879183213399,0,0,89.3660584899256,0,0,0,0,0,0,0,0,0,0,1.78537035300018,0,0,0,0,0,0,0.822189461799483,0,0,0,0,0,0,2.1817500842637,0,"CC vs. WC","CC"
"LOC111099940",24.0020354775027,-3.93813659609859,3.10296775847379,-4.18935885151515,2.79743720643093e-05,0.0114902735084717,0.0483698191144622,2.85113282394445,4.03950350909889,1.91303294702148,5.28054102558656,0,2.33993950647552,4.60968634106287,0,0,2.00745646634394,3.04695878348689,296.394785256691,1.05625988768401,4.49483424005489,6.66464271649133,2.01630328374341,2.15695060142742,0,1.77295265696288,0,4.65733902377613,0.719885057718882,2.1322353356096,0.95240248076203,0,0.598410935467651,4.49664975885192,335.498717935687,0,4.39380446060488,0,9.13122288752189,3.73921153563209,3.36305104070484,7.05303877143056,2.61304122794516,215.302521801946,2.12047740998917,2.16815774467689,0,1.03099263871239,2.15303382244968,0.981171486220708,282.004240544024,448.588147362433,2.81142471874648,1.01583063096211,4.6827135833731,4.13359708209463,0,0,3.26131308844433,3.48300504606804,1.85879871390974,1.92206899573223,2.97674864348498,3.29216313830517,0,1.06977566596192,0.975392875994443,5.49286683595057,6.29544945617592,1.81844005442221,2.04680716804623,0.979395916066994,0,0,1.07669949987862,1.06279574427087,1.42867232767393,2.89605257490154,1.3656359719473,2.92194795373247,4.5274969908486,1.38687923460915,2.71413004020026,2.23168676483849,3.05676323943948,4.46342588250044,0,1.99086857751426,483.600183066864,0,0.924806281896415,3.26606584136019,1.64437892359897,0,0,6.54391434878478,1.07069678843916,2.31965249440201,0,1.09087504213185,2.14918237343665,"CC vs. WC","CC"
"LOC144622232",9.43103717821449,19.7958725814014,6.5054183879038,4.57871970175654,4.67830611286034e-06,0.00249093809920297,0.0049311613842738,2.85113282394445,0,0,0,0,36.2690623503705,0,0,0,0,0,0,0,0,99.9696407473699,93.7581026940685,0,14.3541346935525,0,0,73.5859565756628,0,0,0,0,41.2903545472679,35.9731980708154,0,0,0,0,0,0,0,0,0,0,0,0,0,0,0,20.6046012106349,0,0,0,0,0,0,63.0561276036524,22.1548049593627,0,0,0,1.92206899573223,0,0,39.8669983441407,0,0,0,0,0,0,0,11.6037056823187,0,0,0,0,0,0,4.67511672597195,0,0,0,0,0,0,107.239488695341,155.287749046113,0,0,0,62.0552509858437,0,0,0,0,0,0,0,0,0,"CC vs. WC","WC"
"LOC111127544",74.8830536247665,-20.6363704220745,3.89987762086803,-5.4714771466302,4.46299902438284e-08,3.46811210673123e-05,3.43749941661924e-05,0,36.35553158189,123.390625082886,7.04072136744874,101.220825655464,1.16996975323776,40.1701238292622,0,0,0,0,2.13233658458051,833.389051382681,0,0,0,0,33.996634800519,0,0,0,0,0,0,84.7721355519493,0,1.12416243971298,0,0,576.686835454391,653.893616093464,0,0,139.006109682467,7.05303877143056,163.750583617897,0,0,0,0,0,66.7440484959401,601.458121053294,0,0,0,0,0,0,0,417.77632209084,0,0,0,0,18.8527414087382,1023.86273601291,0,0,0,0,2.51817978247037,0,0,0,0,0,0,485.697655131788,1.42867232767393,0,0,52.0106735764379,0,0,2.71413004020026,0,0,0,0,0,0,0,0,169.83542375073,0,0,0,0,0,196.01063577697,0,0,1194.94539963078,"CC vs. WC","CC"
"LOC144624450",16.7824580193067,21.6381429331021,3.5649138005284,6.19066009691529,5.991278023182e-10,5.82136475899966e-07,1.95894883911372e-06,118.797200997685,0,0,45.7646888884168,2.32691553230951,0,0,0,0,0,110.706169133357,2.13233658458051,19.0126779783121,89.8966848010977,0,0,36.6681602242661,0,0,0,0,0,1.0661176678048,91.4306381531548,0,66.4236138369092,0,0,0,0,0,0,0,0,0,0,0,0,0,0,0,2.15303382244968,0.981171486220708,0,0,0,65.013160381575,0,0,1.3707853826881,0,0,0,0,0,0,44.4442023671199,0,0,0,215.320379969263,0,0,36.8425290248322,0,0,0,0,39.3234425380223,82.8629950050878,0,29.361173396867,0.584389590746494,0,0,0,0,127.365134976645,0,0,0,0,0,0,0,0,0,1.0159908769106,269.235333207145,0,0,0,77.4521279913613,0,"CC vs. WC","WC"
"LOC111116003",206.935648160918,-3.56096510249281,3.77360642690645,-3.98903530116897,6.63425491917615e-05,0.0238435121795191,0.0908459474020442,8.55339847183335,0,6.69561531457519,2.64027051279328,9.30766212923804,2225.28247065822,1.31705324030368,2.07765837805472,32.1842327136952,21.0782928966114,3.04695878348689,6.39700975374154,0,67.4225136008233,0,1002.10273202047,7.54932710499597,2.2664423200346,11.5241922702587,0,2750.62442744218,17.2772413852532,2.1322353356096,2.85720744228609,16.7313425431479,1.79523280640295,2121.29452373839,5.25860059460325,3169.75410753596,782.097193987669,3.15382773035433,0,0,4.48406805427311,20.1515393469445,11.323178654429,0,1451.46678713759,1074.3221624874,0,0,0,14.7175722933106,1143.59730695754,0,10.3085573020704,2.03166126192422,30.4376382919252,12.4007912462839,16.4494245922572,0,0,0,0,11.5324139743934,0.992249547828328,6.58432627661035,0,0,2.92617862798333,0,25.1817978247037,16.3659604897999,33.7723182727628,0,12.5706811558452,8.20976505976333,4.30679799951449,6.37677446562523,1.42867232767393,0.965350858300512,1.3656359719473,18.1160773131413,693.612538998005,18.0294300499189,9.4994551407009,17.8534941187079,1.01892107981316,6.24879623550062,20.5352212395333,2369.13360724197,0,0,0,9.79819752408058,0,6.23393718926338,0,11.2181388836311,28.9088132878572,0,18.885198267431,3.27262512639555,12.8950942406199,"CC vs. WC","CC"
"LOC144623813",59.5942617834487,22.7661451938613,3.58628538584196,6.47561253066266,9.44280810048825e-11,1.13124841043849e-07,2.30607706293705e-07,1.90075521596297,0,0,0,0,0,0,0,0,0,0,0,0,0,0,0,225.401337849165,0,0,0,0,295.152873664742,249.471534266323,413.342676650721,0,0,0,0,0,0,157.691386517716,0,0,0,21.1591163142917,0,0,0,661.288112126451,0,0,192.696527109246,328.692447883937,0,0,203.359721322662,0,0,8.26719416418926,0,0,172.84959368755,227.556329676445,131.974708687592,3.84413799146447,0,0,0,0,178.496896306983,0,0,0,159.650959107606,14.6909387410049,0,1.17282357996619,307.936056965286,0,0,0,0,0,5.43299638901832,0,0,254.412291191588,0,0,168.84515241394,0,0,289.260576407565,1.84961256379283,0,214.591449529665,0,0,0,213.068660899392,0,248.840259523796,121.087129676635,127.876351219481,"CC vs. WC","WC"
"LOC111111257",43.9945061300369,-22.0950232320729,4.50489090847274,-5.22626051583232,1.72972603282248e-07,0.000115658332315609,0.000237261609894709,0,0,300.346172682373,0,0,0,0,0,1.10980112805845,0,1.01565292782896,0,0,0,0,0,0,3.02192309337947,0,529.769943039961,0,0,2.1322353356096,0,235.35421844028,281.253139669796,0,0,0,0,342.715946698504,0,0,0,4.03030786938889,0,3.79053735566806,0,0,0,0,0,0,0,0,0,231.609383859361,4.6827135833731,0,0,3.16497213705182,0,0,0,0,0,0,0,0,0.975392875994443,665.73546051721,0,0,1.02340358402312,0,0,323.699308070669,4.30679799951449,0,0,0,0,0,0,0,0,0,0,487.406106369048,0,0,0,0,0.924806281896415,0,0,0,383.028560595298,0.934844906969255,0,0,0,0,323.451947202215,"CC vs. WC","CC"
"LOC144624506",4.11222732972947,-22.5375357825785,2.86603544057193,-7.96347850866997,1.67269075646191e-15,4.80932046297927e-12,5.83193198696408e-12,0,0,0,0,0,0,0,0,0,0,1.01565292782896,0,0,0,0,0,6.47085180428226,0,0,0,0,0,0,1.90480496152406,112.657706457196,4.7872874837412,0,1.05172011892065,212.201111801571,0,2.10255182023622,1.14140286094024,0.934802883908022,0,3.02273090204167,2.61304122794516,0,0,0,0,0,0,0,0,2.23920872227504,0,9.14247567865899,0,2.06679854104731,0,0,0,3.48300504606804,1.85879871390974,3.84413799146447,1.98449909565666,0,0,0,0,0,0,0,0,0.979395916066994,0,0,1.07669949987862,0,0,0,0,1.16877918149299,0,0,0,3.34753014725773,0,0,0,0,0,0,0,0,0,0,0,0,0,0,0,5.45437521065925,0,"CC vs. WC","CC"
"LOC144623104",2.86055763739055,14.769297761721,6.53054059393135,4.36521771482824,1.26996207296615e-05,0.00570530461280043,0.0101341400031363,0,0,0,0,0,0,0,0,0,0,0,0,2.11251977536801,0,0,0,0,0.755480773344867,0,0,0,2.15965517315665,4.2644706712192,0.95240248076203,0,0,0,0,0,0,6.30765546070866,0,0,0,2.01515393469445,0,0,1.06023870499458,0,0,0,0,0.981171486220708,0,2.23920872227504,0,0,0,0,0,1.05499071235061,0,0,0,0,0,0,0,0,0,0,0,0,0,0,0,0,0,3.18838723281262,0,0,1.3656359719473,0.584389590746494,0,0,0,0,0,226.742034831022,2.28169124883703,0,0,0,0,0,0,0,0,0,0,0,0,5.45437521065925,5.37295593359162,"CC vs. WC","WC"
"LOC111113307",99.7627563494565,7.30681959938143,3.46708385613872,4.40639869356917,1.0510343009452e-05,0.00487408680980264,0.0153785012794862,498.948244190279,98.9678359729227,120.521075662353,0,173.355207157058,0,0.658526620151839,0,196.434799666346,532.979691814316,147.2696745352,68.2347707065764,21.1251977536801,128.102775841564,39.987856298948,0,350.504472731956,0,124.106685987402,0,1.86293560951045,187.170115006909,3.1983530034144,88.5734307108688,2.23084567241972,0,0,0,0,67.0055180242244,0,25.1108629406852,0,42.5986465155946,0,203.817215779722,0,0,288.364980042026,0,0,272.358778539885,425.828425019787,0,0,41.2342292082817,0,0,0,260.449222710738,253.197770964145,566.381373026499,0,0,134.544829701256,0,113.579628271529,0,19.2559619873146,6.8277501319611,684.411207759442,191.381663467748,0,212.867945476808,232.116832107877,0,83.2704741775995,0,130.723876545317,28.5734465534786,233.614907708724,0,137.915943416172,0,92.2274691015084,80.0668361859075,127.206145595794,201.746373803006,22.3171294125022,6.8450737465111,0,43.5921291778582,85.6695086921361,300.562041616335,0,118.395282499126,269.306086576178,0,70.1133680226941,52.4641426335187,185.572199552161,92.2042033056923,185.448757162414,4.2983647468733,"CC vs. WC","WC"
"LOC111116266",7.03192320778563,44.0046365905666,2.34062007144842,18.9819407835042,2.40544214816772e-80,6.91612726441183e-76,3.81872141095494e-75,0,2.01975175454944,0,2.64027051279328,0,16.3795765453286,0,0,1.10980112805845,0,0,0,0,0,0,18.1467295536907,0,0,7.09181062785154,3.67895793777751,0.931467804755225,71.9885057718882,2.1322353356096,4.76201240381015,0,24.5348483541737,24.7315736736856,0,0,0,0,0,0,2.24203402713656,0,0,0,30.7469224448429,1.08407887233844,0,0,0,0,0,0.746402907425014,7.49713258332394,25.3957657740527,0,1.03339927052366,8.22471229612858,0,0,0,0,88.4151738036828,1.98449909565666,0,0,0,1.95078575198889,2.19714673438023,3.77726967370555,0,147.370116099329,106.754154851302,0,0,2.15339899975724,0,0,0,1.3656359719473,2.33755836298597,0,0,0,0,1.01892107981316,0,6.8450737465111,15.9269486201141,0,0,3.69922512758566,0,0.822189461799483,0,0,7.47875925575404,5.35348394219579,1.159826247201,0,3.27262512639555,0,"CC vs. WC","WC"
"LOC144623455",18.4589387705904,-19.0939206630973,3.73018703855042,-5.33239731310589,9.69245809746165e-08,7.14557833892865e-05,6.72545187543705e-05,0,0,0.956516473510741,0,0,0,2.63410648060735,0,0,3.01118469951591,1.01565292782896,0,0,0,0,0,0,7.55480773344867,0,1.83947896888875,0,0,0,0,0,4.18887654827355,0,0,1.02019765289217,0,0,0,0,0,0,0,0,0,0,0,0,5.3825845561242,1.96234297244142,23.3705171721567,0,0,0,0,8.26719416418926,0,0,0,0,0,0,0,6.58432627661035,0,0,0,2.19714673438023,0,0,0,0,0,0,0,0,0,0,0,0,0.90549939816972,0,18.9989102814018,0,0,1644.32609511316,0,0,0,0,0.924806281896415,0,0,0,0,0,0,0,0,0,0,"CC vs. WC","CC"
"LOC144625993",2.94473852505433,-15.7425775425836,2.71826781984566,-5.86403437996871,4.51753878440659e-09,3.82024338615466e-06,6.52032831007842e-06,0,0,0,0,0,0,0.658526620151839,0,0,0,5.07826463914482,0,0,0,0,0,0,0,0,0,0.931467804755225,9.35850575034546,0,0,0,0.598410935467651,0,4.2068804756826,1.02019765289217,2.19690223030244,0,0,0,0,4.03030786938889,0,0,0,4.33631548935378,0,1.03099263871239,0,0,0.779017239071891,0,0,0,0,8.26719416418926,0,0,4.34841745125911,9.28801345618144,0,0.961034497866117,0,0,0,0,0,1.09857336719011,2.51817978247037,0,5.11701792011558,6.85577141246896,1.93395094705311,0,1.07669949987862,0,0,0,0,1.16877918149299,0,5.5475169384366,0,0,0,0,0,0,0,0,191.434900352558,0,0.822189461799483,0,0,0,2.14139357687831,0,0,0,0,"CC vs. WC","CC"
"LOC144624833",18.8667507070025,19.7645855643489,3.4857683499232,5.78770511860218,7.13545296383447e-09,5.86167267474768e-06,9.56752101564306e-06,0,32.3160280727911,34.4345930463867,10.5610820511731,4.65383106461902,0,6.58526620151839,0,0,0,0,41.58056339932,82.3882712393525,0,0,0,0,9.06576928013841,0,0,0,0,0,0,0,0,2.24832487942596,0,0,28.5597289939317,0,0,0,89.6813610854623,102.772850669417,0,0,0,0,0,0,10.7651691122484,0,0,0,0,9.14247567865899,37.4617086669848,0,0,10.5499071235061,0,0,0,0,0,113.579628271529,0,573.399756955591,0,0,0,0,0,0,1.93395094705311,0,0,66.9561318890649,0,38.6140343320205,0,2.33755836298597,0,0,0,20.0851808835464,0,0,0,0,0,0,0,115.400993061393,0,0,0,0,0,315.472739238673,0,2.1817500842637,10.7459118671832,"CC vs. WC","WC"
"LOC111109459",53.540247488116,5.19692616650604,1.80276986232334,4.68454881044915,2.80577301144044e-06,0.00152210538914973,0.00750288146327005,2.85113282394445,6.05925526364833,0,40.4841478628303,11.6345776615475,2.33993950647552,0,31.1648756708207,15.5372157928184,12.0447387980636,28.438281979211,31.9850487687077,2.11251977536801,0,13.3292854329827,19.1548811955624,19.4125554128468,225.888751230115,9.75123961329586,34.030360924442,5.58880682853135,5.03919540403217,1110.8946098526,134.288749787446,7.80795985346901,15.5586843221589,19.1107614751207,4.2068804756826,3.0605929586765,5.4922555757561,10.5127591011811,3.42420858282071,0.934802883908022,2.24203402713656,202.522970436792,0,5.30675229793529,22.2650128048863,3.25223661701533,5.93785891723256,4.12397055484955,30.1424735142955,7.84937188976566,7.01115515164702,13.4352523336503,5.62284943749296,14.2216288334695,23.4135679168655,3.10019781157097,20.5617807403214,0,0,294.894427233761,2.78819807086461,147.999312671382,0.992249547828328,34.5677129522043,2.65779988960938,19.2559619873146,5.85235725596666,5.49286683595057,6.29544945617592,20.9120606258554,11.2574394242543,4.89697958033497,176.95651165536,5.86411789983095,25.8407879970869,8.50236595416698,16.4297317682502,4.82675429150256,6.82817985973652,15.1941293594088,16.298989167055,33.2851016306196,10.856520160801,378.270906640124,7.13244755869212,8.92685176500088,5.70422812209258,17.9178171976284,8.85465123925245,1418.08233799806,3.69922512758566,20.6850836619479,4.9331367707969,6.23393718926338,6.09594526146362,3.73937962787702,12.8483614612699,11.59826247201,11.1089401573123,22.9083758847688,2.14918237343665,"CC vs. WC","WC"
"LOC144625551",10.0070859637009,-19.2159977569278,2.75854244728404,-7.04655512938562,1.83401482984287e-12,2.87138596557425e-09,8.02741569161136e-09,0,9.08888289547249,1.91303294702148,0,0,0,13.1705324030368,0,0,0,0,3.19850487687077,88.7258305654565,0,0,0,0,1.51096154668973,0,0.919739484444377,0,238.28195410495,0,0,4.46169134483944,0,0,0,0,0,2.10255182023622,0,12.1524374908043,0,0,6.96810994118709,0.758107471133612,0,234.161036425104,3.3930622384186,0,0,100.079491594512,2.33705171721567,0,0,0,2.34135679168655,0,0,0,0,0,0,0,0,0,0,0,3.90157150397777,8.78858693752092,0,0,0,0,0,0,0,0,0,0,0,0,49.8024668993346,0,2.71413004020026,2.23168676483849,0,0,0,0,6.13014316563631,0,1.84961256379283,0,0,0,2.03198175382121,28.0453472090776,20.343238980344,9.27860997760804,79.9843691326488,0,0,"CC vs. WC","CC"
"LOC111126481",24.4299660078324,-22.562648210857,1.97873160426431,-11.4711300980497,1.84237374911404e-30,2.64859650172634e-26,0,0,12.1185105272967,25.82594478479,5.28054102558656,10.4711198953928,0,3.95115972091103,19.7377545915198,5.54900564029227,4.01491293268788,2.03130585565793,2.13233658458051,0,0,2.66585708659653,6.04890985123023,0,20.3979808803114,0,0,7.4517424380418,0,5.330588339024,320.959636016804,0,314.165741120517,0,4.2068804756826,2.04039530578433,4.39380446060488,26.2818977529527,0,7.47842307126418,0,6.04546180408334,20.0333160809129,379.053735566806,0,0,1.6965311192093,0,10.7651691122484,5.88702891732425,0,0,0,272.242609097845,2.34135679168655,296.58559064029,30.8426711104822,0,0,0,0,0,7.93799638262662,0,0,6.41865399577154,0,0,1.25908989123518,9.09220027211106,1.02340358402312,4.89697958033497,25.1413623116905,5.86411789983095,4.30679799951449,2.12559148854174,0.714336163836964,0,0,15.7785189501553,7.24399518535776,2.08031885191372,0,13.3901205890309,0,0.892685176500088,0,32.8493315289853,0,0,0,6.53213168272038,3.28875784719793,0,9.14391789219543,1.86968981393851,0,0,0,284.718385996413,11.8205030539016,"CC vs. WC","CC"
"LOC144624971",19.096258527645,18.5748935478656,2.88826518739529,6.51279155044667,7.37668469249519e-11,9.22149731646181e-08,1.54692619034909e-07,1.90075521596297,4.03950350909889,0,0,11.6345776615475,2.33993950647552,10.5364259224294,0,0,0,0,36.2497219378687,7.39381921378804,0,0,0,6.47085180428226,0,0,0,3.7258712190209,0,4.2644706712192,0,0,0,0,0,0,74.694675830283,9.46148319106299,0,0,291.464423527752,5.03788483673612,3.48405497059354,0,0,0,0,0,34.4485411591949,0,0,0,0,0,0,4.13359708209463,0,11.6048978358567,0,0,0,0,11.9069945739399,332.508476968823,1.77186659307292,1.06977566596192,0,4.39429346876046,0,0,0,0,4.83487736763278,0,0,7.4395702098961,0,9.65350858300512,9.55945180363113,14.0253501779158,0,0,96.3516164271091,0,0,0,0,0,0,0,0,704.381533120015,0,0,0,0,0,16.2375674608141,0,0,58.0279240827895,"CC vs. WC","WC"
"LOC144625005",904.573264865013,6.8111727311906,4.27410292664419,4.23369572524997,2.29881928681347e-05,0.00957908001948707,0.0325616229237643,29.461705847426,0,2091.90152756799,5673.06124182182,2.32691553230951,0,24.365484945618,14.543608646383,0,1419.27172170517,5225.53431368002,5.33084146145128,1901.26779783121,0,2552.55816041618,3454.93567669433,12.9417036085645,3.77740386672434,2031.80374487947,2037.22295804429,0,3.59942528859441,7.46282367463361,3.80960992304812,0,0,4.49664975885192,0,0,1005.08277036337,3.15382773035433,3003.03092713376,0,887.845474746077,4.03030786938889,0,0,2370.69374436789,26.0178929361227,0,2.06198527742477,2.15303382244968,0.981171486220708,5.45312067350323,1501.76264973913,2425.32239070529,0,2525.15329983395,0,310.482889178854,0,0,5.8050084101134,3962.02945869862,6.72724148506282,1806.88642659539,0,0.885933296536459,0,0,4.39429346876046,2432.56166986637,2459.44017360604,24.5616860165548,4.89697958033497,4146.39083048187,962.888159152243,1175.75585386746,1193.51962081619,38.5741528471961,634.235513903436,0,1202.08938816554,3964.27636518703,456.28326818641,8.14239012060077,4.46337352967698,470.74153887368,4190.26421849141,9.12676499534813,0,2167.34617256164,1903.87884611112,11.097675382757,2440.83987210985,1878.70292021182,42.390772886991,146.302686275127,0.934844906969255,1262.35151356977,2170.03490851308,2295.10703650073,973.060537581609,0,"CC vs. WC","WC"
"LOC111116296",469.301598142342,-6.15151950514457,3.8776007626314,-4.25016635306553,2.13611808779468e-05,0.00903200989121656,0.0352094658786411,0,0,182.694646440552,1.76018034186219,0,0,19.0972719844033,124.659502683283,0,0,0,247.35104381134,108.794768431453,0,0,44.358672242355,0,39.2850002139331,1.77295265696288,7.35791587555502,0,0,10.661176678048,0,38030.3416005751,0,132.651167886132,45.2239651135879,0,50.5287512969561,508.817540497165,4.56561144376094,0,700.635633480174,10.0757696734722,29.6144672500451,25.7756540185428,2.12047740998917,36.8586816595071,16.1170456324884,0,2.15303382244968,21.5857726968556,0,1.49280581485003,1.87428314583099,2.03166126192422,1134.38736557213,4.13359708209463,4.11235614806429,39.0346563569724,65.2262617688866,51.0840740089979,0,0,244.093388765769,1083.1216725024,12.4030661515104,27.81416731501,0,1.09857336719011,37.7726967370555,5.45532016326664,6.1404215041387,0,30.9432151528498,10.5554122196957,0,40.3862382822931,0,59.8517532146317,4.09690791584191,2.33755836298597,0,2.7737584692183,138.420632050213,95.962530888055,2.03784215962632,43.7415736485043,0,1.99086857751426,10.8980322944645,58.4568412252223,5.54883769137849,302.655434632711,3.28875784719793,2.49357487570535,60.9594526146362,0,4.28278715375663,104.38436224809,0,0,2.14918237343665,"CC vs. WC","CC"
"LOC144626817",8.84496526728763,24.0196588017484,3.85796754090988,6.3722970825391,1.86217717766985e-10,2.14165272849455e-07,4.83375214017309e-07,0.950377607981484,0,0,0,0,0,6.58526620151839,0,0,0,0,0,0,0,0,7.05706149310193,0,0,0,0,0,0,2.1322353356096,8.57162232685827,0,0,0,0,0,0,0,0,0,0,31.2348859877639,0,0,0,0,0,0,0,0,0,0,0,0,24.5842463127088,7.2337948936656,0,0,0,0,0,1.92206899573223,0,0,0,0,0,9.88716030471103,0,11.8198603537444,0,0,0,0,1.07669949987862,1.06279574427087,0,0,46.4316230462083,0,0,0,16.2847802412015,0,0,0.892685176500088,638.873549674369,0,0,11.0866423013353,0,0,0,0,0,3.73937962787702,0,0,0,0,0,"CC vs. WC","WC"
"LOC144626899",3.57524694493226,-18.063909029307,3.99451141443582,-5.01589288942127,5.27877325997377e-07,0.000329946279936447,0.000645715069216812,0,0,0,1.76018034186219,0,0,0,0,0,0,0,2.13233658458051,0,0,0,0,0,6.04384618675894,0,0,0,0,2.1322353356096,0,15.615919706938,0,161.879391318669,0,2.04039530578433,0,0,0,0,0,0,0,0,0,1.08407887233844,0,0,0,0,1.55803447814378,0,0,0,2.34135679168655,0,0,0,0,0,0,0,0,3.29216313830517,0,0,0,0,0,0,4.09361433609246,60.7225467961536,3.86790189410622,0,0,4.25118297708349,0,0,0,0,0,2.7737584692183,0,0,0,51.7757402370051,0,0,0,0,0,1.08868861378673,0,0,0,0,0,0,0,6.54525025279109,1.07459118671832,"CC vs. WC","CC"
"LOC111099077",6.95928090159912,18.9432283919393,3.07574547536568,6.24863697478152,4.14050020089907e-10,4.40917265837964e-07,9.92397480715774e-07,0,6.05925526364833,5.73909884106445,0,25.5960708554046,0,0,0,0,0,0,4.26467316916103,16.9001582029441,0,2.66585708659653,0,0,3.02192309337947,0,3.67895793777751,0,0,0,1.90480496152406,0,0,0,0,0,0,0,0,0,251.107811039294,6.04546180408334,19.1623023382645,0,0,0,0,0,6.45910146734904,1.96234297244142,0,0,0,0,0,0,0,55.9145077545821,0,0,0,0,5.95349728696997,6.58432627661035,0,0,0,0,0,0,0,0,0,0,0,8.50236595416698,0,28.9605257490154,0,1.16877918149299,0,0,0,2.23168676483849,0,0,2.28169124883703,0,0,2.01575314569732,0,41.3701673238958,0,0,0,0,0,81.1878373040703,0,2.1817500842637,61.2516976429445,"CC vs. WC","WC"
"LOC144626398",22.4851393340203,-2.06534304769952,1.63384876404409,-4.3341939994716,1.46295123224196e-05,0.00647119597375706,0.0519552264751382,11.4045312957778,13.1283864045714,32.5215600993652,19.361983760484,15.1249509600118,4.67987901295104,5.92673958136655,62.3297513416415,26.6352270734029,16.0596517307515,13.2034880617765,10.6616829229026,12.6751186522081,22.4741712002744,11.9963568896844,30.2445492561511,21.5695060142742,56.6610580008651,19.5024792265917,45.9869742222188,12.1090814618179,2.15965517315665,53.30588339024,42.8581116342913,8.92338268967887,31.1173686443178,17.9865990354077,9.46548107028584,10.2019765289217,8.78760892120976,30.4870013934252,18.2624457750438,17.7612547942524,23.5413572849338,35.2651938571528,25.2593985368032,21.2270091917411,19.0842966899025,4.33631548935378,257.872730119814,8.2479411096991,4.30606764489936,19.6234297244142,34.2767585191632,3.73201453712507,4.68570786457746,8.12664504769688,28.0962815002386,29.9685788451861,27.4157076537619,15.8248606852591,1.08710436281478,10.4490151382041,8.36459421259384,10.5713794765273,9.92249547828328,14.8147341223733,6.20153307575522,0,9.75392875994443,31.8586276485133,10.0727191298815,26.3673807891221,39.9127397769015,28.4024815659428,5.80185284115934,15.2467065395605,9.6902954989076,15.9419361640631,6.42902547453268,8.68815772470461,12.2907237475257,22.2068044483668,12.6769915743761,27.0441450748784,27.1413004020026,3.34753014725773,0,30.351296001003,11.4084562441852,18.9132514863855,8.17352422084841,3.02362971854598,6.47364397327491,11.975574751654,240.901512307249,2.49357487570535,14.2238722767485,20.5665879533236,7.4948775190741,9.27860997760804,16.6634102359685,27.2718760532962,23.6410061078031,"CC vs. WC","CC"
"LOC111136642",28.7301039702073,18.9112353693551,2.6307521078212,7.26394676641175,3.75956014554525e-13,7.72106237890836e-10,1.2127537980769e-09,0,0,0,3.52036068372437,11.6345776615475,0,17.1216921239478,0,0,0,0,56.5069194913836,0,0,0,0,0,1.51096154668973,0,3.67895793777751,0,339.065862185593,0,1.90480496152406,0,0,74.1947210210567,0,0,0,44.1535882249606,0,0,39.2355954748897,111.841043375542,0,0,2.12047740998917,0,0,0,2.15303382244968,1.96234297244142,0,0,0,0,1.17067839584328,424.727100185223,0,3.16497213705182,0,2.32200336404536,0,0,123.038943930713,23.0451419681362,0,0,79.0068229555499,0,0,4.54610013605553,0,1094.9646341629,0,0,0,2.12559148854174,0.714336163836964,3.86140343320205,4.09690791584191,18.7004669038878,0,5.5475169384366,8.14239012060077,8.92674705935396,0,7.1414814120007,2.28169124883703,0,0,10.0787657284866,0,90.3611549442987,0,0,42.6716168302454,0,0,19.7170462024171,0,0,9.67132068046491,"CC vs. WC","WC"
"LOC111132872",54.0930129212222,-5.2283117070833,2.56468551944722,-4.44923017038065,8.61786227476659e-06,0.00406197993646047,0.0208116777417973,0,3.02962763182416,12.4347141556396,1.76018034186219,2.32691553230951,0,2.63410648060735,17.6600962134651,2.21960225611691,31.1155752283311,0,36.2497219378687,12.6751186522081,0,5.33171417319306,2.01630328374341,5.39237650356855,7.55480773344867,14.1836212557031,0,0,4.31931034631329,3.1983530034144,1.90480496152406,3809.16898565667,7.77934216107946,2.24832487942596,2.1034402378413,3.0605929586765,0,53.6150714160236,7.98982002658165,1.86960576781604,108.738650316123,0,13.9362198823742,3.03242988453445,2.12047740998917,5.42039436169222,0,2.06198527742477,6.45910146734904,3.92468594488283,1.55803447814378,1.49280581485003,1.87428314583099,5.07915315481055,22.2428895210222,2.06679854104731,6.85392691344048,21.0998142470121,0,4.64400672809072,0,0.961034497866117,32.7442350783348,108.641383564071,0,0,0.975392875994443,15.3800271406616,17.6272584772926,3.63688010884443,0,8.81456324460294,4.83487736763278,7.03694147979714,0,3.18838723281262,1.42867232767393,31.8565783239169,0,29.2194795373247,5.43299638901832,2.7737584692183,0,15.6218073538694,14.2648951173842,17.8537035300018,0,1.99086857751426,0,3.02362971854598,1.84961256379283,358.178553935834,0,2.49357487570535,17.2718449074803,10.2832939766618,12.8483614612699,68.4297485848593,8.88715212584986,0,10.7459118671832,"CC vs. WC","CC"
"LOC111132059",6.08733127288517,3.79447846134109,3.35968649553329,4.1126690387168,3.91110895529305e-05,0.0151962438760251,0.0670877001954809,0,4.03950350909889,7.65213178808593,0,4.65383106461902,21.0594555582797,1.31705324030368,0,2.21960225611691,7.02609763220379,2.03130585565793,39.4482268147395,0,0,0,2.01630328374341,7.54932710499597,7.55480773344867,4.43238164240721,1.83947896888875,1.86293560951045,0,2.1322353356096,7.61921984609624,0,9.57457496748241,19.1107614751207,7.36204083244454,0,3.29535334545366,1.05127591011811,1.14140286094024,0,12.3311871492511,2.01515393469445,2.61304122794516,0,3.18071611498375,13.0089464680613,0.848265559604651,0,0,0,0,0,0,0,12.877462354276,12.4007912462839,1.3707853826881,0,0,0,8.36459421259384,124.934484722595,4.96124773914164,3.29216313830517,1.77186659307292,0,3.90157150397777,2.19714673438023,2.51817978247037,0,8.18722867218493,0,0,2.34564715993238,2.15339899975724,3.18838723281262,9.28637012988053,1.93070171660102,0,1.75316877223948,4.5274969908486,2.7737584692183,0,0,108.005634460195,1.78537035300018,7.98591937092962,0,10.2169052760605,2.01575314569732,0,6.53213168272038,0,0,8.12792701528483,0.934844906969255,2.14139357687831,0,1.11089401573123,2.1817500842637,6.44754712030994,"CC vs. WC","WC"
"LOC144626566",44.7427778615768,-2.32756794878033,1.26359248370329,-4.55664990920687,5.19759475201854e-06,0.00271711353290976,0.0273326165003959,14.2556641197223,18.177765790945,22.9563953642578,51.9253200849345,39.5575640492617,52.6486388956992,41.4871770695658,1.03882918902736,15.5372157928184,49.1826834254266,106.643557422041,20.2571975535149,9.50633898915606,13.4845027201647,59.9817844484219,28.2282459724077,36.6681602242661,58.1720195475548,10.6377159417773,71.7396797866614,21.4237595093702,52.5516092134784,30.9174123663392,63.810966211056,20.0776110517775,43.0855873536708,3.37248731913894,48.3791254703499,76.5148239669125,17.5752178424195,52.5637955059055,76.4739916829958,10.2828317229882,121.069837465374,67.507656812264,20.0333160809129,603.453547022355,30.7469224448429,17.3452619574151,44.1098090994419,94.8513227615396,105.498657300034,85.3619193012016,38.9508619535945,29.1097133895755,28.1142471874648,66.0289910125371,14.0481407501193,102.306527781842,30.8426711104822,13.7148792605579,5.43552181407388,23.2200336404536,59.4815588451118,25.9479314423852,9.92249547828328,52.6746102128828,22.1483324134115,80.2331749471442,92.6623232194721,12.0843070390913,12.5908989123518,56.3716416870886,12.2808430082774,42.1140243908807,66.7213076733324,44.5672960387152,54.9116744938097,3.18838723281262,35.7168081918482,6.75745600810358,6.14536187376287,52.0106735764379,14.4879903707155,27.737584692183,5.42826008040051,6.69506029451547,32.6054745540211,19.6390738830019,22.8169124883703,43.7991087053138,14.9847944048888,25.1969143212165,36.0674449939602,89.2724663305119,86.3298934889457,14.9614492542321,28.4477445534969,53.2861596972475,43.8985683260055,11.59826247201,28.8832444090121,29.4536261375599,40.8344650952963,"CC vs. WC","CC"
"LOC111106792",173.704790214501,-3.40719981856476,3.83788327291805,-3.95008888357144,7.81221766642751e-05,0.0277304793018671,0.0954296389860438,451.429363791205,257.518348705054,0,14.9615329058286,17.4518664923213,8.18978827266431,5.92673958136655,0,0,2.00745646634394,9.14087635046067,2.13233658458051,0,716.926061288754,366.555349407023,9.07336477684534,349.425997431242,9.06576928013841,601.917427038899,3.67895793777751,0,11.5181609235021,735.621190785313,1027.64227674223,10.0388055258887,661.244083691754,6.74497463827788,0,316.261272396572,0,786.354380768346,0,267.353624797694,7.84711909497795,0,0,636.810275752234,2.12047740998917,0,6.78612447683721,1.03099263871239,3.22955073367452,4.90585743110354,0.779017239071891,0,846.23884034269,852.28189937721,0,975.528911374332,533.920906557013,307.002297294026,1.08710436281478,6.96601009213608,8.36459421259384,5.7662069871967,12.8992441217683,0,4.4296664826823,333.77000778012,893.45987441091,1127.13627473706,457.049630518372,10.9106403265333,0,499.491917194167,0,48.0857667786138,2.15339899975724,10.6279574427087,3.57168081918482,0,2.73127194389461,12.2721814056764,6.33849578718804,0.693439617304575,0,2.23168676483849,0,4.46342588250044,0,0,0,0,19.4209319198247,0,8.22189461799483,4.98714975141071,7.11193613837423,271.105023021084,3.21209036531747,666.900092140578,5.55447007865616,644.707149899923,415.866789259991,"CC vs. WC","CC"
"LOC111132635",21.7879767051874,-19.582700203152,2.7680806208439,-7.15698133362034,8.24729219763239e-13,1.58084096844218e-09,2.46306132156417e-09,0.950377607981484,0,0,0,0,160.285856193573,17.7802187440996,0,0,181.674810204127,4.06261171131585,20.2571975535149,77.1069718009325,0,21.3268566927722,192.556963597496,6.47085180428226,0,7.97828695633298,0,0,0,0,126.66952994135,14.5004968707282,0,97.8021322550292,3.15516035676195,0,2.19690223030244,0,0,3.73921153563209,16.8152552035242,0,0,7.58107471133612,0,0,2.54479667881395,1.03099263871239,0,0,0.779017239071891,0,8.43427415623943,2.03166126192422,0,0,1.3707853826881,1.05499071235061,0,0,1.85879871390974,4.80517248933059,0,0,152.380527004271,0,0,0,0,0,0,0,0,0,92.5961569895615,0,0,0,0,0,1.81099879633944,0,0,60.2555426506392,0,0,0,0,0,0,0,0,0,0,0,180.425067045066,399.369902087806,0,174.410360469804,0,0,"CC vs. WC","CC"
"LOC144618101",9.73305352947864,-20.1201376738792,2.86229935113092,-7.11731095581138,1.10053010845425e-12,1.97765260489228e-09,3.97908998158084e-09,0,19.1876416682197,33.4780765728759,10.5610820511731,0,0,5.26821296121471,0,0,0,0,148.197392628346,23.2377175290481,0,2.66585708659653,0,0,6.79932696010381,0,0,1.86293560951045,0,0,0,37.9243764311352,0,2.24832487942596,0,0,5.4922555757561,37.8459327642519,0,0.934802883908022,5.60508506784139,2.01515393469445,17.4202748529677,0,0,0,0,0,27.9894396918458,0,4.67410343443134,0,0,37.5857333455981,25.7549247085521,0,0,0,0,0,0,0,0,79.0119153193242,0,40.6514753065531,1.95078575198889,0,0,0,0,0,36.7450679940091,0,0,0,0,0,0,0,0,0,0,1.11584338241924,0,0,0,5.97260573254279,0,0,0,246.043626715801,0,0,0,0,0,20.8768724496181,0,0,25.7901884812398,"CC vs. WC","CC"
"LOC111109951",4.86136041681585,-19.3921862859695,4.71704737356686,-4.87302203429262,1.09903959650609e-06,0.000644889519974347,0.00117589914018456,0,0,0,3.52036068372437,0,0,0,0,0,0,0,6.39700975374154,0,0,0,0,3.23542590214113,3.02192309337947,0,0,0,0,0,0,39.0397992673451,0,265.302335772263,0,0,0,6.30765546070866,0,0,0,0,0,0,0,0,0,0,0,0,3.11606895628756,0,0,0,4.6827135833731,0,0,0,0,4.64400672809072,0,0,0,6.58432627661035,0,0,0,0,0,2.72766008163332,4.09361433609246,30.3612733980768,0,0,0,0,0,0,0,0,0,0,0,0,0,69.6294437670069,0,0,0,0,0,2.17737722757346,0,0,1.0159908769106,0,0,0,1.11089401573123,0,0,"CC vs. WC","CC"
"LOC111100644",107.980202477156,-18.8321352135657,2.43525555695532,-7.80250738956496,6.06890743891333e-15,1.58630206076033e-11,2.16497848159424e-11,0,430.207123719031,0,15.8416230767597,0,216.444404348985,21.0728518448588,33.2425340488755,0,0,370.713318657572,0,232.377175290481,0,0,4.03260656748682,0,0,7.09181062785154,933.535576711043,0,4.31931034631329,1.0661176678048,0,0,549.939649694771,41.5940102693803,1.05172011892065,1.02019765289217,0,0,28.5350715235059,10.2828317229882,8.96813610854623,8.06061573877779,3.48405497059354,0,7.42167093496209,0,7.63439003644186,31.960771800084,13.9947198459229,146.194551446885,0,842.688882482841,346.742381978732,372.809841563094,0,0,1835.48162741936,84.3992569880485,1.08710436281478,263.547381819148,5.57639614172923,0,174.635920417786,235.38966438882,3.54373318614584,0,0,24.1686140781825,1.25908989123518,220.031246585088,0,0,29.0092642057967,350.674250409891,0,48.8886042364601,0,0,0,8.7658438611974,0,876.507676272982,23.0701053417022,0,0,444.557217897044,0,0,0,0,0,0,26.3100627775835,0,0,96.2890254178332,0,4.63930498880402,284.388868027196,413.441640967971,2.14918237343665,"CC vs. WC","CC"
"LOC111110618",42.7650333748157,44.6783537670721,7.01881396181597,6.91397538814777,4.71256970602978e-12,6.77479020938841e-09,3.85635880010607e-08,0,0,0,0,0,0,0,0,0,0,0,0,0,0,1.33292854329827,0,0,0,79.7828695633298,0,0,0,0,543.821816515119,0,0,0,0,0,0,1.05127591011811,0,0,0,0,0,0,0,252.590377254858,0,0,0,0,0,453.812967714409,0,0,532.65867010869,0,0,0,0,0,1.85879871390974,0,0,0,0,0,0,589.933898181092,265.667967050624,0,0,0.979395916066994,0,0,0,0,0,0,454.073960672478,0,0,0,0,0,0,0,0,0,0,0,0,0,0,0,0,283.258006811684,258.037926013837,0,301.052278263164,0,0,"CC vs. WC","WC"
"LOC111108826",39.5640590020243,30.6685037450841,5.2952549577209,6.06503369054014,1.31925994940238e-09,1.18535506453804e-06,4.44554984943701e-06,0,0,0,0,0,0,0,0,0,0,0,0,0,0,0,0,0,0,203.00307922225,0,0,1.43977011543776,0,430.485921304437,0,0,0,0,0,0,0,0,0,1.12101701356828,0,3.48405497059354,0,0,290.533137786703,0,0,0,0,0,276.91547865468,0,0,416.761508920206,0,0,0,0,0,0,0,0,0,0,0,0,505.343748907453,331.140641394853,1.81844005442221,0,0,0,0,0,1.06279574427087,0,0,342.774628958773,0,0,0,75.9956411256072,3.34753014725773,0,0,0,0,0.681127018404034,0,0,0,0,0,0,258.017194323514,305.14858470516,0,269.94724582269,0,0,"CC vs. WC","WC"
"LOC144627224",8.79238029428117,6.93428795219972,2.17818083396361,4.70658990330015,2.51894923825374e-06,0.0013927851634283,0.00342588659544846,1.90075521596297,3.02962763182416,2.86954942053222,18.4818935895529,0,44.4588506230348,0.658526620151839,0,1.10980112805845,0,11.1721822061186,18.1248609689344,10.5625988768401,0,0,18.1467295536907,8.62780240570968,16.6205770135871,0,23.9132265955538,0,13.6778160966588,0,0.95240248076203,0,0,14.6141117162687,3.15516035676195,0,7.68915780605854,1.05127591011811,4.56561144376094,0,30.2674593663435,21.1591163142917,0,0,4.24095481997833,11.9248675957229,0,14.4338969419734,5.3825845561242,1.96234297244142,0,29.8561162970006,0,2.03166126192422,0,25.8349817630914,2.05617807403214,3.16497213705182,0,0,4.64699678477436,0,29.7674864348498,3.29216313830517,36.3232651579948,0,0,6.59144020314069,5.03635956494073,8.18298024489996,0,0,21.2734604175842,7.03694147979714,0,9.56516169843785,5.00035314685875,62.7478057895333,6.82817985973652,0,1.81099879633944,7.62783579035032,0,1.11584338241924,60.1163437089764,0.892685176500088,0,1.99086857751426,1.36225403680807,16.1260251655786,45.3155078129244,22.8624608895213,0.822189461799483,14.9614492542321,8.12792701528483,9.34844906969255,13.919058249709,17.3973937080151,11.1089401573123,4.3635001685274,3.22377356015497,"CC vs. WC","WC"
"LOC144618687",810.007488397467,-3.61139993594692,1.71633294188876,-4.54691285246913,5.44385259288331e-06,0.00274599385527335,0.0171778641102874,345.93744930526,600.876146978459,421.823764818237,61.6063119651765,181.499411520142,698.471942682942,177.143660820845,211.921154561581,47.7214485065135,619.300319867106,32.5008936905268,21.3233658458051,958.027718129394,42.7009252805214,618.478844090395,511.132882428954,307.365460703407,419.291829206401,166.657549754511,264.884971519981,707.915531613971,30.235172424193,585.298599624836,4295.33518823675,174.005962448738,250.135771025478,601.426905246444,14405.4104688561,123.443915999952,144.995547199961,2827.93219821771,320.734203924206,516.945994801136,106.496616288986,19.1439623795972,599.25745494209,387.392917749276,1025.25082772976,80.2218365530449,139.115551775163,3845.6025423972,215.303382244968,4.90585743110354,13452.8487015325,216.456843153254,5740.92927568031,319.986648753065,188.479221730767,162.243685472214,22.6179588143536,223.658031018328,83.7070359367378,166.023240529243,13.9409903543231,97.0644842844778,579.473735931744,82.3040784576294,492.578912874271,949.960791374187,374.550864381866,336.163450360175,142.277157709576,285.495088544287,476.906070154772,159.64153431892,333.606538366662,663.818146260864,610.488616431179,119.033123358338,830.058622378552,78.1934195223415,112.664967685653,801.782518504189,99.6049337986692,702.454332329534,69.2103160251065,305.741086782873,89.665055023558,304.40564518653,200.788829897659,595.269704676765,29.2884617913735,178.394153394213,522.515549271475,450.717086107707,208.013933835269,127.172318660973,420.62022304099,810.510534342344,637.064589121299,604.269474791723,1038.6859047087,191.994007415205,2322.1915544983,"CC vs. WC","CC"
"LOC144618795",561.975028175689,-2.3507493104726,2.40322443983039,-4.11419704182018,3.88529457546158e-05,0.0151962438760251,0.0865011131861643,55.1219012629261,1332.02628212536,1431.90516084558,663.587988882044,55.8459727754282,521.80650994404,3741.74825570275,585.89966261143,613.720023816325,1156.29492461411,703.847478985472,34.1173853532882,28.5190169674682,40.453508160494,370.554135036918,1726.96376252623,65.7869933435363,979.103082254948,25.7078135259618,31.2711424711088,440.584271649221,64.7896551946994,1575.7219130155,74.2873934994383,21.1930338879873,73.604545062521,1449.04538479003,107.275452129906,548.866337255986,31.8550823393854,55.7176232362598,2184.64507583961,1486.33658541375,699.514616466606,695.228107469584,35.7115634485838,20.4689017206075,1254.26238800859,1325.82846086992,4134.44633751307,380.436283684871,22.6068551357216,26.4916301279591,33.4977412800913,1119.60436113752,1391.65523577951,74.155636060234,57.3632413963205,36.168974468328,26.0449222710738,17.9348421099603,103.274914467404,58.050084101134,578.08640002593,60.5451733655654,412.775811896585,554.729488804422,2059.79491444727,424.700939386883,28.2863934038388,208.728939766122,23.9227079334685,1796.61877376915,128.948851586913,75.4134855371585,85.0938416703369,1772.13642932891,38.7611819956304,23.3815063739592,362.168435065341,18.3416663077097,73.7443424851544,49.0887256227055,14.4879903707155,32.591662013315,13.5706502010013,76.9931933869279,29.5487113145816,16.9610183535017,30.8028318593,541.51625308388,932.462888195123,48.3780754967357,2392.47385126603,448.539708880133,3902.93337516215,64.8329467683392,1308.59624946086,179.490222138097,48.1813554797621,8.11878373040703,77.7625811011863,62.1798774015154,29.0139620413947,"CC vs. WC","CC"
"LOC144618695",24.0733162585782,32.3567932473657,7.07234184853202,5.20237083824064,1.96762104508102e-07,0.000125717867307043,0.000431856350615844,0,0,0,0,0,0,0,0,0,0,0,0,0,0,0,0,0,0,0,0,0,187.170115006909,0,0,0,0,0,0,0,0,0,0,0,0,0,216.882421919448,0,0,166.94814634012,0,120.626138729349,0,244.311700068956,0,0,0,0,0,0,0,0,83.7070359367378,132.354191750585,0,0,0,0,0,0,0,140.617391000335,0,0,0,0,220.470407964055,0,0,0,0,180.520610502196,0,0,5.43299638901832,368.909876406034,0,0,0,0,0,0,192.758946208342,0,0,0,0,0,0,0,0,0,0,2.1817500842637,0,"CC vs. WC","WC"
"LOC144619223",152.68859299901,24.3299146280424,3.61975333895587,6.85988324368456,6.8916851054836e-12,9.43570143585068e-09,1.83671114924989e-08,382.051798408556,0,263.998546688964,0,144.26876300319,0,343.092369099108,515.25927775757,261.913066221795,0,0,536.282651021999,0,137.092444321674,515.843346256429,0,0,0,355.477007721058,0,408.914366287544,703.327701391348,594.893658635079,0,0,374.605245602749,0,0,0,0,0,711.093982365767,0,0,0,213.398366948855,0,0,0,0,0,0,923.282368533686,0,0,416.090858374479,649.115773184788,0,1164.64097788016,0,0,0,147.44721361688,0,0,0,0,0,0,0,0,0,610.995858285863,0,0,0,0,0,0,0,0,0,0,0,0,0,0,845.704496244922,0,0,372.292423995167,0,180.40990653991,329.231036355124,0,0,336.632608220223,522.21931073205,0,0,269.079689350633,692.086971800558,0,431.985657060766,"CC vs. WC","WC"
"LOC111135652",107.848460627687,5.03890671782548,1.27326708798002,4.95437855166435,7.2561820356054e-07,0.000434645303932764,0.00201452662225634,3.80151043192593,25.246896931868,22.9563953642578,182.178665382736,24.4326130892498,181.345311751853,152.119649255075,3.11648756708207,35.5136360978705,12.0447387980636,41.6417700409875,88.4919682600913,4.22503955073603,40.453508160494,1.33292854329827,120.978197024605,191.96860352704,33.996634800519,16.8430502411474,5.51843690666626,106.187329742096,2709.64735725387,31.983530034144,35.2388917881951,14.5004968707282,44.8808201600738,170.872690836373,19.9826822594923,6.121185917353,157.078509466624,34.6921050338976,15.9796400531633,4.67401441954011,17.9362722170925,34.2576168898056,1.74202748529677,7.58107471133612,23.3252515098808,11.9248675957229,10.1791867152558,14.4338969419734,2.15303382244968,5.88702891732425,6.23213791257513,25.3776988524505,13.1199820208169,44.6965477623328,2.34135679168655,2385.0855163686,78.8201595045655,4.21996284940242,4.34841745125911,41.7960605528165,9.29399356954871,3.84413799146447,18.8527414087382,126.748280824749,81.5058632813543,9.6279809936573,24.3848218998611,5.49286683595057,12.5908989123518,42.733341278922,25.5850896005779,45.0522121390817,29.0092642057967,3.51847073989857,3.23009849963587,24.4443021182301,119.294139360773,32.8219291822174,27.9955374249197,21.0380252668738,15.3934897688852,4.85407732113202,43.4260806432041,14.5059639714502,1632.31156986068,11.6049072945011,0,194.109686307641,12.9414133496767,52.4095817881303,9.24806281896415,20.6850836619479,9.04408407979431,21.1953864434955,17.2718449074803,18.6968981393851,31.0502068647356,24.3563511912211,9.9980461415811,33.8171263060873,18.2680501742115,"CC vs. WC","WC"
"LOC144619016",69.1038778791385,45.4222871390961,5.38008730146371,8.87088460813637,7.25671188901363e-19,3.47741633721533e-15,1.73370510568924e-14,0,0,0,0,0,0,0,301.260464817934,0,236.879863028585,0,0,59.1505537103044,0,0,0,0,0,0,253.848097706648,0,798.35252901024,0,0,0,0,1.12416243971298,266.085190086924,0,0,0,0,0,0,0,0,0,1.06023870499458,0,0,0,189.466976375572,0,0,0,0,0,0,751.281269670699,0,0,388.096257524875,0,0,0,0,0,0,0,0,0,0,0,1402.06291011167,0,0,0,288.555465967471,0,0,0,0,0,0,0,0,232.095423543203,173.216583568237,248.166479067024,0,0,0.681127018404034,0,0,0,0,0,0,381.416722043456,303.007191128282,0,219.957015114784,0,0,"CC vs. WC","WC"
"LOC111137950",29.4105742129031,16.3030676095904,8.06535975028418,4.29435798594891,1.75199584098501e-05,0.00751841558507477,0.0189995225803097,0,0,0,0,18.6153242584761,0,0,0,2.21960225611691,0,0,0,0,0,0,0,0,0,4.43238164240721,0,0,0,0,0,0,0,0,0,0,0,56.7688991463779,0,0,397.961039816739,0,12.1941923970774,0,0,0,0,0,0,3.92468594488283,0,0,0,0,0,0,0,28.4847492334664,0,0,0,0,21.8294900522232,85.5962415959345,0,0,0,7.6900135703308,0,0,0,0,7.73580378821245,0,0,0,0,35.7179817571189,0,80.6457635230161,0,0,0,0,4.07568431925264,0,0,0,0,0,0,189.431818798891,0,0,4.06396350764241,0,0,205.289245754578,0,0,1597.91709465015,"CC vs. WC","WC"
"LOC144619236",3.0404145729191,36.7229707092599,3.59756616095371,10.4329903118366,1.7528349729274e-25,1.67991703805362e-21,3.95638892677524e-21,0,0,0,1.76018034186219,0,0,1.31705324030368,0,0,0,0,0,7.39381921378804,0,0,0,0,0,1.77295265696288,0,1.86293560951045,1.43977011543776,0,0,0,0,0,0,0,0,0,0,0,0,44.3333865632778,0,0,0,0,0,0,0,8.83054337598637,0,0,0,0,0,38.2357730093753,8.91010498747263,0,0,0,0,0,0,0,0,0,114.12096649135,2.19714673438023,0,0,0,26.4436897338088,0,0,0,0,0,0.965350858300512,0,0,0,0,0,0,6.11352647887896,0,0,1.99086857751426,0,0,0,9.79819752408058,1.64437892359897,0,1.0159908769106,0,0,2.31965249440201,3.3326820471937,0,0,"CC vs. WC","WC"
"LOC144619165",244.442514680028,-4.00230931229598,3.32023219952873,-4.14866748149268,3.3441614345384e-05,0.01335435132859,0.0556901973682989,554.070145453205,15.1481381591208,0.956516473510741,14.9615329058286,2.32691553230951,1.16996975323776,1.31705324030368,0,0,3.01118469951591,11.1721822061186,31.9850487687077,0,13.4845027201647,0,2.01630328374341,107.847530071371,9.06576928013841,126.766114972846,0,2.79440341426568,9.35850575034546,91.6861194312129,42.8581116342913,39.0397992673451,56.2506279339592,7.86913707799086,7.36204083244454,11.2221741818138,0,7.35893137082677,2.28280572188047,8.4132259551722,1103.08074135119,27.204578118375,673.293623067202,61.4067051618226,2.12047740998917,609.252326254206,2232.63495287944,0,25.8364058693962,25.5104586417384,4.67410343443134,2.98561162970006,1.87428314583099,59.9340072267645,32.7789950836117,13.4341905168075,1905.39168193645,4.21996284940242,663.133661317014,431.892625712437,0,67.2724148506282,0.992249547828328,9.87648941491553,1.77186659307292,20.3257376532765,70.2282870715999,0,12.5908989123518,8.18298024489996,2575.90682098618,72.4752977889575,23.2074113646373,5.86411789983095,8.61359599902898,7.4395702098961,0,0.965350858300512,2.73127194389461,0.584389590746494,1.81099879633944,13.1753527287869,1799.46821665277,1.11584338241924,3.05676323943948,10.7122221180011,10.2676106197667,2.9863028662714,8.17352422084841,3.02362971854598,1.84961256379283,6.53213168272038,7626.62944765201,7.48072462711606,2.03198175382121,0,1493.62201987262,9.27860997760804,1.11089401573123,9.81787537918664,13.9696854273382,"CC vs. WC","CC"
"LOC111133567",41.6075428812133,-21.4372808432554,5.30889130375253,-4.8605475196204,1.17061539415131e-06,0.000673150676252769,0.00142150147494233,0,0,0,347.635617517782,304.825934732546,335.781319179237,0,0,0,0,261.022802452044,0,0,0,0,0,0,231.177116643529,0,0.919739484444377,0,0,0,0,0,0,0,0,0,0,0,262.522658016254,0,0,0,0,0,0,0,307.072132576884,0,0,3.92468594488283,0,0,0,0,0,0,2.05617807403214,1.05499071235061,0,0,0,0,241.116640122284,161.315993776954,263.122189071328,0,0,1.09857336719011,0,195.482305850388,0,0,283.323813743281,0,0,261.447753090634,0,0,0,0,0,0,0,0,0,0,0,0,284.029966674482,0,0,160.037226226649,0,0,0,0,2.14139357687831,0,0,0,0,"CC vs. WC","CC"
"LOC144619031",4.99207209647341,28.2327772222564,5.73716554593027,5.31509615466242,1.06601020443769e-07,7.47559156048598e-05,0.000186385102542194,0,0,0,0,0,0,0,0,0,0,0,0,0,0,0,0,0,0,0,0,0,123.820229927648,0,0,0,0,0,0,0,0,0,1.14140286094024,0,2.24203402713656,69.5228107469584,0,0,0,1.08407887233844,0,0,0,0,0,0,0,0,0,131.241707356504,0,0,0,0,0,0,0,0,0,0,0.975392875994443,0,0,0,0,101.857175270967,0,4.69129431986476,0,0,1.42867232767393,0.965350858300512,0,0,0,2.7737584692183,0,0,27.5108691549553,0,0,0,0,0,0,0,0,0,0,0,0,0,0,0,0,"CC vs. WC","WC"
"LOC144619614",1291.17488896235,-24.2552989194488,2.96946655446375,-8.28069792278916,1.22455458094746e-16,3.91204370126683e-13,5.90628744951009e-13,679.519989706761,683.685968914986,0,1151.15794357787,0,556.905602541173,1298.61449493943,17462.7186675499,0,0,1126.35909696232,3575.92845234152,388.703638667714,0,4886.51603973144,2504.24867840931,0,1124.91087151051,0,4984.98800568852,0,1452.00816141898,2152.49157129789,0,0,0,4387.60600219976,2514.66280433927,0,0,0,0,756.25553308159,3673.57275346325,4398.07346247063,1427.5915242007,0,5098.68793231895,2903.16322012235,536.103833670139,1699.07586859801,523.187218855272,0,0,0,1381.34667847744,0,3620.90827834325,0,2303.60483560735,409.336396392035,4899.5793632062,2856.06413777579,690.543722217469,0,0,987.648941491552,475.746180240079,1308.33563947143,0,9019.28734463084,0,3561.4148465859,0,0,0,0,0,305.02237860574,2148.00884465775,0,0,3.50633754447896,0,0,2042.38285525069,0,0,1497.03304099065,0,0,542.177106649611,0,0,1947.66393006446,9400.09211675349,0,0,0,0,0,0,23.9992509269007,0,"CC vs. WC","CC"
"LOC111128707",2326.94872027166,-4.00179801498613,3.78638267848516,-4.05099033231248,5.10013149439465e-05,0.0195518640969113,0.0822438313944731,17.1067969436667,55.5431732501097,2788.24552028381,2.64027051279328,584.055798609687,19.8894858050419,46.0968634106287,0,2.21960225611691,53.1975963581144,22.3443644122372,142.866551166894,2213.92072458568,20.226754080247,1.33292854329827,2074.77607897197,1.07847530071371,77.0590388811765,18.6160028981103,1.83947896888875,12.1090814618179,42.473218405414,2.1322353356096,8.57162232685827,127930.075930581,3.5904656128059,59.5806093047879,13.6723615459684,0,2048.61132975703,1038.66059919669,11.4140286094024,8.4132259551722,6318.05188847082,5063.0742609198,1134.93090667085,9.09728965360335,4.24095481997833,33.6064450424918,15.2687800728837,4.12397055484955,34.4485411591949,1249.03130195896,0.779017239071891,9.70323779652518,0,36.569902714636,9145.33962832767,0,15.0786392095691,369.246749322712,26.0905047075546,30.1860437325897,0.929399356954871,58.6231043698332,163.721175391674,17283.8564761022,26.5779988960938,1610.01237727269,1.95078575198889,12.0843070390913,46.5863259757018,2.72766008163332,7.16382508816181,2.93818774820098,28.0422887322701,52.7770610984786,35.5310834959945,860.864552859406,7.14336163836964,722.082442008783,10.9250877755784,206.289525533512,7.24399518535776,8.32127540765489,3278.66908856191,138.364579419986,6.11352647887896,70.5221289435069,4.56338249767407,21.8995543526569,10.2169052760605,82.6458789735901,0,16210.5734592844,0,37.4036231355803,32.5117080611393,5.60906944181553,21.4139357687831,14046.6556798514,11.1089401573123,23.9992509269007,753.288421889545,"CC vs. WC","CC"
"LOC111128708",10135.9392617021,-6.6294717318129,2.94855313633783,-4.4674682758245,7.91507445502987e-06,0.00379290367885031,0.0117701110356989,110.243802525852,98.9678359729227,4544.40976564953,58.0859512814521,3285.60473162103,30.4192135841817,98.120466402624,0,12.207812408643,19.0708364302674,42.6574229688165,726.060607049665,4069.76934724648,96.6389361611801,3.9987856298948,11511.0754468911,22.6479813149879,153.362596989008,104.60420676081,10.1171343288881,54.9566004805583,95.0248276188924,71.4298837429217,13.3336347306684,675896.044715545,8.97616403201476,68.5739088224918,69.4135278487628,2.04039530578433,2106.82923886004,5233.25148056795,21.6866543578645,16.8264519103444,34588.9799536492,3338.10249282135,5489.99961991278,50.0350930948184,8.48190963995667,35.7746027871687,140.812082894372,11.3409190258363,44.1371933602185,2279.2613624907,25.7075688893724,157.491013466678,0,79.2347892150446,37608.0434664652,16.5343883283785,56.2022006902119,2301.98973434902,0,40.6350588707938,12.0821916404133,35.5582764210463,482.233280244567,85861.2607285681,9.74526626190105,619.400110591953,1.95078575198889,27.4643341797529,49.1045057581722,21.8212806530665,21.4914752644854,78.3516732853595,12.5706811558452,56.2955318383772,61.3718714930815,804.53637841305,6.42902547453268,2709.73985924954,45.065987074261,2062.89525533512,12.6769915743761,78.3586767554169,3810.63857644116,284.540062516907,3.05676323943948,356.181385423535,26.2394493616259,64.7032287692136,44.2732561962622,621.859845447623,12.9472879465498,35137.4250099667,10.6884630033933,26.1825361949062,180.846376090087,9.34844906969255,254.825835648519,11579.7052520548,24.4396683460871,61.0890023593835,12269.6821699498,"CC vs. WC","CC"
"LOC111130777",8543.47022985116,-3.17277434907258,4.01143899548819,-3.87071641347779,0.00010851597206401,0.0358626578021199,0.118679910673247,4.75188803990742,26.2567728091428,1040.68992317969,17.6018034186219,3951.10257386155,26.9093043244685,15.1461122634923,16.6212670244377,4.43920451223382,7.02609763220379,34.5321995461847,284.666934041499,2613.18696213023,8.98966848010977,0,12156.292497689,0,186.603751016182,7.97828695633298,2.75921845333313,22.3552273141254,32.3948275973497,41.5785890443872,0,596648.598471343,1.1968218709353,101.174619574168,25.2412828540956,6.121185917353,1167.65353540575,2224.49982580992,9.13122288752189,1.86960576781604,27797.8588854526,1841.85069631072,1728.96227915705,29.5661913742109,0,19.513419702092,34.7788879437907,13.402904303261,30.1424735142955,653.460209822991,2.33705171721567,1.49280581485003,0,20.3166126192422,20971.5327831364,0,0,1991.82246491794,0,11.6100168202268,0,4.80517248933059,359.194336313855,75680.2462233594,8.85933296536459,955.309669703997,0,6.59144020314069,31.4772472808796,25.458160761911,2.04680716804623,34.2788570623448,9.66975473526556,64.5052968981405,8.61359599902898,484.634859387518,2.14300849151089,2034.95960929748,34.1408992986826,839.183452311965,0,33.2851016306196,1096.5085362409,282.308375752069,12.2270529577579,316.010552481031,2.28169124883703,42.8036744165567,29.2884617913735,566.426633940947,0,17830.5421165991,0,2.49357487570535,59.9434617377256,5.60906944181553,127.41291782426,15193.7238383332,26.6614563775496,32.7262512639555,11003.8137519956,"CC vs. WC","CC"
"LOC144619617",2091.43411565428,-3.09949115558351,3.8022184555113,-3.90137219211418,9.56489574616288e-05,0.0321909944938002,0.113973162595935,7.60302086385187,18.177765790945,262.085513741943,0,136.124558640106,17.5495462985664,7.24379282167023,0,0,11.0410105648917,0,69.3009389988667,635.868452385772,8.98966848010977,10.6634283463861,2079.81683718133,7.54932710499597,12.8431731468627,1.77295265696288,4.59869742222188,4.65733902377613,0.719885057718882,2.1322353356096,0.95240248076203,163031.317163269,3.5904656128059,28.1040609928245,12.6206414270478,2.04039530578433,582.179091030147,190.280939731378,0,3.73921153563209,2236.42894206872,488.674829163403,235.173710515064,6.82296724020251,0,6.50447323403067,0,0,17.2242705795974,149.138065905548,2.33705171721567,0,2.81142471874648,5.07915315481055,17171.5107102292,7.2337948936656,2.74157076537619,133.983820468527,0,6.96601009213608,0,6.72724148506282,53.5814755827297,1468.30475968411,8.85933296536459,1302.98676114162,0,10.9857336719011,11.3318090211167,0,8.18722867218493,6.85577141246896,7.73580378821245,56.2955318383772,4.30679799951449,98.8400042171911,0.714336163836964,848.54340444615,3.41408992986826,66.0360237543538,0,4.16063770382745,314.83908466323,35.7069882374158,5.0946053990658,149.078424475515,4.56338249767407,15.9269486201141,2.72450807361614,128.00032475178,1.84961256379283,2436.4851176547,0,6.23393718926338,1.0159908769106,14.0226736045388,32.1209036531747,1289.72678688752,3.3326820471937,10.9087504213185,549.116096413063,"CC vs. WC","CC"
"LOC111115253",124.191724809238,-10.0051225112519,1.94265846719493,-5.32592505074038,1.00440543408172e-07,7.21966626017939e-05,0.000145506854703522,209.083073755926,528.165083814679,398.867369453979,116.171902562904,0,138.056430882056,0,185.950424835897,28.8548293295198,0,221.412338266714,59.7054243682544,160.551502927969,0,0,70.5706149310193,67.9439439449637,0,25.7078135259618,349.501004088863,156.486591198878,0,0,0,261.008943673107,8.37775309654711,29.2282234325375,47.3274053514292,464.189932065936,0,474.125435463267,95.8778403189798,475.814667909183,168.152552035242,285.144281759264,47.0347421030129,0,33.9276385598267,75.8855210636911,27.1444979073488,95.882315400252,0,151.100408877989,0,0,139.634094364408,0,16.3894975418059,0,126.112255207305,0,96.7522882905151,53.4060773730433,0,323.868625780882,0,283.126029894245,82.3917965778907,423.631163720921,0,0,132.204438579694,0,88.012708225988,117.527509928039,1020.15912457052,540.671670364414,47.3747779946594,126.472693568234,285.020129370949,0,0,62.5296862098748,0,341.172291713851,0,37.9386750022543,0,0,0,75.653005945542,81.0541151900801,0,0,4.35475445514692,236.790564998251,0,578.098808962133,271.105023021084,138.119885708651,37.1144399104321,196.628240784428,134.177630182217,119.279621725734,"CC vs. WC","CC"
"LOC111130993",53.3840007710793,-1.77424509288601,2.48430234871829,-3.92157143158667,8.79733603141052e-05,0.030112024473228,0.128733207396962,0.950377607981484,6.05925526364833,0,3.52036068372437,9.30766212923804,3.50990925971328,15.1461122634923,23.8930713476292,5.54900564029227,14.0521952644076,27.422629051382,294.262448672111,40.1378757319922,0,23.9927137793688,10.081516418717,32.3542590214113,4.5328846400692,0,9.19739484444377,0.931467804755225,4.31931034631329,3.1983530034144,10.4764272883823,2787.44166768844,1.1968218709353,6.74497463827788,1.05172011892065,26.5251389751963,6.59070669090732,247.049838877756,10.2726257484621,11.2176346068963,31.3884763799118,9.06819270612501,7.83912368383548,6.0648597690689,3.18071611498375,72.6332844466758,3.3930622384186,1.03099263871239,4.30606764489936,11.7740578346485,1.55803447814378,0.746402907425014,1.87428314583099,13.2057982025074,461.247287962251,7.2337948936656,2.05617807403214,24.2647863840639,4.34841745125911,2.32200336404536,7.43519485563897,0,67.4729692523263,47.736365505425,0,1.06977566596192,5.85235725596666,7.6900135703308,0,1.81844005442221,0,12.7321469088709,4.83487736763278,0,1.07669949987862,11.6907531869796,38.5741528471961,41.510086906922,1.3656359719473,4.67511672597195,11.7714921762064,13.1753527287869,5.42826008040051,14.5059639714502,0,13.3902776475013,11.4084562441852,8.95890859881418,12.2602863312726,32.2520503311571,34.2178324301674,11.975574751654,12.3328419269922,4.98714975141071,30.4797263073181,2.80453472090776,0,68.4297485848593,8.88715212584986,2.1817500842637,152.591948514002,"CC vs. WC","CC"
"LOC111118775",4.86337400902301,18.2147362840697,2.98375531511007,6.18849729425832,6.07404503234522e-10,5.82136475899966e-07,1.63801381640208e-06,0,0,20.0868459437256,3.52036068372437,15.1249509600118,0,0,0,219.740623355574,0,1.01565292782896,4.26467316916103,2.11251977536801,0,0,0,4.31390120285484,61.9494234142791,0,0,0,0,0,0,0,0,0,0,0,2.19690223030244,0,0,0,0,2.01515393469445,0,0,0,26.0178929361227,0,0,0,0,0,0,0.937141572915493,0,0,0,0,0,0,0,0,0,0,0,0,0,0,0,7.5545393474111,0,0,0,7.73580378821245,2.34564715993238,0,2.12559148854174,0,0,0,8.7658438611974,5.43299638901832,7.62783579035032,0,8.92674705935396,0,8.03416658850079,0,0,0,0,0,0,0,9.97429950282141,0,17.7620532324158,3.21209036531747,0,0,4.3635001685274,0,"CC vs. WC","WC"
"LOC111121144",48.1330103596598,1.38787706406771,1.90551165841385,4.00029740437335,6.32629276085753e-05,0.0230245024633134,0.123715724362028,33.2632162793519,18.177765790945,45.9127907285156,10.5610820511731,6.98074659692853,9.35975802590207,121.168898107938,33.2425340488755,0,1.00372823317197,14.2191409896055,163.123748720409,55.9817740472523,0,10.6634283463861,0,32.3542590214113,54.3946156808305,12.4106685987402,34.030360924442,4.65733902377613,17.2772413852532,42.644706712192,49.5249289996255,62.4636788277521,7.18093122561181,12.3657868368428,10.5172011892065,14.2827671404903,90.0729914424001,93.5635560005118,27.3936686625657,13.0872403747123,98.6494971940085,27.204578118375,124.554965198719,18.1945793072067,7.42167093496209,22.7656563191073,6.78612447683721,2.06198527742477,121.646410968407,46.1150598523733,3.11606895628756,52.994606427176,0,44.6965477623328,29.2669598960819,9.30059343471291,49.3482737767715,25.3197770964145,4.34841745125911,25.542037004499,16.7291884251877,58.6231043698332,17.8604918609099,3.29216313830517,14.1749327445834,0,43.8926794197499,26.3657608125628,16.3681685860574,52.7347615782442,25.5850896005779,17.6291264892059,15.4716075764249,5.86411789983095,20.4572904976938,44.6374212593766,20.715748751272,1548.42277671402,8.19381583168382,21.0380252668738,10.8659927780366,45.7670147421019,78.7097711658074,52.4446389737045,6.11352647887896,13.3902776475013,34.2253687325555,31.8538972402282,12.9414133496767,12.0945188741839,11.097675382757,109.95754999246,3.28875784719793,2.49357487570535,51.8155347224408,15.8923634184773,14.9897550381482,93.9459260232814,17.7743042516997,17.4540006741096,88.1164773109026,"CC vs. WC","WC"
"LOC111119065",5.06212353590302,18.3283811111997,3.71815719116215,5.21082168242774,1.88006089213616e-07,0.00012285343356977,0.000288381378520148,1.90075521596297,0,0,0,0,0,0,0,0,6.02236939903182,0,7.4631780460318,0,0,0,0,0,4.5328846400692,1.77295265696288,0,1.86293560951045,0,0,89.5258331916308,0,0,0,4.2068804756826,0,0,0,0,0,1.12101701356828,0,0,0,0,0,0,0,0,0,0,0,0,0,0,0,0,158.248606852591,0,0,0,0,0,0,0,0,0,0,0,0,0,0,0,0,0,1.06279574427087,2.14300849151089,1.93070171660102,0,0,160.27339347604,0,0,0,2.03784215962632,1.78537035300018,0,4.97717144378566,0.681127018404034,8.06301258278928,0,0,0,0,0,0,0,0,3.3326820471937,0,12.8950942406199,"CC vs. WC","WC"
"LOC111122338",3.2894585153389,21.6613338634986,3.91503575073541,5.68478818227427,1.30974890558256e-08,1.04605279259194e-05,1.79244345779753e-05,0,0,0,0,0,0,1.97557986045552,0,2.21960225611691,0,0,5.33084146145128,0,0,0,2.01630328374341,0,0,0,0,0,0,0,0,0,0,0,0,0,0,1.05127591011811,0,0,4.48406805427311,0,0,0,0,0,0,0,0,0,0,84.3435285390266,0,0,7.02407037505965,0,0,2.10998142470121,0,2.32200336404536,0,0,0,0,0,0,0,8.78858693752092,0,0,8.18722867218493,0,0,0,0,0,0,1.93070171660102,0,0,0,0,18.9989102814018,0,0,0,127.774709934874,0,0,0,0,0,23.0213049303855,1.24678743785268,4.06396350764241,0,0,2.31965249440201,0,0,0,"CC vs. WC","WC"
"LOC111118161",137.376548828961,-5.13554335463395,3.08588997047953,-4.31886247967122,1.56835466086971e-05,0.00683232321353423,0.0298761227731322,28.5113282394445,0,9.56516473510741,2.64027051279328,27.9229863877141,2.33993950647552,17.1216921239478,72.7180432319151,2.21960225611691,1.00372823317197,18.2817527009213,462.717038853971,23.2377175290481,8.98966848010977,7.99757125978959,146.181988071397,7.54932710499597,37.7740386672434,13.2971449272216,3.67895793777751,13.0405492665732,0,8.52894134243841,8.57162232685827,7427.60066632145,7.18093122561181,0,0,8.16158122313733,9.88606003636098,2.10255182023622,7.98982002658165,10.2828317229882,508.941724159998,69.5228107469584,14.8072336250226,6.0648597690689,8.48190963995667,0,0,6.18595583227432,3.22955073367452,5.88702891732425,0,12.6888494262252,0,384.99980913464,60.8752765838503,3.10019781157097,0,39.0346563569724,0,6.96601009213608,4.64699678477436,0,5.95349728696997,660.078709230188,18.6045992272656,1844.29324811835,1.95078575198889,18.675747242232,56.6590451055833,18.1844005442221,2.04680716804623,9.79395916066994,1.93395094705311,0,2.15339899975724,21.2559148854174,2.14300849151089,22.2030697409118,35.5065352706299,9.3502334519439,3.62199759267888,4.16063770382745,96.3516164271091,4.46337352967698,0,3.57074070600035,14.8309931174407,0,12.2602863312726,0,10.1728691008606,238.422806419294,11.5106524651928,0,16.2558540305697,0,0,90.4664472816784,4.44357606292493,62.1798774015154,77.3705654437193,"CC vs. WC","CC"
"LOC111122081",142.973797018003,-2.83501383324348,1.51302303224786,-4.52443030840189,6.05584031471935e-06,0.00300202621946226,0.0229894697294995,43.7173699671483,56.5530491273844,62.1735707781982,36.9637871791059,57.009430541583,35.0990925971328,2554.42475956898,2637.58731094046,32.1842327136952,88.3280845191334,56.8765639584219,180.182441397053,109.851028319137,56.1854280006861,15.9951425195792,19.1548811955624,43.1390120285484,90.6576928013841,73.5775352639597,47.8264531911076,9.31467804755225,21.5965517315665,41.5785890443872,403.818651843101,148.351237215911,43.6839982891385,24.7315736736856,41.0170846379053,39.7877084627945,62.6117135636196,94.6148319106299,93.5950345970994,33.6529038206888,109.859667329691,59.4470410734862,48.7767695883096,50.0350930948184,39.2288320847996,34.6905239148302,2604.17526798628,43.3016908259203,111.957758767383,54.9456032283596,59.9843274085356,23.1384901301754,32.7999550520422,57.9023459648403,47.9978142295743,19.6345861399495,29.4718857277941,79.1243034262954,80.4457228482935,39.4740571887711,38.1053736351497,49.9737938890381,33.7364846261632,72.4275890427138,23.0342657099479,123.024201585621,39.9911079157722,74.7029889689278,26.4408877159389,150.021304489833,47.0765648650633,50.9285876354837,86.0608171438635,50.4314139385462,40.9145809953876,55.2653787020853,40.7171613387069,78.1934195223415,36.8721712425772,30.3882587188177,61.573959075541,53.3948505324522,119.421721768811,99.3100610353128,16.3027372770106,55.3464809430055,42.2112881034851,25.8812915076854,23.8394456441412,52.4095817881303,29.5938010206853,112.134927220033,60.0198307113623,37.4036231355803,61.9754434915468,71.0482129296634,27.8381164994181,107.863840989693,74.4298990539926,51.2711269801969,125.727168846044,"CC vs. WC","CC"
"LOC111118378",19.6669983934447,-20.8300654112072,2.98491753008185,-7.07381508047293,1.50731119832076e-12,2.54930656318344e-09,5.90271502845408e-09,0,8.07900701819777,5.73909884106445,0,0,0,0,0,0,0,0,0,2.11251977536801,0,0,0,0,0,2.65942898544433,9.19739484444377,0,0,19.1901180204864,0,0,21.5427936768354,0,0,0,0,0,4.56561144376094,0,455.132907508721,0,0,0,0,0,70.406041447186,0,2.15303382244968,0,0,0,0,49.7757009171434,0,2.06679854104731,0,0,0,0,0,0,0,0,0,811.959730465099,3.90157150397777,0,7.5545393474111,0,0,0,0,0,0,6.37677446562523,4.28601698302178,0,0,0,0,0.693439617304575,29.8554304422028,0,0,8.92685176500088,0,3.98173715502853,299.014761079371,0,2.77441884568925,2.17737722757346,0,0,0,0,2.14139357687831,6.95895748320603,1.11089401573123,4.3635001685274,0,"CC vs. WC","CC"
"LOC111111250",165.621339514565,-24.9976889117045,3.37243038907925,-7.54505331682969,4.521025006891e-14,1.08323759165108e-10,1.35800525593191e-10,3.80151043192593,1385.54970362092,284.08539263269,282.508944868881,0,22.2294253115174,1527.78175875227,0,0,2.00745646634394,0,22.3895341380954,682.343887443868,0,0,0,0,482.75221416737,0,0,0,0,0,0.95240248076203,1934.1431979879,0,0,0,0,2007.96863849643,1.05127591011811,0,0,86.3183100447575,321.417052583764,202.075188294426,0,0,0,2.54479667881395,0,1221.84669424019,364.995792874103,3.89508619535945,0,0,0,0,1.03339927052366,0,0,0,0,0,0,0,0,0,0,0.975392875994443,0,0,1.81844005442221,0,0,0.966975473526556,0,0,1715.35233125319,0,0,0,0,0,0,575.395568522454,131.669519125471,0,0,0,0,0,0,0,1358.68339000584,0,0,0,0.934844906969255,0,10.438436224809,0,2.1817500842637,926.297602951195,"CC vs. WC","CC"
"LOC111114254",3.34270113494801,17.852339963023,6.02332755574833,4.55232200058254,5.3057046070015e-06,0.00272410033679477,0.00573557649740812,2.85113282394445,0,0,0,0,0,0,0,0,0,0,0,0,24.7215883203019,0,0,0,0,48.7561980664793,0,0.931467804755225,0,1.0661176678048,0,0,69.4156685142475,0,0,0,0,0,4.56561144376094,0,0,0,0,0,0,0,0,2.06198527742477,0,0,0,0,0,93.4564180485141,0,0,0,0,0,0,0,0,0.992249547828328,0,3.54373318614584,0,0,0,0,0,0,0,0,0,0,0,29.2877827173155,0,0.682817985973652,0,8.14949458352748,0,0,0,0,1.78537035300018,0,0,0,0,0.924806281896415,0,0,18.7018115677901,0,0,0,2.31965249440201,0,0,0,"CC vs. WC","WC"
"LOC111114163",41.5930209391984,18.75760620308,4.22110014286386,4.98757204685169,6.11428213015788e-07,0.000374037957034679,0.00078466717089775,0,0,11.4781976821289,29.9230658116572,70.97092373544,0,10.5364259224294,0,0,0,0,0,0,0,0,0,0,0,0,0,0,1.43977011543776,0,1.90480496152406,0,0,0,0,0,5.4922555757561,35.7433809440157,0,0,96.4074631668719,0,116.715841514884,0,0,3.25223661701533,0,0,25.8364058693962,1.96234297244142,0,0,0,2.03166126192422,0,0,0,244.757845265341,0,0,0,0,0,159.669912207801,0,0,0,0,0,0,0,0,0,0,0,87.1492510302115,0,43.440788623523,0,8.7658438611974,0,0,0,1.11584338241924,0,0,0,0,0,1.00787657284866,0,32.6606584136019,0,0,0,0,0,2659.4815848319,0,6.54525025279109,251.454337692088,"CC vs. WC","WC"
"LOC144622007",116.401994855506,-5.54297632405483,2.59413041373482,-4.46841333581764,7.88019264397514e-06,0.00379290367885031,0.0135793418852409,3.80151043192593,18.177765790945,0,127.613074785008,9.30766212923804,85.4077919863564,0,621.21985503836,19.9764203050522,232.864950095897,30.4695878348689,92.7566414292523,43.3066553950443,1665.33608594034,45.319570472141,26.2119426886643,33.432734322125,0,64.7127719791453,145.318838542212,22.3552273141254,0,0,1.90480496152406,709.40892382947,70.0140794497151,26.9798985531115,12.6206414270478,569.270290313829,12.0829622666634,6.30765546070866,5.70701430470118,823.561340722967,0,45.3409635306251,17.4202748529677,413.926679238952,32.8673998548321,172.368540701813,120.45370946386,17.5268748581106,11.8416860234732,25.5104586417384,0.779017239071891,0,1558.46643575846,42.6648865004086,28.0962815002386,0,41.1235614806429,22.1548049593627,313.086056490656,113.778164838223,0,2.88310349359835,19.8449909565666,4.93824470745776,38.0951317510678,66.3260912896392,0,729.452715814236,98.2090115163443,36.3688010884443,6.1404215041387,36.2376488944788,34.811117046956,35.1847073989857,390.84191845594,0,20.001412587435,0,5.46254388778921,4.67511672597195,41.6529723158071,4.85407732113202,70.5673810452066,8.92674705935396,7.13244755869212,218.707868242522,0,95.5616917206846,0,12.0945188741839,25.8945758930996,0,0,4.98714975141071,60.9594526146362,17.7620532324158,18.2018454034657,0,322.159264562058,0,0,"CC vs. WC","CC"
"LOC144621228",3.8965618612322,20.1245099821956,2.75409327991901,7.39168374477343,1.44981034265802e-13,3.20653438246948e-10,5.91835964761025e-10,0,4.03950350909889,0.956516473510741,1.76018034186219,0,0,2.63410648060735,0,0,5.01864116585985,0,0,1.05625988768401,0,0,0,0,0.755480773344867,0,18.3947896888875,5.58880682853135,0,0,0,0,0,2.24832487942596,0,0,0,2.10255182023622,0,0,0,0,0,0,5.30119352497292,2.16815774467689,0,0,0,0,0,0,0,0,0,1.03339927052366,0,0,0,0,0,27.8700004381174,1.98449909565666,0,0,0,0,0,0,0,98.2467440662191,0,3.86790189410622,3.51847073989857,0,10.6279574427087,0,1.93070171660102,0,0,0,0,0,112.700181624344,14.2648951173842,4.46342588250044,0,0,0,16.1260251655786,0.924806281896415,0,0,0,12.1918905229272,0,0,2.31965249440201,0,2.1817500842637,0,"CC vs. WC","WC"
"LOC144621324",33.4175560148434,21.3966648351637,3.5432897929435,6.15761753170127,7.3847435632043e-10,6.84923054610484e-07,2.6825066424382e-06,0,16.1580140363955,0,183.938845724598,148.922594067809,0,0,0,139.834942135365,0,117.81573962816,0,0,0,0,129.043410159578,0,122.387885281869,0,0.919739484444377,112.707604375382,0,0,0,0,0,0,77.827288800128,0,1.09845111515122,0,0,0,119.948820451806,0,0,0,95.4214834495125,0,0,0,0,0,0,148.534178577578,0,0,0,0,0,133.983820468527,0,0,173.797679750561,0,171.659171774301,0,0,0,0,88.9844427423993,0,103.651083102066,0,0,0,1.17282357996619,0,221.061514808341,0,0,123.590055461231,0,170.233886855907,0.693439617304575,0,0,0,186.571201888518,0,99.5434288757132,144.398927901655,0,0.924806281896415,105.602795537313,0.822189461799483,0,0,0,0,0,0,0,0,"CC vs. WC","WC"
"LOC111114643",4.92996820859722,17.2848766379298,2.8165544929468,6.21161878939087,5.2441524593569e-10,5.38499541112248e-07,1.30089286616096e-06,366.845756680853,2.01975175454944,5.73909884106445,0,0,0,0,0,0,0,0,8.52934633832205,0,4.49483424005489,0,0,6.47085180428226,0,1.77295265696288,0.919739484444377,1.86293560951045,2.87954023087553,2.1322353356096,0,0,0,8.99329951770384,0,0,0,0,0,0,0,2.01515393469445,0,0,2.12047740998917,0,0,0,0,0,0,0,0,0,0,0,0,0,0,0,0,0,0,0,0,0,1.95078575198889,0,0,0,0,7.83516732853595,0,0,6.46019699927173,0,1.42867232767393,0,0,0,0,0,0,11.1584338241924,0,0,0,0.995434288757132,0,1.00787657284866,0.924806281896415,0,0,4.98714975141071,0,0.934844906969255,0,4.63930498880402,0,0,4.2983647468733,"CC vs. WC","WC"
"LOC144621318",21.0137525963951,-46.0190315329836,4.77197257685639,-10.0287623581473,1.13935744409943e-23,8.18970130818668e-20,0,0,118.155477641142,0,0,0,54.9885784021747,0,0,0,0,0,0,0,0,0,0,0,0,0,0,0,0,0,0,0,0,58.456446865075,109.378892367747,0,0,0,156.372191948812,186.025773897696,0,70.5303877143056,0,0,109.204586614442,0,96.7022737949302,67.0145215163052,103.345623477585,0,0,0,0,0,71.4113821464398,0,0,90.7292012621521,0,0,0.929399356954871,0,0,158.023830638648,71.7605970194532,129.442855581393,0,0,0,0,0,0,91.8626699850228,0,0,0,0,0,0,94.0867241101855,0,0,0,0,0,0,0,0,0,0,136.871329720669,0,0,0,0,0,0,0,0,0,0,"CC vs. WC","CC"
"LOC144621252",23.5987965234264,16.3259338816373,14.8592117201687,4.00901700404348,6.09720265184638e-05,0.022475227005883,0.0746480590084472,0,0,0,0,0,0,0,0,0,0,0,0,0,0,0,0,0,0,0,0,0,0,0,471.439227977205,0,0,0,0,0,0,0,0,0,664.763089045989,0,0,0,0,0,0,0,0,81.4372333563187,0,184.361518133978,0,0,0,0,0,0,0,0,0,0,0,0,0,0,0,0,0,0,0,0,0,16.4195301195267,0,0,0,0,506.65094559245,64.8672445728608,0,0,42.069015623104,0,0,0,86.7042674558073,0,0,0,0,0,0,0,0,0,99.5748013248416,0,0,0,0,"CC vs. WC","WC"
"LOC144621941",274.387065988604,25.6950704285063,3.72942044589819,7.04181771809113,1.89747959605978e-12,2.87138596557425e-09,1.03360911295067e-08,0,0,2270.7701081145,0,1.16345776615475,0,0,2533.70439203773,0,2.00745646634394,0,0,642.206011711876,0,0,0,0,1.51096154668973,0,0.919739484444377,0,0,0,4198.19013519903,0,423.076531375629,0,0,0,0,1705.16952621157,0,0,0,0,508.672025706658,0,2.12047740998917,379.427605318456,0,0,0,1022.38068864198,0,0,3.74856629166197,468.297920873533,0,0,21.2471734316655,0,534.85534650487,664.092962116973,0.929399356954871,0,0,0,0,0,0,0,0,0.909220027211106,1.02340358402312,0,0,1432.01759113872,0,1.06279574427087,0,0,2197.30827886321,0,0,1.38687923460915,0,3146.67833842227,0,0,0,3.98173715502853,213.873883778867,0,0,1.08868861378673,4.11094730899742,0,1591.04171324201,0,0,0,543.227173692573,1.09087504213185,1269.09219151434,"CC vs. WC","WC"
