"Gene","baseMean","log2FoldChange","lfcSE","pvalue","padj","B1_B1_O01","B1_W5_O50","B2_B5_O51","B2_C4_O40","B3_B4_O41","B3_C3_O30","B3_C6_O66","B3_H4_O41","B3_W1_O06","B3_W4_O41","B4_B2_O19","B4_B3_O32","B4_C5_O56","B4_H5_O55","B4_W2_O19","B4_W6_O67","B5_B6_O69","B5_H2_O21","B5_W3_O33","B6_C2_O24","B6_H3_O35","B6_H6_O72","C_W5_W52","C1_C4_W37","C1_H2_W13","C1_H6_W62","C2_B2_W16","C2_C1_W03","C2_H1_W04","C2_W2_W15","C3_B3_W30","C3_C2_W17","C3_W3_W29","C4_B1_W07","C4_B5_W56","C4_C6_W67","C4_H5_W56","C5_B4_W46","C5_C3_W33","C5_W1_W09","C5_W4_W45","C6_B6_W71","C6_C5_W59","C6_H3_W36","C6_H4_W48","C6_W6_W72","H1_B2_B13","H1_B6_B61","H1_C6_B62","H1_W4_B38","H1_W5_B49","H2_B5_B51","H2_C1_B04","H2_H1_B03","H2_W2_B16","H3_B4_B41","H3_C5_B54","H3_H4_B41","H3_H6_B66","H3_W3_B30","H3_W6_B66","H4_H2_B19","H4_W1_B07","H5_B1_B09","H5_B3_B34","H5_C2_B22","H5_C4_B46","H6_C3_B36","H6_H3_B35","W1_C1_G02","W1_C6_G61","W1_H5_G49","W1_W1_G01","W1_W6_G62","W2_B2_G04","W2_B6_G64","W2_C2_G15","W3_B5_G54","W3_C3_G29","W3_H2_G18","W3_H3_G30","W4_C5_G55","W4_H1_G08","W4_W5_G56","W5_B2_G21","W5_C4_G45","W5_H4_G46","W5_W2_G22","W6_B3_G35","W6_B4_G48","W6_H6_G71","W6_W3_G36","W6_W4_G48","pair","DEG_group"
"LOC144624409",911.993119844727,-5.78745401706755,3.42592157348629,1.34129604128154e-05,0.0102478962542266,3468.54281716943,2148.62674234778,17.100813452796,1673.314291363,3624.50764715034,19.7615176329566,1.30934365577222,7753.06540708052,4365.54544372101,5.9877447161491,5.04376985200031,1465.15335997208,1613.14617536234,0,4.00738773273672,2031.81316691609,5.2592084337982,5.28604460472022,0,0,1.431814131568,291.376459984562,229.973099084932,1.10964169126372,215.860922009612,29.0326124458592,4.18003363143324,216.058647500506,1123.65579850575,2350.55112533167,4.5395417378078,12.0701067972934,0,6.00659558176141,3075.92716719189,237.446287616094,0,6.46892694480442,7.5862444265376,3049.58928818838,2063.70706132515,3.89772960604083,2.32430616697382,2357.0955853483,3.72136589784513,0,2.32606108546764,6.17084903799927,4490.92452300046,6.296739298692,2.15947946393415,9.23317654931729,16.6380135372623,3814.62444849352,5.92649591117768,1427.91876526306,28.1261077019129,2386.99038024849,154.160808766956,3410.38058836483,7.51513863950682,2.71428774902789,7.12002000110027,6.81075209764409,0,2911.83982241135,10.7022724645722,2.11136768379895,7.8093878999871,3.83374266515287,14.9194567986569,2469.51019409949,2742.56471255952,5216.91939793605,2.69585235117486,5.54263671405571,7.09301925496009,6.20138360516771,2070.97973850639,0,10.1628309538711,4039.98019434542,4.60313178279033,8.64014160261755,0.816888304102899,0,2315.01760306742,9.28662807430361,8.49508218114884,8.06952544080526,7.73797153272222,1617.85225868867,2024.85702711547,"BB vs. WB","BB"
"LOC111104604",174.192462980199,-19.4833367912158,5.40248226627645,9.32753470353987e-07,0.00105348421301676,0,0,167.207953760672,0,0,0,0,391.058263146595,0,978.996261090378,0,0,0,1092.42185856099,0,0,0,0,1308.69815791328,0,445.294194917649,0,0,2103.88064663601,0,0,0,1075.22143826543,0,375.587396857258,0,0,0,0,0,0,0,181.129954454524,0,0,0,544.707712444206,0,0,0,281.653449848079,0,0,0,0,250.499617816361,213.517207702962,1191.46663608506,0,0,0,0,0,0,0,405.817486533369,0,665.213297245654,1.94592917075545,0,284.76509686107,0,0,653.858750535283,975.687508281406,0,0,0,617.529805733734,0,0,0,0,0,3.9579350049247,614.512511677404,0,0,0,0,0,1185.27285913701,0,0,0,0,0,189.997127478415,"BB vs. WB","BB"
"LOC111104211",483.819311615996,2.34627575825566,0.76180192476146,4.5596725063108e-06,0.0040843659550495,39.662074141333,931.439217751326,191.909128748044,165.319603276324,158.391562251865,909.029811116002,1470.3929254322,1373.34709300295,254.849885645578,395.191151265841,117.015460566407,71.0827480942284,529.329966574387,189.582919628909,566.043517249062,55.7836772331766,333.584077800914,728.59314801727,510.511005075732,1625.96430580706,214.056212669416,317.865229074068,111.67417980256,1135.16345016278,897.933862904998,999.391851501691,426.36343040619,930.167980084337,126.547643326862,160.667941988938,431.256465091741,100.274733392899,369.919078580841,242.26602179771,217.481047595821,287.196938354705,1120.23205871051,197.302271816535,374.254725042522,190.535306551239,140.075453385282,463.829823118859,213.836167361591,116.55559272431,1153.62342833199,367.461848547314,493.124950119139,132.673254316984,316.934269721538,564.607623782716,211.628987465547,248.141619762902,359.565959221946,119.47583464337,787.236206868102,186.677453256868,391.128685229726,175.513998547683,282.14336698858,1128.79562166856,761.534048803358,218.95254508825,959.168408719651,165.403979514214,204.578813571242,357.123441145441,745.948390780684,183.688988490509,197.36453056331,67.0904966401753,265.159436739765,255.366506557879,879.419111109248,714.126646854095,854.585195322429,833.612561793979,29.3853654848347,771.629302871582,316.257989624128,939.020079918386,300.142274170992,377.46531183847,810.151193771099,716.051735316929,1322.54216434259,92.9108307577621,262.496544612966,946.307400771538,1077.81355173326,531.435889744461,1312.13888704875,49.8801634716345,155.840340516003,"BB vs. WB","WB"
"LOC144619712",78.6360391577656,-23.7843293481753,2.25646986641372,1.45829495857802e-26,1.89410640694907e-22,0,201.527753248672,0,0,320.251552874209,0,0,0,268.08884074405,0.997957452691516,3.02626191120019,48.8030807811121,0,68.9392435014216,167.308437841758,0,235.161748539834,0,0.913257611942276,0,98.7951750781921,0,0,0,9.51453099766885,0,154.66124436303,0,0,57.3814078531922,215.628232545871,0,368.80486448873,260.285808542994,0,0,172.667347395229,0,159.31113295729,132.145454543601,3.20783481034998,36.0539988558777,0,230.884008517581,0,16.1521691669149,188.410947922879,155.299700789648,0,119.638046675148,0,0,106.298419821398,78.3761475260508,645.000304999837,194.865060855853,181.940759196749,104.244677925291,46.5391120805905,145.052963943883,3.75756931975341,230.71445866737,0,152.755439904303,407.236699315523,0,11.7724997110295,174.187833913414,0.709944354544282,0,177.677167329459,326.17267428529,0,1.37995487314801,0,0,96.2624041744584,0,0,1.97896750246235,0,0,0,307.80504459325,0,0,64.6145340585762,141.156746729415,0,0,18.7922165794682,0,0,"BB vs. WB","BB"
"LOC111104559",151.239923489253,2.46156846264516,2.57848131659308,8.53105705538253e-05,0.0410391239125318,3.77734039441266,674.767054409733,4.75022595911,34.9882758256769,0,32.5483819836932,624.556923803348,1.03181599774827,3.3097387746179,37.9223832022776,59.5164842536037,8.48749230975862,0,50.3786779433465,14.0258570645785,38.6194688537377,13.5236788297668,121.579025908565,7.30606089553821,66.6682403292188,8.59088478940801,72.0494519234554,547.014202761691,156.459478468184,0.594658187354303,830.779371527662,0,8.11487877936172,17.4548473554292,11.4762815706384,19.2930523856832,9.28469753637951,6.68528455266579,1.0010992636269,5.19875014173276,3.01519095385517,25.2683923017408,7.54708143560516,2.5287481421792,2.0487667371101,5.3463913505833,0,49.5851982287747,4.45435386207552,159.088392132879,8.07608458345745,0,66.8508645783254,599.108006634907,0,9.71765758770368,4.61658827465864,3.69733634161384,0,2110.82029369778,24.5628227969563,18.4577581793803,0,20.3608615352583,7.63436652336227,157.817911429643,2.71428774902789,2.03429142888579,1.94592917075545,2.88139174044002,5.83535034551373,99.5311339205217,80.2319719843602,8.51933225453138,9.58435666288218,0,1.74113527198554,65.6417127924081,14.4895261680541,20.2188926338114,993.240499158783,50.6644232497149,2.65773583078616,866.025462626645,111.811663889123,473.587922450392,411.507276301355,414.28186045113,18.3603009055623,2191.71131990808,260.150326121734,18.1728377039746,174.588607796908,5.30942636321803,816.174858870017,116.069572990833,36.8679469138168,6.4043975554522,"BB vs. WB","WB"
"LOC144623030",590.913963651251,-4.91688166775618,2.95994741257656,1.57962857061743e-05,0.0111851149798514,8.4990158874285,1553.06711334424,0,1.74941379128385,1942.31988746812,1.16244221370333,5.89204645097498,2160.62269928488,1931.78419811865,15.9673192430643,3.02626191120019,11.6703019259181,5.24089075816225,54.3559419915055,1572.89968509916,2.14552604742987,1534.18623168799,10.5720892094404,5.47954567165366,0.925947782350261,4.29544239470401,170.587672936416,30.2845233362874,814.477001387569,10.1091891850232,2.2332778804507,1960.43577314219,1.01435984742021,42.5461904288586,6.25978994762097,2345.80819301218,6.49928827546566,1772.71462054855,1877.06111930044,7.79812521259915,4.52278643078275,2187.82163345906,11.8596993988081,3600.09443841579,1569.35532062633,6.41566962069995,104.264266961592,7.74768722324605,1757.98499089914,1225.25972186551,26.2472748962367,1778.27369984001,4.11389935866618,47.0289561522282,1224.71579359559,1.07973973196708,4.61658827465864,1432.71783237536,148.150034957779,1188.26243019112,1308.37969431787,1240.18556148122,1.06372120331929,2.9086945050369,14.1781092576728,10.0201848526758,1829.4299428448,5.08572857221448,1.94592917075545,1984.3184452497,1.16707006910275,1452.29837344245,1038.79290042909,1586.01568805193,3.83374266515287,1313.59035540902,1066.15516487914,7.19361236081184,1450.33257167856,0,16.6279101421671,18.2391923698974,0.885911943595387,0,2.96845125369353,14.2279633354195,915.128103502284,3.68250542623227,896.414691271571,0.816888304102899,1.23881107677016,29.2784607452923,1416.2107813313,8.49508218114884,0,1102.10823116058,5.42175689909071,2.13479918515073,"BB vs. WB","BB"
"LOC144619749",55.0591005478608,-22.0572967031108,3.19853025454841,1.59256385775843e-12,5.17125391662384e-09,0,191.501496868141,0,0,163.016133412503,0,0,38.1771919166861,127.976565951892,0,0,0,0,0,156.288121576732,0,148.760467127435,0,0,0,0,0,0,139.814853099229,0,0,215.271732018812,0,0,0,145.26533560985,0,250.698170724967,188.206661561857,0,0,202.147138413927,0,169.426125526006,115.75532064672,0,0,0,244.247070103808,133.969172322425,0,182.59579520921,0,0,124.885329424058,0,0,90.584740369539,0,130.382910045909,86.7886405492456,180.182877465379,0,0,0,0,177.333466269822,0,0,161.357937464641,0,224.747721756017,67.5637658815665,209.433584590563,0,117.32118300762,88.2175204472672,0,139.375442187949,0,0,0,0,0,0,0,91.1123166506651,0,88.5614514268299,0,0,0,220.093085360996,0,0,109.437025962786,0,0,"BB vs. WB","BB"
"LOC111104577",131.511796328746,2.32162328269859,2.68341758291843,0.000102859306076265,0.0477138606061274,8.4990158874285,6.01575382831857,11.400542301864,4.37353447820962,0,2.32488442740666,2552.56545692794,40.2408239121826,0,4.98978726345758,11.0962936744007,16.9749846195172,3.14453445489735,0,5.0092346659209,9.65486721343441,15.7776253013946,14.0961189459206,6.39280328359593,226.857206675814,1.431814131568,13.7741599265429,10.4103048968488,57.7013679457134,12.4878219344404,33.4991682067606,0,4.05743938968086,3.27278387914297,10.4329832460349,1.13488543445195,66.8498222619325,0,3.0032977908807,1.73291671391092,4.52278643078275,3.1585490377176,10.7815449080074,20.2299851374336,4276.80056371733,14.9698957816332,164.679075855225,3.87384361162303,0,6.51239032122897,12.1141268751862,4.65212217093528,6.17084903799927,3.40789537334987,4.197826199128,0,43.8575886092571,6.47033859782421,0.955806677146961,26.6692316002996,0,0,34.0390785062174,12.6043428551599,2.18124757810351,7.51513863950682,0,5.08572857221448,3.89185834151091,0,0,4.28090898582889,0,14.9088314454299,1.91687133257644,14.2412996714452,5.22340581595661,196.025936832123,0,13.4792617558743,100.875988195814,4.0531538599772,5.31547166157232,1.13354118144849,60.3585088251017,4.06513238154843,523.645512179097,5.5237581393484,6.48010620196316,3354.1433766465,0,8.07681675732202,0,12.7426232717233,11.5278934868647,0,17.3496220770903,26.6849898143842,"BB vs. WB","WB"
"LOC144620003",66.8239624216013,-22.4936564946362,3.51443139324426,4.29872283802997e-11,1.01516293785004e-07,0,273.716799188495,0,0,246.258414303994,0,0,0,268.08884074405,0,0,0,0,0,190.350917304994,0,274.981469538591,0,0,0,0,0,0,0,0,0,303.05243827891,306.336673920905,0,0,226.97708689039,0,162.675257448201,191.209959352738,0,0,222.151282319472,0,329.580174530689,320.63199435773,0,93.5455105449799,0,132.88822355192,0,0,200.041253350217,0,0,199.39674445858,0,0,249.570203058934,0,335.834768300069,203.052668454839,217.09839382414,0,0,1.09062378905175,0,190.000142431952,0,0.972964585377727,268.929895774402,0,1.07022724645722,270.255063526266,0,0,211.585023690043,204.873583670298,0,0.689977436574005,0,0,0,0,0,0,0,0,0,117.721929335664,0,0,0,0,0,0,0,0,0,"BB vs. WB","BB"
"LOC144620030",430.681675000595,-24.1201319367775,2.48099533397537,6.01499261775124e-23,5.2083821077108e-19,0,1974.16988132655,829.389452460606,0,1553.8559099745,1505.36266674581,0,632.503206619691,310.012198555877,0,0,0,0,0,619.141404707823,0,432.006407061995,0,0,1434.29311486055,410.214748694233,0,0,21.0831921340107,457.292146075459,0,582.069683177078,0,0,642.671767955753,633.266072424189,1050.09929136452,416.716070449501,218.239639470664,664.573559784838,0,853.861089862993,446.355959191505,2280.08790819825,842.043128952249,0,0,1397.68277507359,1109.13411165681,4.65170737230641,426.013461777381,131.422451328922,0,0,534.173383839038,627.328784272871,1483.07898323409,736.694266066557,0,760.566975267802,740.159726948283,3679.24646375648,543.561534896159,0,0,0,1287.47715562223,502.469982934791,8.75668126839954,342.885617112363,921.98535459117,68.4945437732623,783.317410689412,0,0,1154.90158764148,583.86069453915,0,0,0,0,0,0,887.562745074166,940.009563669617,0,0,428.091255799501,253.80415957689,0,0,230.189277583678,30.6458726452019,0,0,97.277356411365,0,548.643390583738,"BB vs. WB","BB"
"LOC111099830",683.220072466458,2.54483065206716,1.43373993816469,2.46051745087327e-05,0.0155894784930086,238.916779946601,808.116264270795,129.206146087792,209.05494805842,151.454705510907,115.081779156629,1542.40682649967,912.125342009473,1946.12639947532,65.8651918776401,135.173032033608,93.3624154073448,529.329966574387,94.1285824730948,247.456192496493,116.931169584928,90.9091743556546,261.659207933651,729.692831941878,541.679452674902,352.226276365728,1011.87097921912,43.5340022959131,619.180063725155,357.984228787291,164.145924213127,126.446017350855,1404.888388677,970.925884145748,71.9875843976411,914.717660168273,908.971888811555,1857.39489154898,97.1066285718094,2751.00528333359,758.320524894574,181.090144829143,236.115833485361,74.1766121705899,355.461028888602,830.829215880644,31.1818368483266,108.467621125445,377.877685966074,444.703224792493,176.664350263132,74.4339547349645,3376.48289862527,873.102794652237,71.363045385176,872.429703429397,568.994504851678,1661.95268555542,549.588839359503,151.125645735031,103.163855747216,192.488049584966,278.694955269655,1375.81250088246,413.346416050614,1734.74450261949,855.905403526794,477.041340073718,383.348046638824,157.516081810721,918.484144383862,402.405444667916,102.401332664249,707.814521480649,269.320422226989,174.964538820612,1761.44851682537,446.003966370334,1097.06412415267,3559.8730297264,661.790823658252,2155.26456504287,396.002638787138,3142.17615497521,355.224666691992,340.793597986476,1537.89580632331,604.85151625865,140.402301042535,3423.57888249525,742.047834985326,763.259183566931,339.890587519512,426.877879602729,300.878020007167,247.615089047111,90.0011645249058,73.6505718877003,"BB vs. WB","WB"
"LOC144627275",26.6320665577128,-2.0253054777531,2.25115194726546,0.00011204935819617,0.0493340030146086,3.77734039441266,6.01575382831857,7.600361534576,6.12294826949346,2.3122855803192,2.32488442740666,24.8775294596721,0,4.41298503282386,5.9877447161491,0,947.416329076806,1.04817815163245,9.28028277903752,18.0332447973152,19.3097344268688,4.5078929432556,0,129.682580895803,25.9265379058073,17.8976766446,24.3696675623452,12.3030876053668,11.0964169126372,3.56794912412582,1.11663894022535,249.757009478136,0,0,19.8226681674664,10.2139689100676,6.49928827546566,5.57107046055483,23.0252830634187,6.06520849868823,3.76898869231896,17.8984445470664,6.46892694480442,0.842916047393067,10.2438336855505,8.55422616093327,5.84659440906124,192.917411858827,5.93913848276736,8.37307327015154,0,11.6303054273382,3.08542451899964,4.08947444801985,18.890217896076,0,3.46244120599398,27.7300225621038,3.82322670858784,2.96324795558884,11.4626506385796,6.15258605979344,0,17.4521670302214,7.63436652336227,0,3.61905033203718,5.08572857221448,24.3241146344432,3.84185565392003,14.004840829233,12.8427269574867,20.0579929960901,22.0082749908727,2.87530699886466,0,8.70567635992768,5.39520927060888,6.89977436574005,2.69585235117486,12.1938007709226,0,2.65773583078616,0,12.8632887660053,158.540162880389,5.00617124454204,40.5075596885549,0,15.5208777779551,22.2985993818629,15.1440314199788,26.0025586080501,0,2.30557869737293,2.21084900934921,32.5305413945443,7.47179714802756,"BB vs. WB","BB"
"LOC111102362",195.905366370762,2.6682993566278,2.16644382373358,5.31907848666755e-05,0.0276347403696326,5.666010591619,19.0498871230088,18.050858644618,37.6123965126027,25.4351413835112,18.5990754192532,14.4027802134944,54.6862478806585,16.5486938730895,102.789617627226,21.1838333784013,11.6703019259181,106.91417146651,29.1666030198322,10.0184693318418,23.6007865217286,33.809197074417,12.3341040776805,2269.44516567656,1.85189556470052,1277.17820535866,136.682048501849,39.7484368788772,31.0699673553841,29.1382511803609,18.982861983831,33.4402690514659,22.3159166432447,18.5457753151435,83.4638659682796,61.2838134604054,858.834522115105,61.2817750661031,944.036605600167,15.5962504251983,138.698783877338,13.6870458301096,4.31261796320295,9.27207652132373,22.5364341082111,23.5241219425665,18.5142156286939,119.314383237989,88.3446849311645,13.0247806424579,30.2853171879654,19.7715192264749,107.989858164987,10.2236861200496,149.022830069044,0,1384.97648239759,10.167674939438,778.026635197626,5.92649591117768,633.720828161472,9.66834952253255,675.462964107751,19.391296700246,53.4405656635359,42.585785623872,20.8095394092138,12.2057485733148,1028.42356674426,21.1302060965602,19.8401911747467,46.0197715976606,688.305864918459,12.0690540272528,22.044020324629,5.4252570176934,4.06264896796625,146.569851851541,38.6387364481443,722.488430114861,62.0775311974239,50.6644232497149,994.87911265762,1039.45726338826,0,8.80778682668826,22.027153475985,28.5394170533001,22.6803717068711,129.068352048258,91.6720196809919,30.2880628399576,117.011513736226,953.572974833957,9.22231478949172,25.4247636075159,979.169295975782,20.280592258932,"BB vs. WB","WB"
"LOC111124250",15.5088056892019,-3.71407960679778,2.27773063523434,2.23604572599941e-05,0.0148937845703299,946.223768800372,0,0,6.12294826949346,0,1.16244221370333,5.89204645097498,8.25452798198618,0,0,18.1575714672011,0,6.2890689097947,1.32575468271965,14.0258570645785,18.2369714031539,0,1.76201486824007,48.4026534329406,3.70379112940104,3.57953532892001,11.6550583993825,3.78556541703592,0,1.18931637470861,2.2332778804507,1.04500840785831,18.2584772535639,10.9092795971432,13.5628782198454,2.2697708689039,0,2.22842818422193,9.00989337264211,6.06520849868823,12.8145615538845,0,5.39077245400368,0,3.07315010566514,4.27711308046664,2.92329720453062,0.774768722324605,2.96956924138368,13.0247806424579,6.05706343759309,17.4454581410073,6.17084903799927,5.45263259735979,0,0,25.3912355106225,1.84866817080692,3.82322670858784,3.95099727411845,1.63752151979709,4.39470432842389,0,3.87825934004921,32.7187136715526,0,11.7619135791208,1.0171457144429,9.72964585377727,0,3.50121020730824,0,3.16705152569843,4.25966612726569,1.91687133257644,0,4.64302739196143,1.79840309020296,4.13986461944403,2.69585235117486,2.21705468562228,0,4.42955971797694,4.53416472579395,1.97896750246235,1.35504412718281,0,3.68250542623227,1.08001770032719,3.2675532164116,2.47762215354032,1.00960209466525,5.57197684458217,0,10.3751041381782,7.73797153272222,20.6026762165447,0,"BB vs. WB","BB"
"LOC111127506",13.1421955949387,17.4799912604399,2.19066667958282,6.78607829227377e-16,2.93803259663993e-12,0,0,0,17.4941379128385,0,17.4366332055499,0,92.8634397973446,0,8.98161707422365,0,0,5.24089075816225,0,0,0,0,0,0,0,0,23.310116798765,3.78556541703592,0,16.0557710585662,25.6826956251831,4.18003363143324,105.493424131702,0,25.0391597904839,6.80931260671171,4.64234876818976,1.11421409211097,0,0,181.665254969774,6.31709807543521,0,0,0,1.06927827011666,5.84659440906124,10.0719933902199,0,1.86068294892256,20.1902114586436,6.97818325640292,28.7972955106633,0,0,0,0,0,6.69064674002873,12.840741140885,1.63752151979709,0,31.9116360995788,26.1782505453321,0,0,0,61.0287428665738,25.2970792198209,0,0,0,2.11136768379895,39.0469394999355,0,10.8505140353868,0,3.59680618040592,0,0,8.86821874248914,0,0,21.5372824475213,0,0,18.0222164803513,135.332074414036,3.24005310098158,80.871942106187,91.6720196809919,0,0,0,0,3.31627351402381,10.8435137981814,6.4043975554522,"BB vs. WB","WB"
"LOC111123050",321.950362306826,5.16662999843641,2.07968621715175,5.25450304215323e-06,0.00454987418420048,1.88867019720633,4.01050255221238,6.650316342754,26.2412068692577,8.09299953111719,77.883628318123,15.7121238692666,25.7953999437068,83.8467156236534,41.9142130130437,42.3676667568026,78.5093038652672,42.9753042169304,0,30.0554079955254,6.43657814228961,6.7618394148834,44.9313791401218,126.029550448034,67.594188111569,16.465862513032,37.0842767253079,17.0350443766617,2.21928338252744,17.8397456206291,96.0309488593803,21.9451765650245,11.1579583216224,14.1820634762862,7.30308827222446,3017.66037020774,10.2131672900175,5.57107046055483,3730.09585627383,19.0620838530201,24.1215276308413,63.1709807543521,24.7975532884169,10.1149925687168,1.02438336855505,5.3463913505833,28.258539643796,9.29722466789526,18.559807758648,4.65170737230641,42.3994440631516,2866.87028783887,5.14237419833273,36.1236909575086,3.148369649346,23.7542741032757,9.23317654931729,14.7893453664553,9.55806677146961,22.7182343261811,0,3.51576346273911,3.19116360995788,7.75651868009841,32.7187136715526,10.0201848526758,1243.14378905477,11.1886028588719,4.86482292688863,9.60463913480007,4.66828027641099,0,620.742099036892,1.41988870908856,2.87530699886466,4539.58380955495,95.1820615352093,27.8752478981459,1.37995487314801,17.5230402826366,45.4496210552568,8.10630771995439,11322.8405510926,6.80124708869093,36.6108987955535,6.77522063591404,24.0296219738018,22.0950325573936,707.411593714312,19.6053192984696,4.95524430708064,8.07681675732202,19.5019189560376,26.5471318160901,10.3751041381782,32.0573106355635,6.50610827890885,11.741395518329,"BB vs. WB","WB"
"LOC144623005",241.621588490528,-10.723135677362,2.48734672129575,2.48507723756351e-07,0.000358638063334374,337.12763020133,0,834.139678419716,79.598327503415,766.522669875814,0,0,0,1366.92211391719,725.515068106732,292.538651416018,0,0,23.8635842889536,249.459886362861,139.459193082942,378.66300723347,417.597523772897,166.212885373494,0,176.829045248648,0,0,491.571269229827,132.014117592655,0,0,562.969715318219,464.735310838302,967.13754690744,0,0,0,349.383643005788,209.682922383222,911.341465802724,208.464236489362,0,171.954873668186,225.364341082111,0,0,0,129.918654310536,320.037467214681,0,0,291.058379625632,84.5158052590768,246.62228919877,350.915412889299,181.201089780352,223.688848667637,694.871454285841,217.304850076515,0,152.056769763466,204.234471037304,0,170.137311092073,0,0,0,153.728404489681,634.866646810285,767.932105469608,0,71.7865012491644,0,864.508970991973,16.2757710530802,199.069799430346,205.917153828239,425.026100929587,0,0,1009.23531113432,0,923.836062880518,0,138.892023036238,0,575.391472848792,0,0,462.07653163527,1134.79275440374,146.728723573997,1.06188527264361,0,0,69.3984883083611,754.651511950784,"BB vs. WB","BB"
"LOC144623744",18.3334668805592,18.3743156481948,3.12082229551676,1.4542480096658e-09,2.51846670313924e-06,0,7.01837946637167,0,0,0,0,17.0214675250388,0,0,0,0,0,35.6380571555033,0,0,40.7649949011675,0,0,0,0,0,14.8337106901232,59.6226553183158,0,60.6551351101389,0,0,0,0,36.5154413611223,0,0,0,0,0,14.322157030812,0,0,5.0574962843584,0,0,0,0,0,362.8331750399,117.103226460133,0,115.189182042653,0,0,0,30.0078237852812,0,0,0,0,0,0,22.2999912052829,0,27.5555083448584,0,260.389302897381,66.1615918056854,5.76278348088004,0,0,0,98.6822652816551,0,0,0,0,12.4195938583321,0,124.155062394848,43.5714039947549,0,0,0,0,0,0,0,53.0977397666885,9.91048861416129,0,0,0,11.5278934868647,0,37.952298293635,14.9435942960551,"BB vs. WB","WB"
"LOC111111964",5.19555953385409,-18.257096224892,4.5724835375684,5.89831283765034e-07,0.00080642353991391,5.666010591619,0,0,0,0,0,0,0,0,0,0,16.9749846195172,15.7226722744867,0,0,0,11.269732358139,0,0,0,0,0,0,236.353680239172,0,0,0,0,3.27278387914297,0,0,0,56.8249186976592,15.0164889544035,0,0,0,0,0,0,21.3855654023332,11.6931888181225,0,0.742392310345921,9.30341474461282,0,0,0,0,2.098913099564,0,0,0,0,6.91424522970729,0,0,34.0390785062174,0,0,1.25252310658447,0,0,0,0,0,0,0,0,8.62592099659397,0,0,0,0,0,0,0,0,3.40062354434547,0,0,0,0,18.3603009055623,0,0,0,0,0,0,0,0,4.26959837030146,"BB vs. WB","BB"
"LOC144624489",48.2358824276421,19.8137351887431,3.41332964493694,2.11315561022262e-09,3.43084020542207e-06,0,0,0,0,0,0,0.654671827886109,0,0,0,0,0,0,0,0,112.640117490068,0,0,5.47954567165366,0,173.965416985512,234.16071875123,506.319374528555,0,0,0,0,0,0,166.927731936559,7.94419804116366,0,0,12.0131911635228,0,0,0,127.222229914487,0,0,342.169046437331,103.289834560082,1.54953744464921,0,209.326831753788,0,0,18.5125471139978,0,0,128.489028104082,96.9483537678315,235.705191777882,0,0,0,0,0,124.104298881575,0,0,0,329.555211479498,4.86482292688863,0,0,232.239312481217,0,0,0,0,0,0,0,0,186.232593592272,0,0,109.953494600503,1.97896750246235,0,102.125893388658,0,0,398.641492402215,0,0,0,227.243448345732,0,37.5844331589365,165.905761112176,82.1897686283032,"BB vs. WB","WB"
"LOC144623827",13.5051943364774,18.4712363855078,2.74978613340322,7.62486981423111e-12,2.20079159071424e-08,0,0,0,0,0,0,0,0,0,0,0,0,1.04817815163245,0,0,0,0,78.4096616366832,0,0,15.749955447248,0,0,1.10964169126372,0,0,0,0,28.3641269525724,0,0,0,2.22842818422193,94.1033307809287,0,0,2.1056993584784,44.2043341228302,0,0,0,2.92329720453062,0,0,219.560587972863,0,0,56.56611618166,0.681579074669974,0,0,21.9287943046286,0,31.5416203458497,0.987749318529613,1.63752151979709,0,0,90.169529656144,0,71.3938170753148,0.904762583009296,0,10.702610439155,4.80231956740004,0,131.637951314238,0,0,29.7115056549348,0.678157127211675,0,0.89920154510148,0.689977436574005,0,0,27.3587885548461,40.7519494053878,0,0,0,0,0.920626356558067,0,0,0,0,80.7936642464414,159.282790896541,0,0,0,2.13479918515073,"BB vs. WB","WB"
"LOC144623886",80.8445971125284,-2.9559242122715,2.51335434216781,5.18711568804803e-05,0.0274991233119232,75.5468078882533,8.02100510442476,0,0,3659.19193085513,8.13709549592329,2.61868731154444,0,2313.50740345791,34.9285108442031,6.05252382240037,10.6093653871983,3.14453445489735,50.3786779433465,19.0350917304994,8.58210418971948,0,52.8604460472022,3.6530304477691,110.187786099681,0.715907065784001,0,0,15.5349836776921,14.2717964965033,51.3653912503662,0,12.1723181690426,5.45463979857162,7.30308827222446,2.2697708689039,0,4.45685636844386,4.0043970545076,5.19875014173276,3.01519095385517,56.8538826789169,0,0,10.2438336855505,5.3463913505833,4.87216200755104,6.19814977859684,0.742392310345921,23.2585368615321,3.02853171879654,6.97818325640292,3.08542451899964,0.681579074669974,6.296739298692,0,9.23317654931729,5.54600451242075,0.955806677146961,21.7304850076515,18.0127367177679,22.8524625078042,0,4.84782417506151,9.81561410146577,3.75756931975341,1.80952516601859,20.3429142888579,14.5944687806659,224.748555754322,0,21.4045449291445,2.11136768379895,21.2983306363284,0.958435666288219,6.10341414490508,1.74113527198554,4.4960077255074,4.82984205601803,1.34792617558743,6.65116405686685,4.0531538599772,8.85911943595387,0,88.0640538595747,5.42017650873124,13.0160452358093,30.3806697664162,163.082672749406,6.53510643282319,3.71643323031048,5.04801047332626,13.9299421114554,52.0323783595367,13.8334721842376,48.6386782056825,8.67481103854514,4.26959837030146,"BB vs. WB","BB"
"LOC144623115",309.766428511569,-3.18183055020974,1.88819666341654,2.44762119904691e-05,0.0155894784930086,654.424223331994,609.596387936282,1294.91159645339,1088.13537817855,967.691515363584,468.464212122441,22.2588421481277,114.531575750058,1289.69487584277,40.9162555603522,1205.46099462807,36.0718423164741,36.6862353071357,144.507260416441,9.01662239865762,620.057027707232,652.893161281519,103.077869792044,800.013668061434,13.8892167352539,98.0792680124081,12.7146091629627,194.95661897735,14.4253419864283,815.871033050104,673.333280955888,87.780706260098,767.870404497102,40.36433450943,41.7319329841398,7.94419804116366,51.9943062037253,5.57107046055483,522.573815613242,447.092512189018,1176.67826974198,738.04762514668,486.247675351132,89.3491010236651,9.21945031699543,8.55422616093327,356.642258952736,70.5039537315391,829.252210656393,17.6764880147644,916.635600222421,640.829829046335,153.242751110315,10.2236861200496,449.167403306696,167.359658454897,135.035207033765,23.1083521350865,49.701947211642,33.5834768300069,440.493288825416,559.885331441203,38.2939633194946,22.2999912052829,49.0780705073289,47.5958780502099,1278.42952979213,12.2057485733148,115.782785659949,176.725360080321,465.660957571996,12.8427269574867,882.551691827963,4.96961048180997,358.454939191794,121.39012577089,997.090132423717,19.7824339922326,810.723487974456,31.0023020385108,21.0620195134117,61.8105963646522,43.409685236174,68.0124708869093,39.579350049247,58.2668974688608,739.912109943313,52.4757023238098,213.843504664784,14.7039894738522,34.6867101495645,2.01920418933051,24.1452329931894,77.5176249029832,28.8197337171616,12.1596695514206,538.922635769616,16.0109938886305,"BB vs. WB","BB"
"LOC111114742",159.511277538276,1.78947516993643,1.49533585814408,6.77335856137329e-05,0.0338826947588371,14.1650264790475,57.1496613690264,7.600361534576,54.2318275297992,54.3387111375011,90.6704926688596,195.746876537947,36.1135599211896,130.183058468304,213.562894875985,93.8141192472058,23.3406038518362,418.223082501347,71.5907528668609,62.1145098574192,26.8190755928734,42.8249829609282,33.4782824965614,258.451904179664,76.8536659350716,51.5453087364481,162.111266827775,935.034658007873,175.323387219668,572.06117623484,34.6158071469859,26.1252101964577,219.101727042766,389.461281618014,164.841135287352,152.074648216561,293.396442149593,27.8553523027741,36.0395734905684,106.574377905522,267.598197154646,35.7968890941329,59.2984969940405,88.506184976272,37.9021846365368,60.9488613966496,686.974843064696,47.2608920618009,57.9066002069818,280.032783812846,120.13175817893,24.4236413974102,65.8223897386589,64.0684330189776,192.050548610106,69.1033428458928,48.4741768839158,37.8976975015418,47.7903338573481,83.9586920750171,91.7012051086368,65.0416240606735,218.062846680455,215.243393372731,105.79050753802,313.130776646118,13.5714387451394,63.0630342954595,250.051898442076,66.2720100301205,15.1719108983357,435.58248930809,87.6217588776566,26.9778854726827,107.34479462428,71.8846554844376,51.0733013115757,195.126735287021,210.443118155072,274.976939819835,379.11635124141,458.006386177423,302.981884709622,240.31073046708,8.90535376108059,78.5925593766029,78.0962714148558,299.203565881372,57.2409381173413,58.8159578954088,65.6569870688185,40.3840837866101,260.025586080501,713.586903216503,205.196504066191,685.363192898254,67.2297855487248,274.321695291869,"BB vs. WB","WB"
"LOC144623205",27.1776790746851,-19.581098625878,5.11385341541341,6.93198115098403e-07,0.000857486068376724,0,0,0,0,0,97.6451459510795,0,0,0,171.648681862941,109.954182773607,0,136.263159712218,0,109.201315717076,0,0,0,0,0,0,0,0,164.22697030703,0,0,51.2054119850572,0,0,0,91.925720190608,35.2818506382422,0,149.163790280408,0,0,0,0,64.0616196018731,111.6577871725,32.0783481034998,0,0,0,68.8452691101349,0,0,0,0,0,0,1.15414706866466,41.5950338431557,0,124.456414134731,57.313253192898,0,38.2939633194946,0,0,0,0,0,0,159.437009637681,0,401.335217421459,0,0,0,176.320853075036,0,0,0,0,0,0,0,0,5.93690250738706,0,0,0,128.522106338936,0,0,0,0,0,0,0,0,0,"BB vs. WB","BB"
"LOC111116266",7.06391119076425,13.986365999401,2.35541289036114,9.74830294231441e-10,1.8101774874864e-06,0,2.00525127610619,0,2.62412068692577,0,16.2741909918466,0,0,1.10324625820597,0,0,0,0,0,18.0332447973152,0,0,7.04805947296029,3.6530304477691,0.925947782350261,71.5907065784001,2.11910152716045,4.7319567712949,0,24.3809856815264,24.5660566849578,0,0,0,0,0,0,2.22842818422193,0,0,0,30.5326406979368,1.07815449080074,0,0,0,0,0,0.742392310345921,7.44273179569026,25.2377643233045,0,1.02847483966655,8.17894889603969,0,0,0,0,87.9342142975204,1.97549863705923,0,0,0,1.9391296700246,2.18124757810351,3.75756931975341,0,146.468982879777,106.053139806172,0,0,2.14045449291445,0,0,0,1.35631425442335,2.32151369598072,0,0,0,0,1.0132884649943,0,6.80124708869093,15.8317400196988,0,0,3.68250542623227,0,0.816888304102899,0,0,7.42930245944289,5.30942636321803,1.15278934868647,0,3.25305413945443,0,"BB vs. WB","WB"
"LOC144625090",30.4914254421684,-4.6239779108345,1.61009791444412,3.81693532174357e-06,0.00379752102791875,17.9423668734602,7.01837946637167,0,10.4964827477031,1234.76049989045,4.64976885481331,5.89204645097498,0,759.033425645705,0.997957452691516,5.04376985200031,2.12187307743965,0,3.97726404815894,4.00738773273672,11.8003932608643,3.756577452713,0.881007434120036,10.045833731365,4.6297389117513,6.44316359205601,1.05955076358023,22.7133925022155,6.65785014758231,12.4878219344404,13.3996672827042,14.6301177100163,0,9.81835163742892,26.0824581150874,9.07908347561561,7.42775802910361,49.0254200528825,3.0032977908807,0,0.753797738463791,6.31709807543521,0,5.90041233175147,54.2923185334175,27.8012350230331,1.94886480302041,0,0,5.58204884676769,5.04755286466091,4.65212217093528,1.02847483966655,8.17894889603969,17.840761346294,0,5.77073534332331,2.77300225621038,44.9229138259072,5.92649591117768,18.0127367177679,2.63682259705433,8.50976962655434,36.8434637304675,0,11.2727079592602,0.904762583009296,10.171457144429,71.9993793179518,40.3394843661603,1.16707006910275,2.14045449291445,4.22273536759791,0.709944354544282,4.79217833144109,2.7126285088467,2.32151369598072,0.89920154510148,10.3496615486101,2.69585235117486,0,12.1594615799316,0.885911943595387,18.1366589031758,5.93690250738706,3.38761031795702,0,1.84125271311613,15.1202478045807,8.98577134513189,7.43286646062097,2.01920418933051,19.5019189560376,9.55696745379245,6.91673609211879,0,1.08435137981814,22.4153914440827,"BB vs. WB","BB"
"LOC111110550",18.9656853334295,2.96077073299887,0.914890839076058,3.70562536143464e-06,0.00379752102791875,12.2763562818412,7.01837946637167,9.50045191822,0.874706895641923,13.8737134819152,2.32488442740666,10.4747492461777,1.03181599774827,6.6194775492358,10.9775319796067,4.03501588160025,6.36561923231896,7.33724706142715,5.30301873087858,20.0369386636836,19.3097344268688,12.0210478486816,17.6201486824007,75.8003817912089,11.1113733882031,22.193119039304,0,19.8742184394386,9.98677522137347,15.4611128712119,10.0497504620282,15.6751261178746,16.2297575587234,4.3637118388573,28.1690547642944,4.5395417378078,4.64234876818976,2.22842818422193,9.00989337264211,12.9968753543319,16.5835502462034,15.792745188588,8.62523592640589,10.9579086161099,9.21945031699543,31.0090698333831,4.87216200755104,15.4953744464921,23.0141616207235,13.9551221169192,17.1616797398471,3.48909162820146,8.22779871733236,18.4026350160893,10.49456549782,0,15.0039118926406,16.6380135372623,28.6742003144088,5.92649591117768,18.0127367177679,19.3366990450651,0,26.1782505453321,26.1749709372421,2.50504621316894,9.95238841310225,13.2228942877576,20.4322562929323,3.84185565392003,16.3389809674385,16.0534086968583,11.6125222608942,11.3591096727085,12.4596636617468,22.3791851979853,8.1252979359325,32.3712556236533,15.1795036046281,9.43548322911199,4.43410937124457,22.2923462298746,11.51685526674,10.2018706330364,4.94741875615588,8.13026476309685,47.0580096986951,10.1268899221387,7.56012390229036,402.725933922729,17.3433550747823,11.1056230413178,38.0751751046448,9.55696745379245,118.737302914706,3.31627351402381,26.0244331156354,12.8087951109044,"BB vs. WB","WB"
"LOC111127852",51.8611038747203,3.91481174313538,1.67916447998313,9.0138536032555e-06,0.0070955416682354,9.44335098603166,15.0393845707964,15.200723069152,0,9.24914232127678,12.7868643507366,1.96401548365833,26.8272159414551,31.994141487973,0.997957452691516,15.1313095560009,37.1327788551939,4.1927126065298,7.95452809631787,18.0332447973152,2.14552604742987,11.269732358139,9.6910817753204,4.56628805971138,15.7411122999544,1.431814131568,8.47640610864181,19.8742184394386,385.04566686851,3.56794912412582,264.643428833409,4.18003363143324,0,2.18185591942865,14.6061765444489,21.5628232545871,4.64234876818976,38.9974932238838,20.021985272538,17.3291671391092,48.2430552616826,5.26424839619601,18.3286263436125,7.5862444265376,0,5.3463913505833,0.974432401510207,27.8916740036858,24.4989462414154,10.2337562190741,8.07608458345745,5.8151527136691,7.19932387766582,13.6315814933995,6.296739298692,31.3124522270452,12.6956177553113,4.6216704270173,5.73484006288177,19.7549863705923,26.2003443167534,27.2471668362281,5.31860601659647,3.87825934004921,17.449980624828,20.0403697053515,0,9.15431142998606,11.6755750245327,52.8255152414004,3.50121020730824,0,8.44547073519582,4.25966612726569,7.66748533030575,43.4020561415472,19.1524879918409,0.89920154510148,6.89977436574005,14.8271879314617,3.32558202843343,7.09301925496009,2739.23972959694,19.2702000846243,4.94741875615588,19.6481398441507,220.27153475985,13.809395348371,1.08001770032719,2.4506649123087,3.71643323031048,10.0960209466525,6.50063965201253,3.18565581793082,25.3613656711022,27.6356126168651,2.16870275963628,111.009557627838,"BB vs. WB","WB"
"LOC111109225",20.9878056517023,2.04516046591586,1.8234477634433,7.6033272750281e-05,0.0372663457780009,7.55468078882533,25.0656409513274,1.900090383644,0.874706895641923,12.7175706917556,5.81221106851664,17.0214675250388,0,3.3097387746179,13.9714043376812,7.06127779280044,3.18280961615948,40.8789479136655,45.0756592124679,2.00369386636836,79.3844637549052,9.0157858865112,33.4782824965614,32.8772740299219,9.25947782350261,8.59088478940801,26.4887690895056,7.57113083407185,0,5.94658187354303,8.93311152180282,45.9803699457656,12.1723181690426,13.0911355165719,4.17319329841398,9.07908347561561,9.28469753637951,1.11421409211097,13.0142904271497,0.866458356955461,1.50759547692758,7.36994775467441,260.913386773778,21.0729011848267,0,4.27711308046664,2.92329720453062,6.19814977859684,4.45435386207552,9.30341474461282,2.01902114586436,0,7.19932387766582,11.5868442693896,12.593478597384,12.9568767836049,4.61658827465864,0.924334085403459,4.77903338573481,19.7549863705923,86.7886405492456,14.9419947166412,29.7841936929402,0.969564835012302,1.09062378905175,17.5353234921826,14.4762013281487,6.10287428665738,6.81075209764409,0.960463913480007,14.004840829233,6.42136347874334,30.6148314150848,4.25966612726569,6.70904966401753,14.9194567986569,23.7955153838023,11.6896200863192,11.0396389851841,20.2188926338114,17.7364374849783,5.06644232497149,11.51685526674,0,2.96845125369353,8.13026476309685,12.0148109869009,30.3806697664162,4.32007080130877,160.110107604168,55.7464984546572,41.3936858812754,3.71465122972145,336.617631428023,11.5278934868647,5.52712252337301,5.42175689909071,5.33699796287683,"BB vs. WB","WB"
"LOC111132135",103.194823992507,-5.45766249350831,2.0546929094117,3.94707116887271e-06,0.00379752102791875,42.4950794371425,18.0472614849557,14.25067787733,6.99765516513539,25.4351413835112,10.46197992333,60.229808165522,1.03181599774827,15.4454476148835,0,15.1313095560009,3828.91996823986,4.1927126065298,3.97726404815894,25.0461733296045,10.7276302371494,23.2907802068206,43.1693642718818,23.7446979104992,5.55568669410156,7.87497772362401,4.2382030543209,2.83917406277694,105.415960670053,2.37863274941721,10.0497504620282,13.585109302158,17.2441174061436,0,2.08659664920699,12.4837397789715,17.6409253191211,1605.5825067319,28.0307793815532,1.73291671391092,6.78417964617412,26.32124198098,0,12.643740710896,17.4145172654358,5.3463913505833,0,1.54953744464921,14.1054538965725,0,74.7037823969814,1536.36334695138,25.7118709916636,0,5.24728274891,4.3189589278683,0,11.0920090248415,43.9671071487602,17.779487733533,26.2003443167534,9.66834952253255,1123.28959070517,1.9391296700246,113.424874061382,1.25252310658447,9.95238841310225,14.2400400022005,6.81075209764409,219.946236186922,0,3.21068173937167,11.6125222608942,0,9.58435666288218,71.2064983572259,18.5721095678457,0,34.4988718287002,4.04377852676228,6.65116405686685,0,0,0,0.989483751231176,12.8729192082367,0,10.1268899221387,11.8801947035991,1.6337766082058,0,4.03840837866101,2.78598842229108,22.2995907255157,8.06952544080526,4.42169801869841,0,19.2131926663566,"BB vs. WB","BB"
"LOC111136946",97.0729718722706,3.01419118440214,1.519804728261,1.72835504201252e-05,0.0118151260332524,33.0517284511108,13.0341332946902,27.551310562838,21.8676723910481,48.5579971867031,33.7108241973965,31.4242477385332,0,31.994141487973,7.98365962153213,34.2976349936021,45.6202711649526,47.1680168234602,34.4696217507108,12.0221631982102,20.3824974505838,73.6289180731748,24.668208155361,20.0916674627301,3.70379112940104,25.05674730244,16.9528122172836,18.9278270851796,7.76749183884603,6.54124006089734,11.1663894022535,7.31505885500817,12.1723181690426,15.2729914360005,12.5195798952419,34.0465630335585,18.569395072759,362.119579936064,38.0417720178222,48.5216679895058,10.5531683384931,20.0041439055448,44.2043341228302,8.42916047393067,12.2926004226606,23.5241219425665,28.258539643796,58.88242289667,18.559807758648,1.86068294892256,8.07608458345745,10.4672748846044,17.4840722743313,19.0842140907593,37.780435792152,36.7111508868806,25.3912355106225,5.54600451242075,17.2045201886453,2.96324795558884,78.6010329502601,7.03152692547822,42.5488481327717,14.5434725251845,235.574738435179,31.3130776646118,2768.57350400844,20.3429142888579,46.7023000981309,13.4464947887201,4.66828027641099,16.0534086968583,19.0023091541906,15.6187757999742,5.75061399772931,10.8505140353868,35.9834622877011,8.9920154510148,1.37995487314801,2814.46985462655,975.504061673805,16.2126154399088,22.1477985898847,14.7360353588303,9.89483751231176,25.068316352882,32.039495965069,3.68250542623227,29.1604779088342,6.53510643282319,13.6269218444718,6.05761256799152,11.1439536891643,6.37131163586163,17.291840230297,21.0030655888175,14.0965679376358,4.26959837030146,"BB vs. WB","WB"
"LOC111136131",16.6353214780293,-2.34119504466888,1.52428306537171,3.5937167028921e-05,0.0207453286202285,4.72167549301583,6.01575382831857,22.801084603728,6.12294826949346,3.46842837047879,9.29953770962662,1.96401548365833,1.03181599774827,1.10324625820597,12.9734468849897,3.02626191120019,484.847998194961,4.1927126065298,2.65150936543929,11.020316265026,0,9.7671013770538,9.6910817753204,15.5253794030187,9.25947782350261,11.454513052544,11.6550583993825,24.6061752107335,8.87713353010975,17.2450874332748,14.5163062229296,8.36006726286648,73.0339090142554,4.3637118388573,16.6927731936559,12.4837397789715,6.49928827546566,1.11421409211097,8.00879410901521,19.0620838530201,12.8145615538845,7.36994775467441,12.9378538896088,5.90041233175147,7.17068357988534,1.06927827011666,19.4886480302041,3.09907488929842,7.42392310345921,23.2585368615321,4.03804229172873,11.6303054273382,9.25627355699891,2.04473722400992,6.296739298692,2.15947946393415,118.87714807246,11.0920090248415,2.86742003144088,7.90199454823691,22.9253012771592,13.1841129852717,2.12744240663859,19.391296700246,6.54374273431051,0,3.61905033203718,19.325768574415,12.6485396099104,9.60463913480007,10.5036306219247,4.28090898582889,3.16705152569843,1.41988870908856,11.5012279954586,9.49419978096345,17.4113527198554,5.39520927060888,15.8694810412021,8.08755705352457,11.0852734281114,18.2391923698974,8.85911943595387,4.53416472579395,46.5057363078653,13.5504412718281,6.00740549345044,6.44438449590647,7.56012390229036,12.2533245615435,3.71643323031048,24.2304502719661,3.71465122972145,8.49508218114884,2.30557869737293,12.1596695514206,5.42175689909071,21.3479918515073,"BB vs. WB","BB"
"LOC111109782",250.623622618005,19.4983788769784,2.72475582548311,3.21568354017529e-13,1.19334016175905e-09,0,51.1339075407079,0,69.1018447557119,0,46.4976885481331,1160.73315084207,0,25.3746639387372,184.622128747931,0,0,0,0,397.73323247412,0,0,118.054996172085,0,1280.58578299041,187.567651235408,0,1325.89428731683,158.678761850712,0,453.355409731493,0,3209.43455723756,56.7282539051449,0,161.153731692177,0,0,0,185.422088388469,6.78417964617412,0,0,30.3449777061504,236.632558136216,0,192.937615499021,1521.64577064552,60.8761694483655,126.526440526734,0,30.2387941110793,0,0,0,52.9072468663867,0,0,109.917767871901,273.606561232703,0,0,32.9753573028981,0,0,219.191543652282,0,259.372157182938,0,94.1254635210407,0,1115.17679080843,0,0,0,2505.11242791993,0,4002.34607724669,0.689977436574005,0,174.038792821349,89.1693849194983,71.7588674312264,17.0031177217273,761.902488448006,1390.27527448956,0,0,75.6012390229036,0,0,0,210.806457286692,286.709023613773,23.0557869737293,264.19645661723,0,0,"BB vs. WB","WB"
"LOC111110380",324.571101241587,21.0618588763177,2.34484258903861,9.13887455859826e-20,4.74801088817414e-16,0,1150.0116068469,0,557.188292523905,0,905.542484474892,777.750131528698,1288.73818118759,509.699771291156,969.016686563462,0,0,1416.08868285544,0,467.862517797012,0,0,0,410.052667762082,975.948962597175,36.5112603549841,0,217.670011479566,0,0,2812.81349042766,0,1381.55811218633,0,91.8102525651075,1189.35993530564,235.83131742404,1.11421409211097,52.0571617085988,38.9906260629957,0,0,0,571.497080132499,905.554897802662,0,1035.82164280535,299.835495539622,688.940064001014,1669.03260518354,1.00951057293218,265.170963743311,1.02847483966655,0,0,83.1399593614648,0,0,2.86742003144088,767.48122049751,527.281929374662,0,1113.7160998753,83.3825758110579,0,0,116.714373208199,48.822994293259,88.5397772693731,652.154997252925,0,385.2818087246,0,0,0,457.077903740669,1.16075684799036,954.052839352671,0,0,47.6666757408791,107.408577289396,275.518614458165,141.692647681061,459.120460571266,977.664337762397,2.00246849781681,2.7618790696742,767.892584932635,653.51064328232,0,19.1824397986398,0,500.147963415138,25.3613656711022,0,0,0,"BB vs. WB","WB"
"LOC111106424",285.821572965256,20.4377178708507,5.34821890497492,6.61328048174116e-07,0.000857486068376724,0,0,0,0,0,0,0,0,0,0,0,0,0,0,0,0,0,532.128490208502,0,0,0,0,617.047162976855,0,0,0,524.594220744871,1184.77230178681,1191.29333200804,1386.54347339804,0,0,1537.61544711313,0,0,1.50759547692758,0,0,0,0,0,0,426.897566000857,0,657.751422444126,0,0,0,0,834.31795707669,0,0,0,0,0,0,0,0,0,2031.83211900341,562.382874856427,0,1007.99140301291,0,0,1583.71408377243,0,0,0,0,344.503820623531,0,0,0,0,765.992393882499,1944.50056432406,1595.52741041529,0,0,0,0,2476.4848991412,0,0,1679.82782010034,0,2204.64550483968,688.101656673056,0,801.432765889087,0,0,"BB vs. WB","WB"
"LOC111106976",30.4844157857432,-6.1207142931432,2.93511702189617,7.40632365031416e-06,0.00601231467075659,2.8330052958095,1.0026256380531,19.950949028262,11.371189643345,322.563838454528,0,0,0,499.770554967303,10.9775319796067,7.06127779280044,1.06093653871983,5.24089075816225,29.1666030198322,15.0277039977627,0,5.2592084337982,0,23.7446979104992,34.2600679469596,42.2385168812561,0,0.946391354258981,11.0964169126372,23.7863274941721,60.298502772169,0,2.02871969484043,2.18185591942865,17.7360715182594,28.3721358612988,13.9270463045693,18.9416395658864,2.0021985272538,442.76022040424,0.753797738463791,36.8497387733721,2.15630898160147,0.842916047393067,3.07315010566514,7.48494789081661,0,0,4.45435386207552,12.0944391679967,86.8179092721676,0,0,1.36315814933995,64.016849536702,17.2758357114732,0,14.7893453664553,284.830389789794,1.97549863705923,0,7.03152692547822,0,0,0,0,6.33333808106507,0,0.972964585377727,2.88139174044002,15.1719108983357,5.35113623228612,3.16705152569843,31.2375515999484,0.958435666288219,5.4252570176934,418.452843700524,0.89920154510148,0.689977436574005,0,0,2.0265769299886,0,4.53416472579395,47.4952200590964,15.5830074626023,0,10.1268899221387,7.56012390229036,0,13.6269218444718,7.06721466265677,29.7172098377716,0,1.15278934868647,0,0,3.2021987777261,"BB vs. WB","BB"
"LOC144618073",96.0681090834278,19.8147756358235,2.06173617438277,2.81659184037981e-22,1.82916515593866e-18,0,251.659035151327,0,0,0,383.605930522098,428.155375437515,128.976999718534,289.050519649963,42.9121704657352,0,0,34.5898790038708,111.36339334845,182.336141839521,0,0,0,22.8314402985569,117.595368358483,70.1588924468321,258.530386313575,17.0350443766617,19.9735504427469,0,290.326124458592,281.107261713885,0,0,0,21.5628232545871,0,157.104186987646,26.0285808542994,6.93166685564369,150.759547692758,0,0,420.61510764914,0,0,0.974432401510207,121.638689404963,1.48478462069184,26.9799027593772,1.00951057293218,224.464894747627,25.7118709916636,69.5210656163374,218.286962354656,2.15947946393415,347.398267668063,0,0,1329.51058274086,88.4261620690426,203.035339973184,269.121464439781,3.87825934004921,19.6312282029315,0,41.6190788184276,44.7544114354874,0.972964585377727,0,0,14.9831814504011,0,178.905977345159,193.60400459022,149.194567986569,0,0,233.902350998588,105.138241695819,74.2713319683465,16.2126154399088,0,0,188.991396485155,63.687073977592,19.0234507292597,152.823975188639,0,355.346412284761,0,50.4801047332626,3.71465122972145,0,0,380.266029608063,0,0,"BB vs. WB","WB"
"LOC144627724",46.4003984085371,4.97828734726944,7.03142967055971,0.000109752902356092,0.0493340030146086,0,0,0,0,0,16.2741909918466,0,0,0,0.997957452691516,0,0,0,0,3.00554079955254,0,0,0,0,0,37.2271674207681,0,483.605982026339,0,0,2.2332778804507,0,317.494632242527,1.09092795971432,341.158552145343,0,0,0,0,0,0,0,0,0,0,0,0,0,0,0,713.723975063052,0,0,14.3131605680695,0,0,0,0,525.693672430829,7.90199454823691,3.27504303959417,12.3051721195869,0,702.934505383919,0,0,0,0,563.346494933704,0,0,0,0,0,217.564896247426,0,0,0,26.2191425898122,10.7834094046994,0,0,0,0,1.97896750246235,0,0,0,0,0,0,0,4.64331403715181,4.24754109057442,0,2.21084900934921,0,301.006685106253,"BB vs. WB","WB"
"LOC144627337",1339.91551520573,3.42035192975102,2.20413948694685,2.70703165571006e-05,0.0167429907905668,0,37.0971486079645,42.75203363199,106.714241268315,79.7738525210123,105.782241447003,58.2657926818637,268.272159414551,121.357088402656,14.9693617903727,41.3589127864026,315.098151999789,127.877734499159,725.187811447646,44.0812650601039,1162.87511770699,34.5605125649596,253.73014102657,552.520855225077,24.0746423411068,186.13583710384,426.998957722831,567.834812555388,44.3856676505487,823.006931298356,127.29683918569,16.720134525733,615.71642738407,238.913223177437,461.137859474745,148.669991913206,73.3491105373982,114.764051487429,183.201165243723,195.819588671934,453.032440816739,11.5813464716312,26.9538622700184,49.7320467961909,107.56025369828,66.2952527472329,50.6704848785308,1.54953744464921,53.4522463449063,4630.3095183938,1451.67620387648,80.2491074486336,876.260563395896,361.918488649756,12.593478597384,225.665603981119,75.019559463203,40.6706997577522,500.842698825008,47.4119672894214,189.952496296462,114.262312539021,113.818168755164,4834.25026737134,38.1718326168113,27085.8121798892,36.1905033203718,3205.02614620957,376.53729454118,32.6557730583202,57.1864333860346,64.2136347874334,83.3990235100587,767.449847262368,127.471943616333,272.619165139093,106.789630015113,3104.94293523541,347.058650596724,12.1313355802868,1134.0234716958,180.365346768985,29.2350941386478,223.307612745352,2087.81071509778,79.2700814401943,605.746720589586,46.9519441844614,33.480548710143,132.33590526467,1.23881107677016,1040.89975959988,20312.6415869243,15977.1258121957,243.238552572844,22863.4950301848,499.885986096163,687.405337618536,"BB vs. WB","WB"
"LOC111133393",201.053065892069,4.01260676266288,3.7531762082937,4.55664834128971e-05,0.0248774439191556,0,3.00787691415929,0,1.74941379128385,0,2.32488442740666,0.654671827886109,524.162526856123,5.51623129102983,681.604940188306,7.06127779280044,3.18280961615948,349.043324493606,5.30301873087858,0,930.085541560849,0.7513154905426,0.881007434120036,0.913257611942276,5.55568669410156,5.01134946048801,803.139478793811,555.531724950022,360.633549660709,438.857742267476,0,0,707.008813651889,617.465225198307,600.939834971613,0,1.8569395072759,937.054051465322,3.0032977908807,8.66458356955461,792.241423125445,0,1.07815449080074,2.5287481421792,0,0,0,0,0.742392310345921,652.169373597359,563.306899696157,0,750.786632956578,8.17894889603969,0,0,542.449122272391,0.924334085403459,0.955806677146961,0,0,9.66834952253255,0,805.708377895223,0,2.50504621316894,7.23810066407436,0,664.534811812987,1.92092782696001,2.33414013820549,489.093851630951,0,1.41988870908856,2.87530699886466,8.81604265375178,4.06264896796625,0,2.75990974629602,342.373248599207,4.43410937124457,598.853482811631,848.703641964381,1.13354118144849,10.8843212635429,0.677522063591404,543.670197157265,3.68250542623227,3.24005310098158,1.6337766082058,0,1.00960209466525,604.559487637165,776.238134302475,544.116572580012,514.02239467369,550.850500947616,468.588421140586,"BB vs. WB","WB"
"LOC144619214",32.7618793251619,18.9635021853975,3.17362887187365,8.42437158617484e-10,1.8101774874864e-06,0,0,0,0,0,0,0,84.6089118153584,0,83.8284260260874,0,0,29.3489882457086,0,0,190.951818221258,0,0,0,0,0,61.4539442876531,131.548398241998,210.831921340107,96.9292845387515,0,0,134.909859706889,52.3645420662876,85.5504626174866,0,0,81.3376287241005,0,0,39.1974824001171,0,0,0,0,0,0,0,0,70.7059520590574,135.274416772912,0,82.2779871733236,0,0,0,62.3239417078917,0,0,0,0,0,0,152.221679096931,0,0,0,0,85.62088351324,0,0,77.0563617449201,0,0,0,0,0,0,0,24.2626711605737,0,243.189231598632,138.20226320088,0,0,0,82.1012084104894,0,0,0,0,0,89.1516295133147,64.7750016312599,124.501249658138,79.5905643365714,189.761491468175,62.9765759619466,"BB vs. WB","WB"
"LOC144619016",69.4166323087266,5.9991681586496,9.07364099126772,0.000111563346374415,0.0493340030146086,0,0,0,0,0,0,0,299.226639346999,0,235.517958835198,0,0,58.6979764914172,0,0,0,0,0,252.059100896068,0,793.940935954457,0,0,0,0,1.11663894022535,264.387127188152,0,0,0,0,0,0,0,0,0,1.0528496792392,0,0,0,188.192975540532,0,0,0,0,0,0,747.701208437578,0,0,385.467084312246,0,0,0,0,0,0,0,0,0,0,0,1393.48962878677,0,0,0,286.820902050536,0,0,0,0,0,0,0,0,230.573687304718,172.259039049031,246.283520319518,0,0,0.677522063591404,0,0,0,0,0,0,378.894425431587,300.51353215814,0,218.874051925571,0,0,"BB vs. WB","WB"
"LOC144618933",50.2206924731701,4.83182042316827,1.39269673663486,1.62739500956796e-06,0.00176145167348112,9.44335098603166,0,11.400542301864,6.12294826949346,6.93685674095759,59.2845528988697,2.61868731154444,0,13.2389550984716,7.98365962153213,17.1488174968011,2.12187307743965,7.33724706142715,0,100.184693318418,2.14552604742987,27.7986731500762,0,1.82651522388455,26.8524856881576,8.59088478940801,0,13.2494789596257,17.7542670602195,10.7038473723775,51.3653912503662,11.4950924864414,7.1005189319415,0,2.08659664920699,35.1814484680105,2.78540926091385,1.11421409211097,19.0208860089111,6.06520849868823,0,124.236262150226,81.939741300856,12.643740710896,4.09753347422019,2.13855654023332,4.87216200755104,4.64861233394763,7.42392310345921,120.944391679967,42.3994440631516,0,10.2847483966655,5.45263259735979,4.197826199128,0,0,8.31900676863113,11.4696801257635,6.91424522970729,14.7376936781738,4.39470432842389,48.9311753526875,5.81738901007381,4.36249515620701,0,2.71428774902789,2.03429142888579,9.72964585377727,1.92092782696001,0,7.49159072520056,10.5568384189948,7.09944354544282,0,4.74709989048173,27.8581643517686,10.7904185412178,18.6293907874981,41.7857114432103,4.43410937124457,6.07973078996579,9.74503137954926,24.9379059918667,82.1271513521876,29.8109707980218,2.00246849781681,6.44438449590647,19.4403186058895,14.7039894738522,0,3.02880628399576,24.1452329931894,28.6709023613773,3241.64364850634,6.63254702804762,0,2.13479918515073,"BB vs. WB","WB"
"LOC144618861",25.4193518053318,2.05897145637759,1.74054472267476,6.78253889001628e-05,0.0338826947588371,0,19.0498871230088,6.650316342754,12.2458965389869,9.24914232127678,38.3605930522098,14.4027802134944,3.09544799324482,4.41298503282386,7.98365962153213,15.1313095560009,4.24374615487931,7.33724706142715,37.1211311161501,18.0332447973152,68.6568335177558,22.539464716278,19.3821635506408,2.73977283582683,23.1486945587565,0.715907065784001,13.7741599265429,92.7463527173801,2.21928338252744,28.5435929930066,13.3996672827042,12.5401008942997,59.8472309977926,6.54556775828594,12.5195798952419,6.80931260671171,16.7124555654831,21.1700677501083,10.010992636269,4.3322917847773,37.6898869231896,9.47564711315282,7.54708143560516,72.4907800758037,2.0487667371101,0,5.84659440906124,3.09907488929842,17.0750231379562,48.3777566719867,45.4279757819482,17.4454581410073,34.9681445486625,44.9842189282183,29.384783393896,15.1163562475391,21.9287943046286,1.84866817080692,13.3812934800575,4.93874659264807,57.313253192898,2.63682259705433,23.4018664730244,23.2695560402952,26.1749709372421,23.7979390251049,57.0000427295856,2.03429142888579,20.4322562929323,7.68371130784006,0,11.7724997110295,8.44547073519582,117.850762854351,1.91687133257644,0,1.16075684799036,24.27844171774,4.13986461944403,206.232704864876,27.7131835702785,4.0531538599772,11.51685526674,0,4.94741875615588,10.8403530174625,13.0160452358093,3.68250542623227,10.8001770032719,400.275269010421,61.9405538385081,10.0960209466525,22.2879073783287,11.6807379990797,41.5004165527128,9.94882054207142,29.2774872550898,2.13479918515073,"BB vs. WB","WB"
"LOC111138299",499.17195999882,2.51316228487836,1.1678820647887,1.46884577431127e-05,0.0109017733369382,252.137471327045,388.016121926548,35.151672097414,62.1041895905766,142.205563189631,54.6347840440564,864.82148463755,773.861998311205,403.788130503384,161.669107336026,66.5777620464041,318.280961615948,412.982191743185,355.302254968865,157.289968509916,145.895771225231,117.956532015188,442.265731928258,210.049250746723,73.1498748056706,232.6697963798,83.7045103228378,96.531918134416,765.652766971966,56.4925277986588,255.710317311606,875.717045785263,869.306389239124,607.646873560878,368.284308585034,112.353658010743,364.888613179715,3936.51838742804,590.648565539871,443.626678761196,944.508566295131,173.720197074468,159.566864638509,187.127362521261,485.557716695093,872.531068415194,167.602373059756,423.798491111559,533.037678828371,1170.36957487229,155.464628231556,236.095200174965,384.649590035288,317.615848796208,506.887513544706,447.012249034369,182.355236849016,603.590157768459,495.107858762126,4079.4046855273,93.3387266284339,520.332992485388,188.278652987515,390.734628509958,574.758736830274,741.493679098007,266.904961987742,351.932417197242,120.647608586838,214.183452706042,54.8522932478291,131.637951314238,60.1739789882702,482.762161090111,411.168900837646,266.515750994188,1528.13639037931,388.45506748384,531.972603598558,156.359436368142,4112.63644182934,373.903443582896,417.264525433427,145.093271225407,91.0325051132682,309.627583061272,407.502339305722,444.662530217546,122.042000136973,1874.75865791615,470.748209172661,384.658398067461,501.477916012395,61.5893458133291,1133.1919297588,312.835134822913,16.2652706972721,145.16634459025,"BB vs. WB","WB"
"LOC111120887",1145.63467694857,-2.0353978243386,1.45406813925648,4.59682529976313e-05,0.0248774439191556,391.899065920314,3224.44405197876,664.081589083578,868.58394737243,17313.23828264,408.017217009868,2406.57363930934,670.680398536378,4561.92327768167,195.599660727537,395.431556396824,1519.26112344679,232.695549662404,2752.26672132598,433.79972206875,910.77580713398,486.101122381062,162.986375312207,252.059100896068,255.561587928672,1091.04236825482,1011.87097921912,366.253454098226,720.157457630153,180.776088955708,559.436109052902,628.050053122844,79.1200680987767,588.010170286021,1141.36836711622,1316.46710396426,487.446620659925,1584.41243898179,428.470484832314,2108.95964082959,1276.93336895766,1887.75947487589,1006.99629440789,1402.61230286206,827.701761792479,318.644924494764,272.841072422858,633.760814861527,1609.50652882996,411.210931711887,742.999781678086,8094.69257742738,1407.9820555035,1193.44495974712,248.721202298334,4902.01838313052,1217.62515744122,197.80749427634,318.283623489938,1077.63450651581,1085.67676762547,1154.9282975098,455.272675020657,172.58254063219,88.340526913192,770.30171054945,731.048167071511,153.589002880877,385.29397580958,484.073812393924,242.750574373371,589.69521279793,951.171141551429,978.30332056202,342.161532864894,1219.32651472659,698.1952440662,463.987997272364,596.830482636514,692.834054251938,348.077585642699,660.664079176283,217.04842618087,320.792154349922,524.426388152523,618.577644058952,4226.20976464239,174.919007746033,583.209558176685,187.884309943667,1169.43765647103,2912.70204310925,438.328845107131,186.891807985275,832.313909751628,773.797153272222,366.510766378532,298.871885921102,"BB vs. WB","BB"
"LOC144620607",675.643194485804,18.652218529192,8.01185761745995,4.189918122351e-06,0.00388719653801114,0,2.00525127610619,0,0,0,0,1.30934365577222,0,0,6526.64174060252,0,0,0,0,0,0,0,0,2479.49441642328,0,0,0,3566.00262284784,0,0,0,0,0,0,0,0,0,0,0,0,0,0,0,0,6779.36913309731,0,0,0,0,0,0,0,0,4073.11655022777,3847.30771150081,0,0,0,0,0,0,0,0,0,363.177721754234,0,3676.05037476677,0,0,0,5824.84671489181,0,0,0,0,0,0,7939.05044170097,6925.99350832986,664.527604564602,781.511776681855,0,1680.57495700045,0,0,0,0,0,0,0,0,0,7433.01711067261,0,269.752707592633,0,0,1.06739959257537,"BB vs. WB","WB"
"LOC111122132",589.443862085201,2.30761094621963,0.435269775069593,5.34404895672073e-08,8.16602116169026e-05,380.567044737076,444.163157657521,315.415003684904,487.211740872551,371.121835641231,304.559859990272,603.607425310993,789.339238277429,532.867942713482,214.560852328676,364.160183314423,267.356007757396,662.448591831708,546.210929280494,705.300240961663,461.288100197422,393.689317044322,459.004873176539,493.159110448829,321.30388047554,390.885257918065,477.857394374682,392.752412017477,269.642930977084,695.155421017181,410.92313000293,475.478825575531,540.653798674974,637.101928473165,426.709014762829,306.419067302027,423.382207658906,337.606869909623,306.336374669832,434.962095191641,240.461478569949,615.917062354933,563.874798688785,341.380999194192,460.972515849772,598.795831265329,677.230519049594,242.502610087601,959.170864966929,369.345565361129,810.636990064542,526.85283585842,181.011571781312,304.665846377478,455.464142605388,1128.32801990559,558.607181233696,513.00541739892,544.809805973768,495.850157901866,221.065405172607,471.112304007041,412.723826887886,331.591173574207,548.583765893031,415.837671386044,2555.04953441825,1027.31717158732,723.885651521029,629.103863329405,399.137963633139,354.245218577341,369.489344664817,286.81751923589,1434.77819243346,422.491890252874,315.145484229382,577.28739195515,254.601674095808,207.580631040464,532.093124549348,640.398309876397,466.875594274769,559.969343635553,471.983749337271,346.891296558799,718.886190716236,600.24838447586,442.807257134149,736.833250300815,330.762557497633,451.292136315368,494.977276360383,7845.20839429095,970.648631594004,389.10942564546,383.860388455622,245.501906292334,"BB vs. WB","WB"
"LOC111118047",401.2403336061,-1.86624914382644,2.01890570218111,0.000114712507108984,0.0496647799528344,12.2763562818412,186.488368677876,25.651220179194,1219.34141252484,487.89225744735,520.774111739091,49.1003870914582,2.06363199549655,553.829621619395,1489.95047686843,700.075255457643,21.2187307743965,328.079761460957,111.36339334845,827.525566810133,10.7276302371494,1136.74033719095,464.290917781259,50.2291686568252,64.8163447645182,286.3628263136,47.6797843611102,654.902817147215,147.582344938075,679.099649958614,329.408487366479,1118.15899640839,20.2871969484043,34.9096947108584,35.4721430365188,721.787136311441,388.100357020664,1166.58215444018,322.353962887862,34.6583342782184,49.7506507386102,855.966789221471,669.533938787258,1020.771333393,789.799577155942,1264.95619354801,2.92329720453062,10.8467621125445,870.826180035765,28.8405857082997,684.448168448019,1836.4252269767,808.381223977904,6.13421167202977,829.07067432778,47.5085482065513,4.61658827465864,1103.65489797173,33.4532337001436,512.641896316869,720.509468710718,506.269938634432,332.944736638939,883.273564696207,567.124370306911,47.5958780502099,1588.76309576432,18.3086228599721,29.1889375613318,635.827110723765,33.8450320039797,38.52818087246,523.619185582141,23.4281636999613,52.713961645852,530.31887347953,907.71185512846,730.151654622402,20.6993230972201,2.69585235117486,6.65116405686685,20.265769299886,64.6715718824633,2.26708236289698,29.6845125369353,514.239246265876,17.0209822314429,642.597196877531,464.407611140693,10.6195479533377,0,55.5281152065889,429.042217032827,29.7327876340209,14.9862615329241,399.058246187532,679.888315145975,60.8417767767959,"BB vs. WB","BB"
"LOC111115103",50.3666396490094,-23.2871562598469,2.06880885333328,5.95294503610298e-30,1.54639653202847e-25,0,53.1391588168141,97.854654757666,143.451930885275,90.1791376324486,1.16244221370333,0,0,227.268729190429,6.98570216884062,0,162.323290424134,0,1.32575468271965,1.00184693318418,0,97.671013770538,0,9.13257611942276,237.968580064017,0,1.05955076358023,0,1.10964169126372,6.54124006089734,159.679368452225,156.751261178746,4.05743938968086,0,0,107.814116272935,72.4206407837602,1.11421409211097,83.0912388810328,0,0.753797738463791,141.081857018053,0,147.510308293787,215.12050739656,52.3946352357163,0,150.305132130973,0,1.86068294892256,4.03804229172873,133.748512414389,1.02847483966655,0,113.341307376456,0,0,0,12.4254868029105,79.0199454823691,60.5882962324922,87.0151457027929,134.028871618231,0,0,0,169.190603022738,36.6172457199443,3.89185834151091,205.539277484722,116.707006910275,92.0395431953212,80.2319719843602,4.25966612726569,0,0,67.9042756074359,227.497990910675,3.44988718287002,0,0,0,0,282.251754180674,0,0.677522063591404,83.1024426593978,149.141469762407,89.6414691271571,0,0,3.02880628399576,8.35796526687325,0,0,0,0,3.2021987777261,"BB vs. WB","BB"
"LOC144621477",14.7594395693322,8.71575765647759,7.16603838590045,3.0060896508652e-05,0.0181602769443082,0,0,0,0,0,0,0,0,0,0,0,0,2.0963563032649,0,0,0,0,2.64302230236011,0,0,1.431814131568,0,0,48.8242344156036,0,0,0,0,0,441.315191307278,0,0,28.9695663948851,2.0021985272538,160.29479603676,0,0,0,0,0,0,105.238699363102,0,0,0,190.797498284182,0,9.25627355699891,0,0,0,0,0,3.82322670858784,0,0,0,0,0,0,0,0,0,0,25.9325256639602,0,0,0,0,6.70904966401753,0.678157127211675,4.64302739196143,0,0.689977436574005,4.04377852676228,0,10.132884649943,0,0,0,0,0,0,0,0,0,0,0,0,9.22231478949172,0,4.33740551927257,309.545881846856,"BB vs. WB","WB"
"LOC144621807",25.0136390731029,17.2770870314771,2.5902586672622,1.12451353975426e-11,2.92114882221964e-08,0,71.1864203017698,0,98.8418792075373,0,0,9.16540559040553,31.9862959301965,0,0,0,0,0,0,49.0904997260248,0,0,0,0,70.3720314586198,0,0,0,4.43856676505487,40.4367567400926,142.929784348845,74.19559695794,0,9.81835163742892,0,87.3861784528002,40.8526691600699,0,81.089040353779,0,0,116.866314395551,0,101.149925687168,52.2435517963074,113.343496632366,0,0,0,0,53.5040603654056,83.738199076835,0,0,59.819023337574,0,0,16.6380135372623,0,179.77037597239,65.5008607918834,54.4943336724562,128.710265601634,0,0,0,28.9524026562975,0,0,135.425411800681,0,0,0,13.4889427363414,0,0,88.2175204472672,0,0,8.08755705352457,0,0,0,0,48.4847038103276,0,22.027153475985,39.5869333319969,0,2.4506649123087,0,11.1056230413178,0,76.4557396303396,1.15278934868647,13.2650940560952,0,0,"BB vs. WB","WB"
"LOC144621318",21.1069687861848,-26.8790255307891,4.63987128128087,9.75573962536461e-10,1.8101774874864e-06,0,117.307199652212,0,0,0,54.6347840440564,0,0,0,0,0,0,0,0,0,0,0,0,0,0,0,0,0,0,0,58.0652248917183,108.680874417264,0,0,0,155.479304519917,184.765480973952,0,70.0769484538831,0,0,108.443516961638,0,96.0924294028096,66.5849189560781,102.650713931199,0,0,0,0,0,70.944863106763,0,0,90.253263281252,0,0,0.924334085403459,0,0,157.20206590052,71.1942101204669,128.710265601634,0,0,0,0,0,0,91.2440717806007,0,0,0,0,0,0,93.4409262632238,0,0,0,0,0,0,0,0,0,0,136.252700770594,0,0,0,0,0,0,0,0,0,0,"BB vs. WB","BB"
"LOC144621764",96.3654013859932,-21.9346656403322,6.15798217894623,8.13069452265432e-07,0.000960050234613596,0,0,177.658450870714,653.406051044517,0,0,0,0,356.348541400527,0,451.921778739228,391.485582787616,0,0,0,0,687.453673846479,0,904.125035822853,0,0,0,0,0,0,0,0,0,0,355.764728689792,0,0,822.289999977893,0,0,290.21212930856,0,0,0,0,0,0,0,305.865631862519,0,0,0,0,0,0,0,0,601.741489597652,0,429.670953560382,0,294.4451900044,0,0,0,0,575.429002793912,0,0,0,204.237262092981,0,368.433660822917,0,0,221.079223471006,0,0,0,0,0,0,0,0,0,329.275722905423,0,0,0,0,0,336.197497523529,0,0,0,0,0,204.94072177447,"BB vs. WB","BB"
