"Gene","baseMean","log2FoldChange","lfcSE","pvalue","padj","B1_B1_O01","B1_W5_O50","B2_B5_O51","B2_C4_O40","B3_B4_O41","B3_C3_O30","B3_C6_O66","B3_H4_O41","B3_W1_O06","B3_W4_O41","B4_B2_O19","B4_B3_O32","B4_C5_O56","B4_H1_O07","B4_H5_O55","B4_W2_O19","B4_W6_O67","B5_B6_O69","B5_H2_O21","B5_W3_O33","B6_C2_O24","B6_H3_O35","B6_H6_O72","C_W5_W52","C1_C4_W37","C1_H2_W13","C1_H6_W62","C2_B2_W16","C2_C1_W03","C2_H1_W04","C2_W2_W15","C3_B3_W30","C3_C2_W17","C3_W3_W29","C4_B1_W07","C4_B5_W56","C4_C6_W67","C4_H5_W56","C5_B4_W46","C5_C3_W33","C5_W1_W09","C5_W4_W45","C6_B6_W71","C6_C5_W59","C6_H3_W36","C6_H4_W48","C6_W6_W72","H1_B2_B13","H1_B6_B61","H1_C6_B62","H1_W4_B38","H1_W5_B49","H2_B5_B51","H2_C1_B04","H2_H1_B03","H2_W2_B16","H3_B4_B41","H3_C5_B54","H3_H4_B41","H3_H6_B66","H3_W3_B30","H3_W6_B66","H4_H2_B19","H4_W1_B07","H5_B1_B09","H5_B3_B34","H5_C2_B22","H5_C4_B46","H6_C3_B36","H6_H3_B35","W1_C1_G02","W1_C6_G61","W1_H5_G49","W1_W1_G01","W1_W6_G62","W2_B2_G04","W2_B6_G64","W2_C2_G15","W3_B5_G54","W3_C3_G29","W3_H2_G18","W3_H3_G30","W4_C5_G55","W4_H1_G08","W4_W5_G56","W5_B2_G21","W5_C4_G45","W5_H4_G46","W5_W2_G22","W6_B3_G35","W6_B4_G48","W6_H6_G71","W6_W3_G36","W6_W4_G48","pair","DEG_group"
"LOC111105325",548.765198701096,-2.19745343147267,0.785241848660005,5.30667942643117e-06,0.00512691566086081,886.730657588373,384.005619374336,1708.18125489596,330.639206552647,401.181548185381,184.828311978829,130.279693749336,671.712214534126,625.540628402783,520.933790304972,456.965548591228,710.827480942284,148.841297531808,348.557121412285,119.317921444768,362.668589812673,1000.88790112603,1634.8625074207,355.927003384495,240.186751940819,289.821655875632,1405.32557013399,343.294447399993,574.459552035201,193.077654279887,174.234848894811,352.857905111211,284.24228693746,378.35622308774,283.641269525724,536.255338846196,490.270507683243,308.2519582078,430.086639554833,584.64196995811,340.518134283496,260.060219770008,394.818629714701,451.746731645509,291.648952398001,1048.96856940037,119.759166253066,341.051340528572,258.772753256418,967.337180380734,837.307327015154,149.407564793963,698.981356183026,172.78377306398,552.079050482679,271.809246393538,495.600536972888,275.841149410854,329.062934403631,1682.21975177865,328.920523070361,407.742858429474,355.971050602335,650.997376431407,88.2303999861194,763.436652336227,418.342717599213,431.571752095434,1381.28388021345,144.971723221281,666.561955955125,1421.49134416715,280.399538571792,631.298937455887,730.532740826066,2386.50480905766,801.5817243642,384.210516684808,486.468035899901,640.299061140677,262.845604239548,971.06995230256,1911.06204497925,418.150437377023,783.276956380906,397.772467994933,255.425817973959,467.576394240226,153.744601545197,1272.26085098543,72.703059065158,455.882476251419,532.060303888588,391.895704735612,369.536074879975,313.558702842719,467.594565477357,581.212339582524,313.815480217158,"WC vs. BC","WC"
"LOC111103795",130.796519243272,-3.54626171637511,3.34853094103562,0.000105967802467389,0.0431065865931814,77.4354780854596,29.0761435035398,0,6.99765516513539,30.0597125441496,1.16244221370333,1.30934365577222,19.6045039572172,111.427872078803,1.99591490538303,0,5.30468269359914,7.33724706142715,64.7958751343351,103.408865252132,35.0646426614463,7.50934116600455,0,169.153427351047,2117.84440209414,0,37.2271674207681,14.8337106901232,0,2.21928338252744,0,59.1818638319437,1.04500840785831,0,10.9092795971432,0,5.67442717225976,605.362279371944,0,0,80.5806271968579,3.76898869231896,12.6341961508704,384.901153215863,4.21458023696533,94.2432699070644,0,1.94886480302041,0.774768722324605,2.96956924138368,2.79102442338385,139.312459064641,372.169773674822,1.02847483966655,10.2236861200496,3.148369649346,191.113932558172,5.77073534332331,9.24334085403459,25.8067802829679,0,3.27504303959417,0,25.529308879663,0.969564835012302,488.599457495185,23.7979390251049,0,0,0,31.6953091448402,1.16707006910275,29.9663629008022,4.22273536759791,60.3452701362639,11.5012279954586,6.78157127211675,21.4740016878216,62.9441081571036,0,13.4792617558743,58.7519491689905,23.3056346948689,30.1210060822432,2.26708236289698,0,312.337671315637,2249.77335729719,3184.44656733435,0,71.0692824569523,50.7912541475766,101.969811561191,21.3592445708983,449.177470328245,66.861782223815,11.054245046746,3.25305413945443,0,"WC vs. BC","WC"
"LOC144622389",52.4159233813578,-5.77790491941946,3.7395358010152,3.55505338866972e-05,0.0211361597238679,0,162.425353364601,22.801084603728,0,169.952990153461,0,0,4.12726399099309,141.215521050364,42.9121704657352,0,8.48749230975862,0,0,178.976882167152,65.1200506569717,48.2743360671721,88.6552278840268,0,56.6219719404211,0,0,19.0719137444441,135.333963659034,0,1.78397456206291,0,245.576975846703,63.9046703874735,1.09092795971432,134.585483873851,40.8558756402702,3.71387901455181,119.220907855873,36.0395734905684,45.055834561684,0,85.2808240183753,40.969870650428,53.9466270331563,96.2920366441745,0,0,58.88242289667,54.9370309655981,249.331515155624,5.04755286466091,138.400634585325,0,8.86052797070966,159.517395566864,0,0,71.1737245760663,0,60.2527084303064,57.313253192898,38.6733980901302,59.5683873858804,0,0,0,43.4286039844462,231.90922289298,0,39.3790204526803,64.1888538006511,0,67.5637658815665,0,225.232381577731,48.1491560320289,69.6454108794214,51.2544880707844,113.156299598137,26.9585235117486,75.3798593111576,0,163.893709565147,119.021824052091,0,69.7847725499146,0,0,36.7206018111246,0,0,283.698188600936,0,0,0,0,46.6271093321801,76.8527706654264,"WC vs. BC","WC"
"LOC144619712",77.7994855497043,-21.8554958514667,2.39364039505803,1.18186000670115e-20,6.85094699384487e-17,0,201.527753248672,0,0,320.251552874209,0,0,0,268.08884074405,0.997957452691516,3.02626191120019,48.8030807811121,0,0,68.9392435014216,167.308437841758,0,235.161748539834,0,0.913257611942276,0,98.7951750781921,0,0,0,9.51453099766885,0,154.66124436303,0,0,57.3814078531922,215.628232545871,0,368.80486448873,260.285808542994,0,0,172.667347395229,0,159.31113295729,132.145454543601,3.20783481034998,36.0539988558777,0,230.884008517581,0,16.1521691669149,188.410947922879,155.299700789648,0,119.638046675148,0,0,106.298419821398,78.3761475260508,645.000304999837,194.865060855853,181.940759196749,104.244677925291,46.5391120805905,145.052963943883,3.75756931975341,230.71445866737,0,152.755439904303,407.236699315523,0,11.7724997110295,174.187833913414,0.709944354544282,0,177.677167329459,326.17267428529,0,1.37995487314801,0,0,96.2624041744584,0,0,1.97896750246235,0,0,0,307.80504459325,0,0,64.6145340585762,141.156746729415,0,0,18.7922165794682,0,0,"WC vs. BC","WC"
"LOC144623030",584.627644889003,-4.30304292054415,3.27735331378766,6.20554800158105e-05,0.0298240936553175,8.4990158874285,1553.06711334424,0,1.74941379128385,1942.31988746812,1.16244221370333,5.89204645097498,2160.62269928488,1931.78419811865,15.9673192430643,3.02626191120019,11.6703019259181,5.24089075816225,0,54.3559419915055,1572.89968509916,2.14552604742987,1534.18623168799,10.5720892094404,5.47954567165366,0.925947782350261,4.29544239470401,170.587672936416,30.2845233362874,814.477001387569,10.1091891850232,2.2332778804507,1960.43577314219,1.01435984742021,42.5461904288586,6.25978994762097,2345.80819301218,6.49928827546566,1772.71462054855,1877.06111930044,7.79812521259915,4.52278643078275,2187.82163345906,11.8596993988081,3600.09443841579,1569.35532062633,6.41566962069995,104.264266961592,7.74768722324605,1757.98499089914,1225.25972186551,26.2472748962367,1778.27369984001,4.11389935866618,47.0289561522282,1224.71579359559,1.07973973196708,4.61658827465864,1432.71783237536,148.150034957779,1188.26243019112,1308.37969431787,1240.18556148122,1.06372120331929,2.9086945050369,14.1781092576728,10.0201848526758,1829.4299428448,5.08572857221448,1.94592917075545,1984.3184452497,1.16707006910275,1452.29837344245,1038.79290042909,1586.01568805193,3.83374266515287,1313.59035540902,1066.15516487914,7.19361236081184,1450.33257167856,0,16.6279101421671,18.2391923698974,0.885911943595387,0,2.96845125369353,14.2279633354195,915.128103502284,3.68250542623227,896.414691271571,0.816888304102899,1.23881107677016,29.2784607452923,1416.2107813313,8.49508218114884,0,1102.10823116058,5.42175689909071,2.13479918515073,"WC vs. BC","WC"
"LOC144625494",1635.3795443789,-21.4613009607812,3.18154788968085,1.78131416382545e-12,2.75355543444138e-09,0,354.929475870796,0,0,373.43412122155,0,0,0,1423.1876730857,7009.65314770521,0,11422.0427758577,0,0,0,750.383352954951,16560.2427970875,395.191948025407,0,0,0,1526.31386425149,3931.99288364622,5436.07193886359,0,7426.6861018679,0,370.9779847897,10802.9323750253,0,3856.03060773452,256.484108186141,0,910.312913254659,1845.02594286438,3.46583342782184,0,692.775088939395,0,109.579086161099,293.998026775299,5761.27131938856,0,0,365.999409000539,0,12953.0301612928,817.610471541875,0,2555.9215300124,202.545114107926,0,0,206.126501044971,976.834424044194,358.55300262625,5233.51877727149,269.834845765227,0,5348.11962992786,5212.09108787833,0,427.047939180388,0,747.236801570094,749.161852514406,0,0,4628.11796288731,0,0,313.308592771794,243.758938077975,0,2102.36124924099,0,0,0,0,0,0,0,0,0,374.766142013536,0,0,0,1975.26579140438,0,8433.80687499018,0,13854.7575799364,3862.91912553025,"WC vs. BC","WC"
"LOC144625541",126.888933603741,-4.10486135674585,3.11911062985972,6.30258588480855e-05,0.0298240936553175,14.1650264790475,1.0026256380531,1382.31575410101,2.62412068692577,24.2789985933516,2.32488442740666,2.61868731154444,24.7635839459586,0,2.99387235807455,2.01750794080012,22.2796673131164,3.14453445489735,6.70302156562087,0,0,2.14552604742987,0.7513154905426,16.7391412482807,1.82651522388455,12.9632689529036,4.29544239470401,21.1910152716045,6.62473947981287,4.43856676505487,1.78397456206291,17.8662230436056,121.220975311564,1613.84651724556,2.18185591942865,2.08659664920699,7.94419804116366,10.2131672900175,6.68528455266579,0,12.1304169973765,6.03038190771033,5.26424839619601,0,0.842916047393067,11.2682170541055,2.13855654023332,13.6420536211429,128.611607905884,4.45435386207552,4.65170737230641,3.02853171879654,5.8151527136691,1.02847483966655,59.2973794962878,1.049456549782,51.8275071344196,5.77073534332331,1.84866817080692,319.239430167085,3.95099727411845,8.18760759898543,0,0,4.84782417506151,2.18124757810351,2.50504621316894,3.61905033203718,3.05143714332869,4.86482292688863,0.960463913480007,1461.17172651664,3.21068173937167,0,2.83977741817713,1315.93216981372,1.35631425442335,13.9290821758843,0.89920154510148,0,664.527604564602,3.32558202843343,2.0265769299886,0.885911943595387,1386.3208649115,33.64244754186,5.42017650873124,13.0160452358093,8.2856372090226,3.24005310098158,0.816888304102899,13.6269218444718,1717.3331630256,0,4.24754109057442,1.15278934868647,3.31627351402381,2.16870275963628,1246.72272412803,"WC vs. BC","WC"
"LOC111101277",259.122442911502,6.53082295522443,4.95793219655861,4.0748521743165e-05,0.0230447798453358,807.406509305707,0,1870.63898269752,858.087464624727,2.3122855803192,829.983740584176,285.436916958344,1893.38235586808,0,0,1003.71020054806,0,0,210.028009056121,0,0,0,0.7513154905426,1040.46977969576,0,32.4081723822591,12.170420118328,727.911374579615,536.603897864842,1.10964169126372,1609.7397131681,802.863398022028,0,0,118.911147608861,2.08659664920699,380.186620541404,419.668328644354,3.3426422763329,0,35.5247926351739,39.9512801385809,0,198.380426307336,1015.71383710865,33.8046511623166,591.310883374513,0,0,0,0,903.511962774302,429.158270268779,21.5979716329974,0,0,26.9934932991769,105.027383248484,8.31900676863113,0,0,0,0,798.854623692789,0,0,0,0,0,19.4592917075545,0,1191.5785405539,0,1.05568384189948,0,0,0,0,33.2704571687548,0.689977436574005,0,228.356632619095,0,665.319869640136,0,0.989483751231176,397.705451328154,0,11.9681426352549,0,317.769550296028,1.23881107677016,2352.37288057004,0,405.640174149857,0,0,0,1072.73659053824,"WC vs. BC","BC"
"LOC144625661",101.808041714993,-22.8863661426224,3.38079214742049,1.65011336896132e-12,2.73294133472186e-09,57.6044410147931,251.659035151327,0,0,0,0,0,0,0,1.99591490538303,0,0,0,2106.98311212683,0,0,0,241.923587954717,0,0,0,71.5907065784001,0,0,2.21928338252744,363.930810660834,107.197338261634,0,99.407265047181,0,0,0,0,0,104.114323417198,0,370.114689585722,0,0,0,0,4.27711308046664,0,520.644581402135,0,80.9397082781315,272.567854691689,0,69.9362890973251,243.323729657181,0,453.490687426172,0,0,86.9784076203735,18.7672370520627,0,0,0,0,154.868578045349,765.291618123112,0,174.949062884178,134.269112782126,222.827627927362,0,0,0,0,42.1711693166816,0,4.64302739196143,78.2305344238288,231.832418688866,2.69585235117486,83.1395507108356,0,0,0,426.467496780637,0,0,86.5388775164583,367.206018111246,0,626.838404845701,278.65017812761,0,0,359.670276790177,0,0,0,"WC vs. BC","WC"
"LOC144626318",24.5551336350956,-2.93253879702075,1.46972287315394,1.92496863819383e-05,0.0139482024418126,11.332021183238,1.0026256380531,23.75112979555,6.99765516513539,23.122855803192,0,25.5322012875583,56.749879876155,9.9292163238537,4.98978726345758,10.0875397040006,7.42655577103879,2.0963563032649,22.3434052187362,10.6060374617572,9.01662239865762,35.4011797825929,9.7671013770538,8.81007434120036,56.6219719404211,0.925947782350261,40.8067027496881,3.17865229074068,66.2473947981287,3.32892507379116,16.6504292459205,5.58319470112676,36.5752942750408,14.201037863883,3.27278387914297,28.1690547642944,3.40465630335585,58.4935944791909,10.0279268289987,8.00879410901521,54.586876488194,11.3069660769569,2.1056993584784,29.1101712516199,29.5020616587573,47.1216349535322,3.20783481034998,44.8238904694695,31.7655176153088,51.9674617242144,0.930341474461282,9.08559515638963,18.6084886837411,16.4555974346647,12.9500024187295,33.582609593024,65.8641236499916,36.9327061972692,1.84866817080692,31.5416203458497,10.8652425038257,16.3752151979709,0,67.0144358091155,18.4217318652337,13.087485468621,8.7676617460913,19.0000142431952,19.325768574415,31.1348667320873,16.3278865291601,22.1743313129522,37.4579536260028,20.0579929960901,48.2762161090112,15.3349706606115,59.6778271946274,15.0898390238746,8.9920154510148,7.58975180231405,14.8271879314617,9.97674608530028,10.132884649943,15.946414984717,29.4720707176607,7.91587000984941,14.2279633354195,386.476420078645,15.6506480614871,6.48010620196316,22.0559842107783,17.3433550747823,17.1632356093093,17.6445933411769,4.24754109057442,20.7502082763564,27.6356126168651,34.6992441541805,12.8087951109044,"WC vs. BC","WC"
"LOC111101591",132.43471891554,-4.10819764455828,2.72146621301127,4.56554708986255e-05,0.024059395539237,28.330052958095,10.026256380531,19.00090383644,3.49882758256769,5.78071395079799,9.29953770962662,17.0214675250388,0,2.20649251641193,5.9877447161491,4.03501588160025,369.2059154745,27.2526319424437,13.4060431312417,1.32575468271965,8.01477546547344,8.58210418971948,7.513154905426,3.52402973648014,122.376520000265,0,0,14.8337106901232,179.814357309206,223.037979944007,8.91987281031455,1277.4349476178,0,12.1723181690426,10.9092795971432,70.9442860730377,4.5395417378078,0,11.1421409211097,1.0010992636269,10.3975002834655,17.3373479846672,0,8.62523592640589,3.37166418957227,0,14.9698957816332,0,17.0449118911413,7.42392310345921,1.86068294892256,30.2853171879654,11.6303054273382,80.2210374939905,7.49736982136972,0,4.3189589278683,2.30829413732932,5.54600451242075,3.82322670858784,3.95099727411845,3.27504303959417,1.75788173136955,5.31860601659647,15.5130373601968,15.2687330467245,5.01009242633788,21.7143019922231,16.2743314310863,133.296148196749,7.68371130784006,18.673121105644,4.28090898582889,46.450089043577,4.25966612726569,41.2127336503934,21.0228709435619,2.32151369598072,0,5.51981949259204,91.6589799399451,55.4263671405571,12.1594615799316,2992.61054546522,13.6024941773819,0,9.48530889027966,780.962714148558,1820.0783069153,54.0008850163597,14.7039894738522,3347.26752943298,19.1824397986398,1.85732561486072,4.24754109057442,23.0557869737293,2.21084900934921,55.3019203707252,70.4483731099742,"WC vs. BC","WC"
"LOC111124501",156.482302475821,-4.62474279999873,1.52289383742726,5.76667113325422e-06,0.00534847214267062,87.8231641700944,120.315076566371,868.341305325308,10.4964827477031,33.5281409146283,0,3.92803096731665,28.8908479369516,49.6460816192685,39.9182981076607,331.880056261621,525.163586666314,18.8672067293841,31.2807673062307,11.9317921444768,36.0664895946305,30.0373646640182,379.414322724013,0.881007434120036,143.381445074937,12.9632689529036,2.863628263136,42.382030543209,646.385294958884,287.397198037303,30.9222257424238,1583.39401723955,15.6751261178746,22.3159166432447,8.72742367771459,55.2948112039852,24.9674795579429,97.4893241319849,13.3705691053316,43.0472683359567,30.3260424934411,48.2430552616826,8.42279743391361,64.6892694480442,9.27207652132373,30.7315010566514,19.2470088620999,263.096748407756,270.394284091287,8.16631541380513,47.4474151975254,34.3233594796942,624.547401448061,8.22779871733236,32.7157955841588,47.22554474019,109.053712928675,20.7746472359639,22.184018049683,34.4090403772906,21.7304850076515,3.27504303959417,10.5472903882173,55.3135025726032,32.9652043904183,196.312282029315,38.8282163041186,10.8571509961115,284.800800044011,194.592917075545,20.1697421830802,19.8401911747467,147.691360011097,82.3433396681592,74.5441572271496,34.5036839863759,115.964868753196,34.8227054397107,14.3872247216237,42.7786010675883,434.032228539152,96.4418788245693,14.1860385099202,2358.29759385092,520.295402284856,23.7476100295482,24.3907942892906,1187.46381920537,7.36501085246453,275.404513583434,6.53510643282319,18.5821661515524,657.25096362708,36.2178494897841,5.30942636321803,16.1390508816105,46.4278291963333,41.2053524330894,131.29014988677,"WC vs. BC","WC"
"LOC111126486",196.610544177774,-7.00886127540145,1.81308494062228,1.5260793259943e-06,0.00176926006659149,26.4413827608887,3.00787691415929,79.803796113048,8.74706895641923,26.5912841736708,0,2.61868731154444,126.913367723038,46.3363428446506,11.9754894322982,2.01750794080012,968.635059851202,0,29.0464267843571,3.97726404815894,4.00738773273672,2.14552604742987,141.998627712551,0,14.6121217910764,0,62.2839147232081,36.0247259617277,62.4618293810927,885.494069628447,0,3157.8549229573,0,85.206227183298,53.4554700260019,131.45558890004,9.07908347561561,11.1416370436554,66.8528455266579,189.207760825484,57.1862515590604,104.777885646467,0,87.3305137548597,0,0,21.3855654023332,37.0284312573879,63.5310352306176,4.45435386207552,26.9799027593772,3.02853171879654,55.8254660512233,323.969574494962,4.08947444801985,10.49456549782,0,86.5610301498496,0,11.4696801257635,1.97549863705923,22.9253012771592,10.5472903882173,19.1469816597473,3.87825934004921,194.131034451212,33.8181238777807,0,72.2173457254456,904.857064401286,17.2883504426401,154.053249121563,2.14045449291445,65.4523981977676,1.41988870908856,0,31.8733849789487,18.5721095678457,8.9920154510148,53.8182400527724,2.69585235117486,168.496156107294,0,6118.99379441334,10.2018706330364,7.91587000984941,12.1953971446453,2807.46083393917,74.5707348812034,8.64014160261755,0,3.71643323031048,26.2496544612966,35.2891866823537,4.24754109057442,212.11324015831,19.8976410841428,82.4107048661788,121.683553553592,"WC vs. BC","WC"
"LOC111122639",82.9287572249945,2.36967098242707,1.39396155844593,2.69142798767949e-05,0.0178303259286641,8.4990158874285,156.409599536283,4.75022595911,87.4706895641923,127.175706917556,49.9850151892431,155.811895036894,9.28634397973446,116.944103369832,127.738553944514,182.584468642411,47.7421442423922,80.7097176756986,35.749448349978,180.302636849872,140.258570645785,85.8210418971948,126.972317901699,139.199174590966,126.942808059976,100.928308276178,9.30679185519201,43.4415813067893,96.531918134416,87.6616936098338,105.254499161712,4.46655576090141,10.4500840785831,52.7467120658511,116.729291689433,38.6020380103293,10.2139689100676,59.4220642328289,101.393482382098,177.194569661961,48.5216679895058,33.1671004924068,78.9637259429401,36.6572526872251,129.809071298532,129.072304437936,62.0181396667662,40.9261608634287,14.7206057241675,178.174154483021,145.13327001596,115.084205314269,47.6842522520866,47.3098426246611,34.0789537334987,141.67663422057,57.226205794255,25.3912355106225,89.6604062841355,44.9229138259072,89.8851879861948,14.7376936781738,220.614157286879,209.553077053901,104.713002181329,14.1781092576728,56.3635397963012,90.4762583009296,84.4230942987604,77.8371668302181,142.148659195041,11.6707006910275,72.7754527590912,101.34564882235,36.2071620817584,16.2934063268997,27.8044422156787,226.927963782115,18.8832324471311,90.3870441911946,48.5253423211474,76.4883866539688,2.0265769299886,54.926540502914,5.66770590724244,78.1692163472629,164.637861452711,10.0123424890841,24.8569116270678,6.48010620196316,226.278060236503,4.95524430708064,15.1440314199788,132.798781462542,298.389761612853,54.1810993882639,128.229242542254,105.18208384236,146.233744182825,"WC vs. BC","BC"
"LOC111123280",3592.50807386295,-2.3426447046733,1.40248022171779,2.81159292008779e-05,0.0181090013994654,1730.9662357396,3908.23473713097,7870.17436905345,1692.55784306712,4614.16587552696,1301.93527934773,783.642177979673,2580.57181036843,3978.30600709071,585.80102472992,2569.29636260896,2441.21497559432,179.238463929149,10333.8249136655,1274.05025009358,522.964099122142,7995.30281574741,5167.547943952,1233.41040776805,7421.13135464293,465.751734522181,1047.37203724199,4476.60197612645,6512.11890865605,1010.88358074125,9109.56877208057,2205.36190694507,4680.59265879737,2976.13179233091,5293.1824605339,3222.7485247002,1250.64374876605,4766.76371517724,1816.16897014087,1217.33670457031,4582.69824993743,4076.53816961218,173.720197074468,4670.56525414879,2422.54072020767,1976.03551794269,529.292743707746,11433.0153669193,2889.11256554845,1887.16125289933,675.427910458891,5571.48885201271,514.059499888348,2129.97139294942,3619.18488649756,3021.38540682238,8570.97399235464,1601.95613130655,1014.918825773,3112.10654079051,635.122811814541,1159.36523601634,1329.83752978107,3593.25022481257,12163.1908552293,2903.24052645577,10131.6594091618,4903.81319991038,2926.32822045221,1199.66533377074,3054.27524486642,3051.88823070368,1363.4695119865,1200.31252823971,5573.77312752716,764.831661697998,22504.6442665194,2693.53626576162,10640.2518831858,1658.01578008733,2125.67957890137,2081.81434979932,8158.99872013409,3248.63909716429,5232.42609356622,11.8738050147741,7084.17069691172,3574.40626860301,2679.94332394053,3154.73170265573,323.487768424748,4228.06220501656,393.744816919449,3126.80767261803,3981.00788714088,5229.05248564181,1445.89525211438,3227.02970633879,2229.79774888994,"WC vs. BC","WC"
"LOC144623075",59.8924519798482,-20.0490189414674,2.55081396164262,4.58208623631295e-16,1.18049815068209e-12,155.815291269522,0,0,0,84.3984236816507,0,0,35.0817439234413,76.1239918162117,143.705873187578,1.00875397040006,111.398336565582,0,44.6868104374725,0,0,0,72.1262870920896,153.295293536886,235.620463881107,0,0,190.719137444441,82.3360478205313,67.6881431670868,0,0,131.671059390147,0,40.36433450943,0,34.0465630335585,0,0,0,77.9812521259915,88.9481331387274,106.337817603159,29.1101712516199,0,0,93.0272095001494,123.752914991796,103.044240069172,251.670993207267,109.780293986431,215.025752034555,0,0,106.326335648516,0,205.150549073744,26.5453825792872,53.6113769534006,86.9784076203735,27.6569809188292,0,0,0,41.691287905529,295.559046833025,0,64.23814339366,0,0,65.3115461166405,0,171.236359433156,0,88.7430443180352,0,0,0,309.325331514909,0,0,36.5814023127677,157.059712074116,232.994841165587,0,125.664436406359,0,0,225.553457356726,0,0,287.404169810677,0,0,96.6315598105681,66.861782223815,0,0,0,"WC vs. BC","WC"
"LOC111116003",205.660521425461,4.88050969211738,3.49159080814484,5.04124999632035e-05,0.0254111877531913,8.4990158874285,0,6.650316342754,2.62412068692577,9.24914232127678,2210.96509046373,1.30934365577222,2.06363199549655,31.994141487973,20.9571065065218,3.02626191120019,6.36561923231896,0,67.0302156562087,0,995.835851585075,7.50934116600455,2.2539464716278,11.4530966435605,0,2734.32380128032,17.181769578816,2.11910152716045,2.83917406277694,16.6446253689558,1.78397456206291,2107.09768020524,5.22504203929155,3151.61604593461,776.740707316599,3.12989497381048,0,0,4.45685636844386,20.021985272538,11.263958640421,0,1441.35121087847,1068.45110038353,0,0,0,14.6164860226531,1137.36048437252,0,10.2337562190741,2.01902114586436,30.2387941110793,12.3416980759985,16.3578977920794,0,0,0,0,11.4696801257635,0.987749318529613,6.55008607918834,0,0,2.9086945050369,0,25.0504621316894,16.2857264941673,33.5658085766156,0,12.4860308752401,8.16949048371923,4.28090898582889,6.33410305139686,1.41988870908856,0.958435666288219,1.35631425442335,17.9917311438505,688.788383547734,17.9394133509241,9.43548322911199,17.7364374849783,1.0132884649943,6.20138360516771,20.4037412660728,2354.9713279302,0,0,0,9.72015930294474,0,6.19405538385081,0,11.1439536891643,28.6709023613773,0,18.7922165794682,3.25305413945443,12.8087951109044,"WC vs. BC","BC"
"LOC144623881",518.772988959122,-5.16025966619577,2.10723440465746,1.18274076267537e-05,0.00914140335471797,133.151248903046,9.02363074247786,0,10.4964827477031,5.78071395079799,19.7615176329566,3.27335913943055,11.349975975231,11.0324625820597,800.361877058596,9.07878573360056,4.24374615487931,12.5781378195894,8.93736208749449,83.5225450113377,278.513447425202,5096.69712566966,47.3328759041838,21.1441784188809,9.13257611942276,15.7411122999544,1.431814131568,93.2404671950599,2705.73288182643,5.54820845631859,2819.86912443411,11.1663894022535,181.831462967346,3039.02210287096,14.1820634762862,2429.84179800154,139.59090843759,30.6395018700524,422.287140910056,17.0186874816573,20.7950005669311,10.5531683384931,6.31709807543521,16.1723173620111,294.17770054018,405.655813947799,287.635854661381,28.258539643796,6.19814977859684,587.232317483623,7.44273179569026,2818.55351962665,2.32606108546764,1866.68183399478,177.210559414193,439.722294358658,45.3490687426172,23.0829413732932,365.111963734366,5.73484006288177,224.219095306222,486.343891379735,11.4262312539021,226.572616307009,41.691287905529,1652.2950404134,18.7878465987671,5.42857549805577,687.590502963398,1329.06962362597,1867.14184780513,2.33414013820549,5.35113623228612,9.50115457709529,53.2458265908211,11.5012279954586,234.64236601524,5.22340581595661,1918.89609724656,67.6177887842525,20.2188926338114,1087.46532329773,10.132884649943,62.0138360516771,1115.40452254531,300.803060374277,249.328119401637,2533.12264973827,455.710046496243,2354.43858671328,8.98577134513189,1055.46703740818,149.421110010457,22.2879073783287,13.8045085443669,4.61115739474586,2456.25324938697,2089.54510890956,0,"WC vs. BC","WC"
"LOC144623341",38.2338828915514,-3.45098566880983,3.23221960737312,0.000105380390764013,0.0431065865931814,15.1093615776507,33.0866460557522,1.900090383644,0,0,0,1.30934365577222,2.06363199549655,4.41298503282386,0,0,21.2187307743965,0,2.23434052187362,137.878487002843,37.0683365278147,2.14552604742987,6.0105239243408,14.0961189459206,34.7037892538065,0,0,6.35730458148136,0.946391354258981,0,2.97329093677152,4.46655576090141,25.0802017885994,0,25.0913430734295,47.9917229317608,0,99.3462636392608,23.3984959343303,0,0.866458356955461,17.3373479846672,2.1056993584784,3.23446347240221,14.3295728056821,89.1213530642892,66.2952527472329,0,0.774768722324605,48.9978924828308,87.4520985993605,2.01902114586436,0,4.11389935866618,16.3578977920794,0,2.15947946393415,48.4741768839158,74.8710609176802,1.91161335429392,54.3262125191287,65.5008607918834,36.0365754930759,0,26.1782505453321,17.449980624828,118.989695125525,0,2.03429142888579,0,44.1813400200803,37.3462422112879,61.0029530480617,2.11136768379895,219.372805554183,20.1271489920526,39.3331133782772,1.74113527198554,96.2145653258584,24.8391877166642,301.935463331584,28.8217109130897,0,82.389810754371,72.5466356127033,28.6950287857041,16.2605295261937,78.0962714148558,69.9676030984131,25.9204248078526,133.969681872875,0,457.34974888336,69.6497105572771,50.9704930868931,223.641133645174,0,2.16870275963628,55.504778813919,"WC vs. BC","WC"
"LOC111106798",22.536222953848,-18.0600878436575,2.63847200358234,4.44786557977093e-13,7.93328147678067e-10,0,1.0026256380531,0,0,0,0,0,0,6.6194775492358,0,0,0,0,0,731.816584861244,1.00184693318418,0,3.756577452713,39.6453345354016,16.438637014961,0,0,8.47640610864181,0,0,0,0,0,0,4.3637118388573,28.1690547642944,0,0.928469753637951,2.22842818422193,0,8.66458356955461,21.1063366769862,0,6.46892694480442,0,2.0487667371101,1.06927827011666,0,0,0,39.0743419273738,0,0,0,23.1736885387791,0,0,25.3912355106225,0,0,10.8652425038257,0,23.731403373489,0,33.9347692254306,0,58.8685860094701,0,0,0,0,44.3486626259044,27.8259084078878,0,0.709944354544282,22.044020324629,0,0,0.89920154510148,24.1492102800902,137.488469909918,12.1938007709226,0,59.356100220891,0,0,0,0,65.3644713156228,2.16003540065439,129.885240352361,0,149.421110010457,38.0751751046448,28.6709023613773,237.474605829412,0,0,39.4937849252885,"WC vs. BC","WC"
"LOC111113025",14.2452393200642,-21.0326684956533,2.43168809221818,8.02544258841723e-19,3.10143228829384e-15,12.2763562818412,0,30.401446138304,0,6.93685674095759,0,0,0,0,0,3.02626191120019,58.3515096295905,0,0,0,13.0240101313943,0,13.5236788297668,0,42.0098501493447,0,2.147721197352,13.7741599265429,8.51752218833083,43.276025959285,0,149.629617990197,0,0,0,3.12989497381048,6.80931260671171,0,0,20.021985272538,3.46583342782184,28.6443140616241,0,0,0,0,0,1.94886480302041,42.6122797278533,1.48478462069184,0,0,23.2606108546764,10.2847483966655,0,0,8.6379178557366,0,0,0,0,0,0.878940865684777,8.50976962655434,0,7.63436652336227,0,3.61905033203718,30.5143714332869,62.2697334641745,0,4.66828027641099,18.1938631897728,13.7238899446932,0,0,14.2412996714452,0,0,2.06993230972201,13.4792617558743,25.4961288846563,0,465.103770387578,2.26708236289698,0,14.2279633354195,59.072820685596,0,0,0,0,10.0960209466525,17.6445933411769,0,0,0,0,18.1457930737812,"WC vs. BC","WC"
"LOC111113028",1491.57865625577,-3.96208332373974,3.6605576830546,9.54174118691698e-05,0.0417442175284989,3540.31228466327,17.0446358469026,3160.80035319179,26.2412068692577,158.391562251865,15.1117487781433,18.3308111808111,0,1.10324625820597,24.9489363172879,2802.31852977137,2512.29772368855,8.3854252130596,31.2807673062307,29.1666030198322,4218.77743563858,0,3202.8579361831,10.5720892094404,1739.75575075004,1.85189556470052,0,5803.1595321289,9796.09690793471,905.467620071194,0.594658187354303,5366.56674672304,4.18003363143324,0,32.7278387914297,237.872018009597,4353.42052655768,0,38.9974932238838,3576.92766893892,3.46583342782184,707.8160764175,0,17.2504718528118,0,0,53.463913505833,26.3096748407756,4330.95715779454,10.3934923448429,13.9551221169192,7.06657401052527,5870.97817972032,2877.67260138699,27.263162986799,8.395652398256,139.286425423753,144.268383583083,3.69733634161384,19.1161335429392,8.88974386676652,45.8506025543184,21.9735216421194,40.4214057261331,50.4173714206397,3270.78074336621,122.747264445278,3236.33575942425,2668.99035469816,1747.4443953384,80.6789687323206,21.0072612438494,5893.74144623993,636.577356665385,5.67955483635425,7.66748533030575,8603.77947293452,22.634758535812,0,49.6783754333284,9467.83345732609,3754.58211010134,0,17263.7660448433,3277.06755556758,13.8527725172365,121.276449382861,4524.57757081709,0,2518.60127716302,13.0702128656464,33.4478990727943,3038.90230494241,3220.60261616849,0,32.278101763221,203.398108860127,29.2774872550898,263.647699366115,"WC vs. BC","WC"
"LOC111113026",3925.31567866537,-5.56211584930001,3.97742399052515,4.47974063814459e-05,0.024059395539237,5637.6805386609,20.0525127610619,7943.32784882374,20.1182585997642,183.826703635376,11.6244221370333,18.3308111808111,0,3.3097387746179,21.9550639592134,8931.50765392215,1660.36568309653,4.1927126065298,13.4060431312417,62.3104700878233,12573.1790114615,0,16386.9421642246,0.881007434120036,6072.24986180419,1.85189556470052,0,19755.3239869533,26300.2157348571,726.815307777736,1.78397456206291,4519.037791092,2.09001681571662,4.05743938968086,18.5457753151435,242.045211308011,15133.6972684168,0,71.3097018951018,17672.4053008057,12.1304169973765,826.916119094779,0,51.7514155584354,1.68583209478613,0,21.3855654023332,27.2841072422858,12373.8312642463,8.90870772415105,3.72136589784513,17.1616797398471,26589.2042679806,8481.83200273,6.81579074669974,0,4.3189589278683,213.517207702962,0,7.64645341717569,0,60.5882962324922,23.731403373489,340.390785062174,3.87825934004921,9462.251993813,60.1211091160546,14312.439300624,8559.28118703697,1309.61033191842,149.832370502881,22.1743313129522,21072.7744827427,545.78854626203,4.25966612726569,21.0855846583408,19747.2573872768,22.634758535812,11.6896200863192,33.8088943921262,29712.3366884737,8864.8931604607,0,24111.8653688357,6601.743840756,11.8738050147741,102.305831602302,4835.96142222761,0,7298.75961881117,1.6337766082058,16.1045439980121,9750.73703027701,8820.43934497357,0,59.9450461316962,133.756365065627,39.0366496734531,192.131926663566,"WC vs. BC","WC"
"LOC144624203",151.48668819524,6.79138872934443,1.38398181231158,1.53053121587809e-07,0.000208755454720972,28.330052958095,60.1575382831857,4.75022595911,103.215413685747,11.561427901596,2127.26925107709,14.4027802134944,0,15.4454476148835,1.99591490538303,59.5164842536037,4.24374615487931,0,0,6.62877341359823,1588.92923603011,2.14552604742987,26.296042168991,4.40503717060018,3.6530304477691,2050.97433790583,7.15907065784001,7.41685534506158,73.8185256322005,3.32892507379116,44.5993640515728,1813.42163892597,164.066320033755,5.07179923710107,4.3637118388573,0,31.7767921646546,18.569395072759,138.16254742176,46.0505661268374,3.46583342782184,17.3373479846672,1994.09729247905,3.23446347240221,45.5174665592256,99.3651867498397,38.4940177241997,8.76989161359186,6.97291850092145,3.7119615517296,15.8158050658418,26.2472748962367,141.889726213526,23.6549213123305,17.0394768667494,133.280981822314,0,4.61658827465864,77.6440631738906,19.1161335429392,0,167.027195019303,1.75788173136955,82.9702538589049,27.1478153803444,39.2624564058631,7.51513863950682,0.904762583009296,11.1886028588719,12.6485396099104,24.0115978370002,4.66828027641099,1.07022724645722,60.1739789882702,1.41988870908856,10.5427923291704,9.49419978096345,8.70567635992768,88.1217514199451,2.06993230972201,8.08755705352457,12.1938007709226,6.07973078996579,0,0,2243.15966404108,66.3971622319576,6.00740549345044,9.20626356558067,1.08001770032719,80.871942106187,2.47762215354032,9.08641885198728,6.50063965201253,10.6188527264361,4.61115739474586,4.42169801869841,47.7114607119982,8.53919674060293,"WC vs. BC","BC"
"LOC144624224",24.1124099485952,-15.808806281699,2.50365215668766,7.06183700985108e-12,1.02339259217136e-08,6.61034569022216,0,70.303344194828,0,20.8105702228728,0,0,0,62.8850367177401,2.99387235807455,0,119.88582887534,0,6.70302156562087,0,0,0,0,0.881007434120036,6.39280328359593,0,119.556479985928,5.29775381790113,1.89278270851796,0,0,0,13.585109302158,13.1866780164628,0,106.416429109556,0,0,47.9112059607715,0,64.1179184147041,12.0607638154207,0,90.5649772272619,0,31.7558844252065,0,0,12.3962995571937,0,0,0,0,0,0,91.302719831034,76.6615209696623,173.122060299699,15.7136794518588,101.315507777578,0,0,0,0,0,331.549631871733,12.5252310658447,50.6667046485206,6.10287428665738,92.431635610884,0,2.33414013820549,0,0,3.54972177272141,0,0,33.6619485917204,0,8.27972923888806,12.1313355802868,9.97674608530028,0,0,0,0,2.03256619077421,0,18.4125271311613,17.2802832052351,26.9573140353957,4.95524430708064,55.5281152065889,0,101.940986173786,31.1253124145346,0,1.08435137981814,169.716535219483,"WC vs. BC","WC"
"LOC111116546",13.2317674780267,-19.8290831260962,2.74805142694234,5.42380732689928e-14,1.14328927717103e-10,30.2187231553013,0,19.00090383644,0,0,0,0,0,0,0,20.1750794080012,15.9140480807974,0,0,0,38.0701834609988,0,48.835506885269,1.76201486824007,31.9640164179797,0,0,157.873063773454,12.3030876053668,0,0,0,0,0,0,0,60.1489280259534,0,2.22842818422193,44.0483675995836,0,0,0,0,0,2.0487667371101,0,1.94886480302041,48.0356607841255,2.96956924138368,0,0,131.422451328922,33.939669708996,0,0,0,0,0,0,0,0,0,0,0,15.2687330467245,0,19.0000142431952,61.0287428665738,1.94592917075545,4.80231956740004,0,100.601361166979,21.1136768379895,0,0,30.5170707245254,1.74113527198554,0,0,78.1797181840708,14.4108554565448,0,105.423521287851,28.3385295362122,0,2.71008825436562,7.00863974235885,0,31.3205133094886,0,0,3.02880628399576,11.1439536891643,0,0,2.21084900934921,1.08435137981814,0,"WC vs. BC","WC"
"LOC111099732",207.39791179259,-5.07991884754845,1.85489112104339,8.28831879281129e-06,0.00686361599460412,16.998031774857,0,111.155287443174,14.8700172259127,45.0895688162243,8.13709549592329,4.58270279520276,0,11.0324625820597,0.997957452691516,12.1050476448007,809.494579043228,0,22.3434052187362,2.65150936543929,17.0313978641311,9.65486721343441,43.5762984514708,5.28604460472022,9.13257611942276,29.6303290352083,5.72725652627201,38.1438274888881,47.319567712949,1343.77608812036,13.0824801217947,2491.22147564276,4.18003363143324,4.05743938968086,27.2731989928581,161.711240313542,15.8883960823273,5.57081852182771,20.0558536579974,2.0021985272538,10.3975002834655,159.05132281586,7.36994775467441,29.1101712516199,25.287481421792,3.07315010566514,33.1476263736164,7.79545921208166,103.044240069172,22.2717693103776,61.4025373144446,34.3233594796942,25.586671940144,24.6833961519971,4.77105352268982,6.296739298692,77.7412607016294,40.3951474032631,14.7893453664553,33.4532337001436,7.90199454823691,40.9380379949272,12.3051721195869,27.6567512863016,23.2695560402952,13.087485468621,25.0504621316894,1.80952516601859,90.5259685854177,2051.00934597625,38.4185565392003,103.869236150144,2.14045449291445,129.849112553636,11.3591096727085,9.58435666288218,88.8385836647295,4.06264896796625,0,24.8391877166642,47.17741614556,148.542663936693,14.1860385099202,6319.2098936659,11.3354118144849,13.8527725172365,25.068316352882,3612.45317006153,5.5237581393484,9.72015930294474,8.16888304102899,22.2985993818629,47.4512984492669,73.3643617869985,4.24754109057442,36.8892591579669,26.5301881121905,74.8202452074518,210.277719737347,"WC vs. BC","WC"
"LOC111101935",142.804622070579,-3.33123217448344,3.24747190247036,0.000115989991515623,0.0463699988495303,766.800100065771,0,409.469477675282,1.74941379128385,63.5878534587779,0,6.54671827886109,8.25452798198618,17.6519401312955,0.997957452691516,439.816731094427,27.5843500067155,0,0,0,851.569893206553,5.36381511857468,66.8670786582914,0.881007434120036,487.679564777175,2.77784334705078,5.01134946048801,968.429397912327,1023.99544530822,19.9735504427469,13.677138309149,0,10.4500840785831,174.469893756277,13.0911355165719,7.30308827222446,278.046931440728,0.928469753637951,6.68528455266579,427.469385568687,4.3322917847773,15.0759547692758,6.31709807543521,2.15630898160147,30.3449777061504,0,2.13855654023332,5.84659440906124,905.704636397463,8.90870772415105,0.930341474461282,31.2948277608976,272.149146999714,242.720062161305,0.681579074669974,15.74184824673,0,0,4.6216704270173,20.0719402200862,16.7917384150034,0,7.03152692547822,10.6372120331929,7.75651868009841,359.905850387078,0,22.6190645752324,487.212797218147,16.5403979514214,38.4185565392003,5.83535034551373,753.439981505885,0,4.96961048180997,2.87530699886466,389.262191019502,100.985845775161,0.89920154510148,0,248.018416308087,34.3643476271454,13.1727500449259,782.260246194727,920.435439336173,10.8843212635429,14.2279633354195,3.00370274672522,5.5237581393484,55.0809027166869,43.2950801174537,1.23881107677016,942.968356417346,401.182332809916,10.6188527264361,2.30557869737293,15.4759430654444,5.42175689909071,12.8087951109044,"WC vs. BC","WC"
"LOC111119645",538.304037761395,-5.52639511376551,2.76083394540336,2.02814044988426e-05,0.0142504523065049,1860.34014424824,30.0787691415929,2870.08652449426,19.2435517041223,0,6.97465328221997,7.85606193463331,0,2.20649251641193,1.99591490538303,382.317754781624,33.9499692390345,4.1927126065298,11.1717026093681,0,495.914231926169,23.6007865217286,2597.29765080577,8.81007434120036,2572.64669284139,0,0,1988.77678324008,2909.20702299211,37.7278175029664,7.13589824825164,68.1149753537465,10.4500840785831,4.05743938968086,8.72742367771459,29.2123530888979,820.522169108761,3.71387901455181,2.22842818422193,1748.9204135562,10.3975002834655,131.1608064927,6.31709807543521,10.7815449080074,18.5441530426475,16.3901338968808,0,0,6728.86635338919,20.0445923793399,18.6068294892256,52.4945497924734,837.38199076835,360.994668722957,12.2684233440595,16.791304796512,2.15947946393415,26.5453825792872,20.3353498788761,13.3812934800575,22.7182343261811,13.1001721583767,1.75788173136955,40.4214057261331,52.3565010906643,820.149089366918,53.8584935831322,225.285883169315,504.504274363676,64.21566263493,15.3674226156801,11.6707006910275,1004.94338442333,861.438014989973,22.718219345417,11.5012279954586,3609.83038814775,289.028455149599,9.89121699611628,1.37995487314801,3980.42599650967,1523.11656902251,4.0531538599772,7171.45718340466,1868.07586702711,37.6003825467847,16.2605295261937,683.842992004442,22.0950325573936,327.24536319914,14.7039894738522,12.3881107677016,192.834000081063,135.584769884833,4.24754109057442,6.91673609211879,16.581367570119,18.4339734569084,57.6395779990698,"WC vs. BC","WC"
"LOC111134355",430.30450157421,-2.57940558599776,2.54551955962128,0.000121745000829485,0.0472431895939032,34.9403986483171,13.0341332946902,159.607592226096,100.591292998821,132.956420868354,38.3605930522098,5.23737462308887,24.7635839459586,3.3097387746179,23.9509788645964,40.3501588160025,2997.14572188351,8.3854252130596,0,45.0756592124679,53.0978874587615,13.9459193082942,178.061771258596,9.6910817753204,73.9738665673244,11.1113733882031,205.465327880008,81.5854087956774,200.634967102904,1400.36781437481,19.623720182692,7473.66442692828,0,25.3589961855054,33.818766751144,440.271892982675,52.2047299847898,22.2832740873108,150.41890243498,132.145102798751,2.59937507086638,193.726018785194,8.42279743391361,31.2664802332214,2.5287481421792,14.3413671597707,55.6024700460663,9.74432401510207,121.638689404963,65.330523310441,28.8405857082997,53.5040603654056,20.9345497692088,186.153945979645,20.4473722400992,16.791304796512,8.6379178557366,58.8615005018977,9.24334085403459,118.520027966223,5.92649591117768,70.4134253512747,43.9470432842389,12.7646544398315,159.008632942017,43.6249515620701,35.0706469843652,54.2857549805577,150.537565737549,1265.82692557642,54.7464430683604,23.3414013820549,12.8427269574867,244.918651320679,29.8176628908598,23.0024559909172,49.5054702864523,57.4574639755227,28.7744494432474,34.4988718287002,150.967731665792,528.767542520915,149.966692819156,14786.7562505506,79.3478827013942,34.6319312930912,87.4003462032912,6098.51781010111,8.2856372090226,20.5203363062167,0,22.2985993818629,199.90121474372,29.7172098377716,7.43319690850524,69.1673609211879,51.9549517197063,147.471787655267,342.635269216693,"WC vs. BC","WC"
"LOC111134790",934.925266841039,-3.89624273508064,1.94528666192653,2.13997126345805e-05,0.0145939746134711,132.206913804443,23.0603896752212,270.76287966927,109.33836195524,363.028836110114,179.016100910312,38.6256378452804,326.053855288454,143.422013566776,73.8488514991722,226.969643340014,3759.95909322307,109.010527769775,118.420047659302,987.687238626136,26.0480202627887,34.3284167588779,1012.02196576088,95.1488028849639,415.532213433736,41.6676502057617,53.6930299338001,218.267457297527,320.826669093795,3883.74591942302,459.670778824877,16537.4227047375,109.725882825122,26.3733560329256,39.2734065497157,848.201537902641,158.883960823273,38.067259899156,159.332615171868,40.043970545076,139.499795469829,644.497066386542,31.5854903771761,66.8455784296457,419.772191601747,30.7315010566514,165.738131868082,120.829617787266,569.455010908585,23.0141616207235,11.1640976935354,305.881703598451,289.594605140721,71.9932387766582,8.17894889603969,24.137500644986,371.430467796674,147.730824789077,15.7136794518588,42.0554937944663,188.660119839156,170.302238058897,68.5573875234126,266.994022033143,55.2651955957012,63.2561797650016,326.908530818547,128.47628678732,266.492177184039,1858.36235807146,175.764896166841,96.866815735528,92.0395431953212,297.702843415653,31.2375515999484,86.2592099659397,585.249600783676,128.84401012693,67.440115882611,85.5572021351766,206.232704864876,1439.97701831167,7.09301925496009,27539.4586786062,107.686412237606,85.0956026058811,123.309015573636,15133.6556722506,15.6506480614871,333.725469401103,1262.90931814308,112.731807986085,229.179675489012,136.513432692263,28.6709023613773,138.334721842376,198.976410841428,303.61838634908,560.384786102067,"WC vs. BC","WC"
"LOC111136826",132.817464693676,-6.48787790415886,1.63044085746805,1.38593910491994e-06,0.00169135631714625,22.664042366476,0,55.102621125676,12.2458965389869,55.4948539276607,0,2.61868731154444,0,11.0324625820597,11.9754894322982,20.1750794080012,615.3431924575,4.1927126065298,58.0928535687142,0,2.00369386636836,47.2015730434571,50.3381378663542,42.2883568377617,9.13257611942276,4.6297389117513,17.181769578816,43.4415813067893,108.835005739783,473.817002169608,25.570302056235,3391.2324614644,17.7651429335913,2.02871969484043,185.457753151435,148.148362093696,18.1581669512312,0,4.45685636844386,3.0032977908807,36.3912509921294,153.02094090815,0,64.6892694480442,11.8008246635029,0,12.8313392413999,9.74432401510207,43.3870484501779,7.42392310345921,3.72136589784513,18.1711903127793,6.97818325640292,20.5694967933309,6.13421167202977,18.890217896076,36.7111508868806,28.8536767166165,0,8.60226009432265,0,9.82512911878252,14.0630538509564,6.38232721991576,81.4434461410333,8.72499031241402,37.5756931975341,1.80952516601859,49.8401400077019,448.536673859132,13.4464947887201,9.33656055282198,5.35113623228612,99.2342811385508,13.4889427363414,0,6.78157127211675,24.9562722317927,12.5888216314207,1.37995487314801,5.39170470234971,62.0775311974239,5.06644232497149,1554.77546100991,9.06832945158791,1.97896750246235,35.9086693703444,3709.57289220565,5.5237581393484,2.16003540065439,14.7039894738522,4.95524430708064,4.03840837866101,1.85732561486072,6.37131163586163,40.3476272040263,8.84339603739682,85.6637590056332,130.222750294195,"WC vs. BC","WC"
"LOC144626483",129.682501450082,7.0304587009216,4.8689432403068,3.17087136695827e-05,0.0198710795636923,0,0,605.178787190614,463.594654690219,328.344552405326,333.620915332855,1100.50334267655,0,5.51623129102983,0.997957452691516,522.534556667232,47.7421442423922,1.04817815163245,0,0,0,0,1334.33631120366,0,0,0,0,0,5.67834812555389,0,0.594658187354303,1.11663894022535,0,0,0,15.6494748690524,529.991497889061,61.2790037401048,577.16289971348,1.0010992636269,0,53.5196394309292,0,20.484935325214,0,344.192811834496,327.199150655698,0,5.42338105627224,0,0,1.00951057293218,0,0,0,0,0,0,397.463656723487,0,0.987749318529613,615.708091443704,382.339276572878,376.55730597503,7.75651868009841,0,0,0,6.10287428665738,23.3511500490654,1805.67215734241,0,3.21068173937167,0,0,0,0,452.114792292244,0,0,2.69585235117486,0,0,990.449552939643,0,4.94741875615588,0.677522063591404,1.00123424890841,0,405.006637622698,0,0,1.00960209466525,9.28662807430361,0,0,0,5.42175689909071,10.6739959257537,"WC vs. BC","BC"
"LOC111134018",431.260141488773,-3.72365963857837,2.35372106869328,4.05843146952511e-05,0.0230447798453358,386.233055328695,2.00525127610619,595.678335272394,34.113568930035,68.2124246194163,2.32488442740666,11.78409290195,173.34508762171,36.4071265207969,86.8222983841619,293.547405386418,2867.71146415969,19.9153848810165,846.815057790103,66.2877341359823,319.589171685754,18.2369714031539,1003.00617987437,110.125929265005,405.48637970237,43.5195457704623,2.863628263136,623.015848985173,769.416171012551,490.461627538564,2.37863274941721,7399.96625687341,29.2602354200327,2.02871969484043,43.637118388573,109.546324083367,371.107537065788,17.6409253191211,51.2538482371044,293.322084242682,101.375627763789,48.9968530001464,3.1585490377176,15.0941628712103,16.8583209478613,10.2438336855505,35.2861829138498,10.7187564166123,704.264768593066,5.93913848276736,18.6068294892256,15.1426585939827,652.460134473673,118.274606561653,27.263162986799,3.148369649346,447.012249034369,54.2449122272391,11.0920090248415,42.0554937944663,82.9709427564875,45.8506025543184,13.1841129852717,21.2744240663859,36.8434637304675,119.968616795693,270.544991022246,136.619150034404,304.126568618426,102.161281464661,172.883504426401,46.6828027641099,703.139300922395,206.914033012297,26.9778854726827,30.669941321223,257.699708340437,9.86643320791804,16.1856278118266,33.8088943921262,180.622107528715,427.891554325101,18.2391923698974,10963.1603019929,391.071707599728,34.6319312930912,56.911853341678,3923.83702147205,16.5712744180452,302.404956091614,14.7039894738522,211.836694127698,584.559612811181,125.369479003099,75.393854357696,342.37843655988,30.9518861308889,50.9645148514527,210.277719737347,"WC vs. BC","WC"
"LOC111110657",72.2413262935996,-3.92397685045963,2.99428314227172,6.45521058791197e-05,0.029935393580383,3.77734039441266,0,14.25067787733,0,12.7175706917556,4.64976885481331,0,52.6226158851619,2.20649251641193,0.997957452691516,60.5252382240037,300.245040457711,2.0963563032649,44.6868104374725,15.9090561926357,0,2.14552604742987,25.5447266784484,0,0.913257611942276,1.85189556470052,1.431814131568,10.5955076358023,18.9278270851796,180.871595675986,0,1552.12812691324,8.36006726286648,18.2584772535639,44.7280463482873,22.9525631412769,4.5395417378078,0.928469753637951,18.9416395658864,8.00879410901521,2.59937507086638,8.2917751231017,2.1056993584784,1.07815449080074,1.68583209478613,0,40.632574264433,8.76989161359186,11.6215308348691,4.45435386207552,7.44273179569026,6.05706343759309,2.32606108546764,1.02847483966655,51.1184306002481,0,0,10.387323617982,0,6.69064674002873,5.92649591117768,103.163855747216,0.878940865684777,0,21.3304263702706,0,7.51513863950682,9.04762583009296,8.13716571554317,294.808269369451,8.64417522132007,0,0,86.5660750357571,4.96961048180997,0,20.3447138163503,2.32151369598072,12.5888216314207,77.2774728962886,71.4400873061337,27.7131835702785,26.3455000898518,2562.05734087786,13.6024941773819,0,13.5504412718281,716.88372221842,1.84125271311613,4.32007080130877,2.4506649123087,4.95524430708064,17.1632356093093,0.928662807430361,0,11.5278934868647,3.31627351402381,0,46.9655820733161,"WC vs. BC","WC"
"LOC111107115",44.0016216330485,-3.93239968459109,2.69073019335885,4.97321479208624e-05,0.0254111877531913,1.88867019720633,272.714173550442,8.550406726398,1.74941379128385,3.46842837047879,0,2.61868731154444,0,6.6194775492358,5.9877447161491,5.04376985200031,2.12187307743965,7.33724706142715,0,5.30301873087858,9.01662239865762,6.43657814228961,65.3644476772062,22.9061932871209,18.2651522388455,0,0,15.8932614537034,4.7319567712949,134.26664464291,30.9222257424238,4.46655576090141,5.22504203929155,4.05743938968086,0,7.30308827222446,1.13488543445195,4.64234876818976,5.57107046055483,638.701330193963,3.46583342782184,1.50759547692758,0,3.23446347240221,2.5287481421792,0,1.06927827011666,2.92329720453062,15.4953744464921,187.082862207172,3.72136589784513,20.1902114586436,5.8151527136691,3.08542451899964,6.13421167202977,7.346195848474,0,2.30829413732932,0,1.91161335429392,0.987749318529613,3.27504303959417,2.63682259705433,241.46471315348,586.586725182442,26.1749709372421,2.50504621316894,6.33333808106507,22.3772057177437,639.237732593166,5.76278348088004,1.16707006910275,1.07022724645722,4.22273536759791,12.7789983817971,4.79217833144109,3.39078563605838,3.48227054397107,5.39520927060888,7.58975180231405,95.7027584667074,3.32558202843343,394.169212882782,7.0872955487631,355.931930974825,6.92638625861823,4.06513238154843,9.01110824017567,6.44438449590647,4.32007080130877,9.80265964923479,9.91048861416129,8.07681675732202,3.71465122972145,4.24754109057442,6.91673609211879,2.21084900934921,40.1210010532713,12.8087951109044,"WC vs. BC","WC"
"LOC111106863",85.6758072103936,-6.84981784849238,2.0317585392784,3.16842659657495e-06,0.00333937761339924,38.7177390427298,5.01312819026548,4.75022595911,0,41.6211404457455,0,0,55.7180638784067,70.6077605251818,0,9.07878573360056,150.652988498215,0,151.935155487406,5.30301873087858,16.0295509309469,0,6.7618394148834,41.4073494036417,6.39280328359593,5.55568669410156,327.885436129073,281.84050311234,249.847317524371,6.65785014758231,11.2985055597318,0,0,234.31712475407,1.09092795971432,16.6927731936559,335.926088597777,11.1416370436554,0,137.150599116885,369.977718419982,0.753797738463791,0,107.815449080074,48.0462147014048,0,0,95.4943753480003,22.4682929474135,2.22717693103776,0,29.2758066150333,6.97818325640292,20.5694967933309,130.863182336635,193.100005159888,357.393851281102,168.505472025041,0,32.4974270229967,0.987749318529613,0,0,0,90.169529656144,346.818364918457,0,9.04762583009296,18.3086228599721,114.809821074572,1.92092782696001,0,6.42136347874334,0,88.7430443180352,211.814282249696,202.768981036291,42.9480033756432,0,400.186913212923,109.182020222582,261.612452903429,129.70092351927,25.6914463642662,217.63990683811,1.97896750246235,206.644229395378,0,389.424948824062,6.48010620196316,1.6337766082058,599.584561156758,38.3648795972796,331.532622252639,288.832794159061,58.7922567830097,1.1054245046746,29.2774872550898,11.741395518329,"WC vs. BC","WC"
"LOC144618085",61.4322801935899,-21.9615319323462,2.31020098321142,3.55017626491503e-22,4.11589685272924e-18,50.994095324571,374.981988631858,0,0,23.122855803192,0,0,0,0,0.997957452691516,0,19.0968576969569,0,71.4988966999559,0,0,0,0.7513154905426,81.0526839390433,481.286761493579,0,24.340840236656,27.5483198530859,282.024623569176,0,281.86798080594,0,0,93.3211059626597,0,483.047124291418,15.8883960823273,352.818506382422,0,18.0197867452842,56.319793202105,0,1.0528496792392,38.8135616688265,66.5903677440523,0,0,86.7244837344084,0,0,9.30341474461282,242.282537503724,2.32606108546764,0,39.5315863308585,97.599459129726,69.1033428458928,23.0829413732932,0,3.82322670858784,0,0,0,206.361913443943,359.708553789564,30.5374660934491,0,0,38.65153714883,150.809510733548,0,0,0,0,38.3369951453912,32.5868126537994,24.4136565796203,41.7872465276529,0,176.634223762945,29.6543758629234,44.3410937124457,43.5714039947549,0,15.8695765402788,0,21.6807060349249,0,100.348272864829,0,0,188.299283669064,0,102.15290881734,80.703280720914,58.7922567830097,0,216.870275963628,353.309265142446,"WC vs. BC","WC"
"LOC144618125",25.4240333592821,-22.0186026863783,2.83000055978544,1.08037136729056e-15,2.50505708933661e-12,167.14731245276,0,3.800180767288,0,0,0,0,0,0,0,0,0,0,96.0766424405658,0,4.00738773273672,0,0,164.748390180447,26.484470746326,0,0,2.11910152716045,0.946391354258981,51.0435177981311,0,1.11663894022535,0,180.556052840798,0,0,0,154.1259791039,0,0,1.73291671391092,10.5531683384931,0,0,0,11.2682170541055,1.06927827011666,78.9290245223268,2.32430616697382,0,83.7307327015154,2.01902114586436,1.16303054273382,0,0,0,167.359658454897,0,12.9406771956484,0,0,0,0,15.9558180497894,0,2.18124757810351,102.706894739927,0,0,0.972964585377727,0,152.88617905246,0,0,0,24.9193273234937,0,0,0,144.895261680541,0,333.666730186154,118.554750404333,109.853081005828,6.80124708869093,2.96845125369353,0,31.0382617161606,0.920626356558067,0,0,113.970619062855,0,0,0,2.30557869737293,0,0,0,"WC vs. BC","WC"
"LOC111100644",107.328644323483,22.996299786714,2.50375232370808,7.27349074161544e-21,5.62168099419457e-17,0,427.118521810619,0,15.7447241215546,0,215.051809535116,20.9494984923555,33.0181119279447,0,0,368.195199196023,0,230.599193359139,0,0,4.00738773273672,0,0,7.04805947296029,926.95647612141,0,4.29544239470401,1.05955076358023,0,0,546.490874178605,41.315640788338,1.04500840785831,1.01435984742021,0,0,28.3721358612988,10.2131672900175,8.91371273688773,8.00879410901521,3.46583342782184,0,7.36994775467441,0,7.5862444265376,31.7558844252065,13.9006175115166,145.190427825021,0,838.160918380544,344.226345550674,370.490380266111,0,0,1825.26876196619,83.95652398256,1.07973973196708,261.991384586878,5.54600451242075,0,173.843880061212,234.165577330983,3.51576346273911,0,0,23.9937233591386,1.25252310658447,218.95254508825,0,0,28.8139174044002,348.953950661721,0,48.5614567273759,0,0,0,8.70567635992768,0,872.131479829542,22.9147449849863,0,0,441.184147910503,0,0,0,0,0,0,26.1404257312928,0,0,95.6522691653272,0,4.61115739474586,282.988673196698,410.969172951076,2.13479918515073,"WC vs. BC","BC"
"LOC144618979",29.6723962623243,-8.35985760347546,2.09496620076777,9.29027776660123e-07,0.00119674261430101,0.944335098603166,1.0026256380531,19.00090383644,0,0,0,0,1.03181599774827,8.82597006564773,0.997957452691516,4.03501588160025,13.7921750033578,0,0,0,13.0240101313943,0,0.7513154905426,3.52402973648014,0,0,390.885257918065,32.846073670987,45.4267850044311,0,0,2.2332778804507,0,0,6.54556775828594,90.766954240504,9.07908347561561,0,4.45685636844386,13.0142904271497,0.866458356955461,58.7962236001757,0,0,0,15.3657505283257,0,4.87216200755104,2.32430616697382,3.7119615517296,0,95.9035044285572,22.0975803119426,3.08542451899964,8.17894889603969,10.49456549782,0,4.61658827465864,0,324.01846355282,0,0,0.878940865684777,298.905658132721,82.4130109760456,4.36249515620701,2.50504621316894,102.23817188005,86.4573857276462,0.972964585377727,62.4301543762005,10.5036306219247,39.5984081189172,0,19.1684975726956,327.784997870571,3.39078563605838,0,5.39520927060888,0.689977436574005,13.4792617558743,41.0155116840122,286.760635593387,74.4166032620125,0,1.97896750246235,0,0,25.7775379836259,0,2.4506649123087,9.91048861416129,7.06721466265677,4.64331403715181,11.6807379990797,27.6669443684752,0,0,18.1457930737812,"WC vs. BC","WC"
"LOC111133291",78.5484464991964,1.94731191285917,1.7500760672587,8.23856924184457e-05,0.0367360971174327,63.2704516064121,19.0498871230088,25.651220179194,55.9812413210831,10.4052851114364,382.443488308395,15.0574520413805,26.8272159414551,49.6460816192685,49.8978726345758,20.1750794080012,13.7921750033578,22.0117411842814,22.3434052187362,5.30301873087858,15.0277039977627,23.6007865217286,9.7671013770538,73.123617031963,11.8723489552496,462.97389117513,14.31814131568,9.53595687222203,628.403859227963,13.3157002951646,24.9756438688807,637.600834868676,13.585109302158,21.3015567958245,42.5461904288586,16.6927731936559,19.2930523856832,11.1416370436554,57.9391327897702,11.0120918998959,9.53104192651007,9.79937060002929,1165.5045949178,1.07815449080074,10.1149925687168,24.5852008453212,16.0391740517499,16.5653508256735,9.29722466789526,26.7261231724531,97.6858548184346,51.4850392195413,15.1193970555397,38.0535690676622,8.17894889603969,85.005980532342,249.419878084394,19.6205001672992,22.184018049683,2.86742003144088,621.294321355127,49.1256455939126,13.1841129852717,15.9558180497894,15.5130373601968,68.7092987102604,81.4140019279906,30.761927822316,28.4800800044011,21.40522087831,24.0115978370002,25.6755415202604,33.1770446401739,6.33410305139686,12.7789983817971,9.58435666288218,14.9194567986569,12.1879469038988,125.888216314207,31.0489846458302,41.7857114432103,45.4496210552568,21.2790577648803,23.9196224770755,29.4720707176607,922.198856147456,17.6155736533765,10.0123424890841,7.36501085246453,17.2802832052351,22.8728725148812,22.2985993818629,9.08641885198728,35.2891866823537,26.5471318160901,49.569941993518,36.4790086542619,18.4339734569084,6.4043975554522,"WC vs. BC","BC"
"LOC144618795",558.539433821344,2.85797199325429,2.28982050026054,7.19736921479957e-05,0.0327226274477564,54.7714357189836,1322.46321659203,1422.21765215753,659.52899931401,55.4948539276607,518.449227311684,3719.84532604887,581.944222730026,610.095180787899,1149.64698550063,699.066501487243,33.9499692390345,28.3008100940761,40.2181293937252,368.559801796061,1716.1637965445,65.438544446611,973.704875743209,25.549215589481,31.0507588060374,437.973301051673,64.4316359205601,1566.01602857157,73.8185256322005,21.0831921340107,73.1429570445793,1439.34759395048,106.590857601548,545.725597912075,31.6369108317154,55.2948112039852,2172.17072154103,1476.26690828434,695.269593477243,690.758491902562,35.5247926351739,20.3525389385224,1245.52117053998,1318.5829422493,4108.37281499381,377.997462996813,22.4548436724498,26.3096748407756,33.315055059958,1113.58846551888,1381.557089575,73.6942718240493,56.9884965939572,35.9966193883291,25.900004837459,17.840761346294,102.575274536872,57.7073534332331,574.935801120952,60.2158206602585,410.903716508319,551.844752171618,2043.53751271711,422.297317717759,28.1173802153567,207.218519919833,23.7979390251049,1787.81086402637,128.160360019805,74.918273074085,84.5208243862406,1763.44287441425,38.52818087246,23.2250445217885,359.941787753951,18.2102776594762,73.2409697388609,48.751787615595,14.3872247216237,32.4289395189782,13.4792617558743,76.4883866539688,29.3853654848347,16.8323269283124,30.6056118991092,538.27916066976,927.527705056633,48.0592439476035,2381.66038441572,444.967292534804,3877.76877957646,64.4181759920484,1300.36749792885,178.303259026629,47.7848372689622,8.06952544080526,77.3797153272222,61.8080286496341,28.8197889995349,"WC vs. BC","BC"
"LOC111134517",166.189333525542,-6.63109618725407,2.20499656907939,5.18563726006239e-06,0.00512691566086081,14.1650264790475,5.01312819026548,63.653027852074,0.874706895641923,6.93685674095759,11.6244221370333,2.61868731154444,17.5408719617206,1.10324625820597,0.997957452691516,1.00875397040006,1438.62994650409,0,0,6.62877341359823,4.00738773273672,1.07276302371494,29.3013041311614,8.81007434120036,5.47954567165366,0,0,16.9528122172836,16.0886530224027,1449.19204879042,9.51453099766885,4361.59170052023,4.18003363143324,2.02871969484043,6.54556775828594,217.006051517527,2.2697708689039,0.928469753637951,14.4847831974426,4.0043970545076,8.66458356955461,62.5652122924947,6.31709807543521,7.54708143560516,0,3.07315010566514,10.6927827011666,8.76989161359186,72.8282598985129,0,0,9.08559515638963,38.380007910216,10.2847483966655,7.49736982136972,19.939674445858,29.152972763111,8.07902948065263,0,5.73484006288177,0,0,2.63682259705433,0,8.72608351511071,5.45311894525876,5.01009242633788,0.904762583009296,75.2687828687743,1121.82816694052,13.4464947887201,21.0072612438494,4.28090898582889,12.6682061027937,0.709944354544282,5.75061399772931,11.5286711625985,4.64302739196143,6.29441081571036,3.44988718287002,16.1751141070491,189.558175620705,5.06644232497149,2302.48514140441,0,1.97896750246235,7.45274269950545,3409.20261753313,2.7618790696742,2.16003540065439,0,0,55.5281152065889,5.57197684458217,2.12377054528721,3.4583680460594,19.8976410841428,24.9400817358173,236.962709551731,"WC vs. BC","WC"
"LOC111100591",24.8111713312268,-17.3824986316103,1.77461823679012,7.59625639267444e-24,1.76134396976942e-19,41.5507443385393,0,85.50406726398,0,6.93685674095759,0,0,0,0,0,6.05252382240037,16.9749846195172,0,0,0,12.0221631982102,2.14552604742987,15.7776253013946,0,52.0556838807097,0,32.9317250260641,139.86070079259,40.6948282331362,0,1.78397456206291,0,0,0,2.18185591942865,9.38968492143145,153.209533651013,0,2.22842818422193,69.0758491902562,13.8633337112874,777.919266094633,0,10.7815449080074,10.9579086161099,18.4389006339909,0,1.94886480302041,48.8104295064501,4.45435386207552,13.0247806424579,7.06657401052527,36.0539468247484,19.5410219536644,3.40789537334987,14.692391696948,36.7111508868806,18.4663530986346,0,24.850973605821,1.97549863705923,0,1.75788173136955,0,16.4826021952091,15.2687330467245,6.26261553292235,10.8571509961115,7.12002000110027,19.4592917075545,0,4.66828027641099,69.5647710197195,13.7238899446932,0,2.87530699886466,21.7010280707736,4.64302739196143,116.896200863192,0,10.7834094046994,13.3023281137337,10.132884649943,62.0138360516771,5.66770590724244,7.91587000984941,0.677522063591404,4.00493699563363,22.0950325573936,12.9602124039263,8.98577134513189,16.1045439980121,29.2784607452923,35.2891866823537,2.12377054528721,23.0557869737293,0,2.16870275963628,1.06739959257537,"WC vs. BC","WC"
"LOC111100330",128.614175259187,-3.61882172297294,3.88274647270374,0.000131119036019754,0.0498402801342628,0.944335098603166,0,26.601265371016,1.74941379128385,35.8404264949475,2.32488442740666,0.654671827886109,0,0,5.9877447161491,0,605.794763609021,2.0963563032649,0,0,0,0,9.7671013770538,0,3.6530304477691,0,0,44.5011320703695,26.4989579192515,519.31231151142,0,1765.40616449628,0,0,8.72742367771459,111.632920732574,9.07908347561561,0,30.0837804869961,2.0021985272538,0,31.6595050154792,0,5.39077245400368,0,0,0,11.6931888181225,45.7113546171517,8.16631541380513,3.72136589784513,0,9.30424434187056,6.17084903799927,5.45263259735979,0,17.2758357114732,18.4663530986346,0,2.86742003144088,0,34.3879519157388,7.910467791163,0,1.9391296700246,0,0,4.52381291504648,44.7544114354874,381.402117468069,20.1697421830802,18.673121105644,0,53.8398759368733,0,7.66748533030575,45.4365275231822,0.580378423995179,0,2.75990974629602,17.5230402826366,118.612425680792,0,5461.64713226556,3.40062354434547,0.989483751231176,29.1334487344304,2244.76718605265,0,12.9602124039263,0.816888304102899,6.19405538385081,22.2112460826356,0,0,6.91673609211879,9.94882054207142,29.2774872550898,122.750953146167,"WC vs. BC","WC"
"LOC111130451",170.682401068099,-3.60427668965516,2.68136669037624,6.14996125626646e-05,0.0298240936553175,579.821750542344,7.01837946637167,90.25429322309,15.7447241215546,20.8105702228728,5.81221106851664,5.23737462308887,68.099855851386,0,32.93259593882,9.07878573360056,762.813371339556,4.1927126065298,17.874724174989,2.65150936543929,9.01662239865762,28.9646016403032,22.539464716278,64.3135426907626,20.0916674627301,5.55568669410156,1.431814131568,43.4415813067893,13.2494789596257,306.261106788786,1.78397456206291,4316.92614291121,14.6301177100163,15.2153977113032,99.2744443340035,141.888572146075,1.13488543445195,3.71387901455181,62.3959891582141,0,93.5775025511898,34.6746959693344,4.21139871695681,8.62523592640589,1.68583209478613,0,24.5934002126832,9.74432401510207,34.0898237822826,5.93913848276736,3.72136589784513,37.3518911984907,15.1193970555397,23.6549213123305,8.17894889603969,15.74184824673,0,6.92488241198797,0,7.64645341717569,0.987749318529613,26.2003443167534,1.75788173136955,17.0195392531087,0,27.2655947262938,18.7878465987671,7.23810066407436,26.4457885755153,484.536363518108,8.64417522132007,0,4.28090898582889,169.965098545816,0,577.936706771796,37.9767991238538,6.96454108794214,3.59680618040592,6.89977436574005,146.92395313903,58.7519491689905,43.5714039947549,5367.74046624445,21.5372824475213,3.9579350049247,21.0031839713335,1434.76867868575,10.1268899221387,42.1206903127606,0,6.19405538385081,22.2112460826356,72.4356989795682,22.2995907255157,13.8334721842376,29.8464616262143,60.7236772698159,109.942158035263,"WC vs. BC","WC"
"LOC144619614",1282.9104665079,26.1798412985548,3.05979488332877,1.53473963884219e-18,5.08371542940483e-15,675.199595501264,678.777556961946,0,1144.11661949964,0,553.322493722784,1291.01284459141,17344.8269221485,0,0,1118.70815317367,3558.3811508663,385.729559800741,0,4860.21666685022,2488.5877820295,0,1118.70876541793,0,4949.85625672714,0,1443.98455168633,2139.23299166848,0,0,0,4358.24178369955,2498.61510318922,0,0,0,0,751.132030693103,3651.27957984763,4369.79828573142,1420.12524705,0,5063.15410746132,2887.29772636437,532.722941952418,1688.18379137872,519.669239276696,0,0,0,1371.32333335593,0,3597.2534686757,0,2290.78726996578,407.189141315416,4866.38697197561,2839.20178891507,686.78022545477,0,0,982.512911878252,471.991244872725,1300.9310316595,0,8954.02130811489,0,3543.95503764741,0,0,0,0,0,302.98126262515,2134.80267411466,0,0,3.48227054397107,0,0,2028.62889425908,0,0,1485.67432940946,0,0,539.307562618758,0,0,1932.15166588535,9339.48398080845,0,0,0,0,0,0,23.8557303559991,0,"WC vs. BC","BC"
"LOC111131584",6.3337030546703,-19.8031593747621,2.34928173152926,4.28533777744473e-18,1.24205158807014e-14,16.0536966762538,3.00787691415929,17.100813452796,0,1.1561427901596,0,0,0,0,1.99591490538303,5.04376985200031,10.6093653871983,0,0,1.32575468271965,0,22.5280234980136,6.7618394148834,0,0,0,0,0,1.89278270851796,22.1928338252744,0,74.8148089950986,1.04500840785831,0,0,16.6927731936559,0,0,4.45685636844386,0,0.866458356955461,9.79937060002929,0,12.9378538896088,0,3.07315010566514,0,0,3.09907488929842,0,0.930341474461282,9.08559515638963,0,21.5979716329974,5.45263259735979,2.098913099564,0,0,6.47033859782421,0,0,0,0,0,0,3.27187136715526,0,7.23810066407436,0,17.5133625367991,0,0,0,1.05568384189948,0,5.75061399772931,1.35631425442335,2.90189211997589,10.7904185412178,0,0,2.21705468562228,0,213.504778406488,0,0,1.35504412718281,29.0357932183438,0,0,0,0,0,0,0,2.30557869737293,1.1054245046746,0,13.8761947034798,"WC vs. BC","WC"
"LOC111115253",123.411034668976,8.14079947264369,2.43016835735896,2.59069696206387e-06,0.00286049954568452,207.753721692697,524.373208701769,396.168844989774,115.461310224734,0,137.168181216993,0,184.695063596941,28.6844027133551,0,219.908365547214,59.4124461683103,159.323079048132,0,0,70.1292853228926,67.5840704940409,0,25.549215589481,347.037892538065,155.559227434844,0,0,0,259.65615575571,8.32521462296025,29.0326124458592,47.0253783536239,461.533730576198,0,470.527544396176,95.3303764939639,472.591104601717,167.132113816645,283.311091606413,46.7887512755949,0,33.6911897356545,75.4708143560516,26.9733135165781,95.2676532756195,0,150.062589832572,0,0,138.620879694731,0,16.2824275982735,0,125.410549739275,0,96.0968361450697,53.0907651585744,0,322.106850198526,0,281.653701405099,81.7415005086843,421.23359651444,0,0,131.514926191369,0,87.474531442089,116.755750245327,1013.28942872141,538.019301856366,47.0899988441178,125.626377186038,283.267797463168,0,0,62.1004913674841,0,339.46889879441,0,37.6899296555788,0,0,0,75.2007650935694,80.6251255673771,0,0,4.32007080130877,235.263831581635,0,574.463591864529,269.312214154805,136.983200171025,36.8892591579669,195.660137327405,133.375219717631,118.481354775866,"WC vs. BC","BC"
"LOC111131665",375.595724718869,-24.9239892887302,2.857777234918,4.17749559931187e-19,1.93727180922489e-15,75.5468078882533,43.1129024362831,0,0,6063.96893438709,0,0,136.199711702772,1573.22916420171,27.9428086753625,0,16.9749846195172,0,437.93074228723,147.158769781881,0,0,12.7723633392242,153.295293536886,0,0,96.6474538808401,208.731500425305,363.414280035449,0,260.460286061185,0,1.04500840785831,0,0,196.140085025457,3969.82924971292,178.266192698487,0,0,42.4564594908176,250.260849169979,0,0,0,83.9994362215139,0,0,0,2029.70057648575,0,0,0,121.360031080652,430.757975191424,0,165.200178990963,38.0868532659338,0.924334085403459,149.105841634926,2087.11431005307,0,4291.86824713877,114.881889958484,368.434637304675,63.2561797650016,0,1522.71542720464,0,384.321011224202,0,0,0,0,163.997145899729,0,3289.74022410384,2864.7479008402,72.8353251532199,0,86.2672752375954,24.3876015418451,0,0,95.217459241673,0,0,98.1209563930239,46.9519441844614,1938.63177208731,0,35.9255212263347,65.6241361532414,0,94.5077892652809,144.098668585808,0,177.833626290175,0,"WC vs. BC","WC"
"LOC144619923",67.5242158216774,-4.47091430330968,1.98220084566917,1.54010322436755e-05,0.0115194753107776,33.996063549714,45.1181537123893,14.25067787733,5.24824137385154,3.46842837047879,6.97465328221997,3.27335913943055,6.19089598648964,6.6194775492358,58.8794897087995,5.04376985200031,376.632471245539,0,120.654388181176,0,0,17.164208379439,14.2749943203094,12.3341040776805,1.82651522388455,9.25947782350261,15.034048381464,6.35730458148136,37.8556541703592,42.1663842680213,17.8397456206291,3.34991682067606,2.09001681571662,5.07179923710107,99.2744443340035,119.979307329402,5.67442717225976,64.9928827546566,33.426422763329,9.00989337264211,25.1272923517084,20.3525389385224,11.5813464716312,42.0480251412287,8.42916047393067,17.4145172654358,1.06927827011666,17.5397832271837,4.64861233394763,308.835201103903,10.2337562190741,15.1426585939827,302.387941110793,102.847483966655,59.2973794962878,6.296739298692,2.15947946393415,31.1619708539459,0,64.9948540459933,1.97549863705923,9.82512911878252,0.878940865684777,0,88.2303999861194,6.54374273431051,87.676617460913,7.23810066407436,81.3716571554317,134.269112782126,15.3674226156801,22.1743313129522,22.4747721756017,21.1136768379895,305.986016808585,415.961079169087,4.06894276327005,11.0271900559084,530.528911609873,103.496615486101,256.105973361611,1.10852734281114,75.9966348745724,3.54364777438155,234.643024559837,5.93690250738706,8.13026476309685,449.554177759875,0,4.32007080130877,855.282054395736,11.1492996909314,2.01920418933051,67.7923849424164,107.250412537004,25.3613656711022,49.7441027103571,11.9278651779996,52.3025800361929,"WC vs. BC","WC"
"LOC111122087",34.5695265446556,-4.00724245121533,3.85969489120235,0.000101626719054366,0.0430706251813532,3.77734039441266,0,28.50135575466,0,24.2789985933516,0,0,0,5.51623129102983,0,4.03501588160025,120.94676541406,0,0,2.65150936543929,10.0184693318418,0,68.3697096393766,0,16.438637014961,1.85189556470052,0,68.8707996327147,11.3566962511078,174.213745528404,1.78397456206291,491.321133699155,5.22504203929155,0,2.18185591942865,18.7793698428629,2.2697708689039,0,4.45685636844386,26.0285808542994,5.19875014173276,9.0455728615655,0,4.31261796320295,0.842916047393067,0,1.06927827011666,0,43.3870484501779,4.45435386207552,0,0,13.9563665128058,6.17084903799927,0,0,0,9.23317654931729,0.924334085403459,0,0,13.1001721583767,0,0,5.81738901007381,0,0,7.23810066407436,12.2057485733148,193.619952490168,7.68371130784006,2.33414013820549,9.63204521811501,30.6148314150848,0,0,31.1952278517371,6.38416266394697,0,0,26.9585235117486,22.1705468562228,2.0265769299886,1035.63106206301,11.3354118144849,0,4.06513238154843,547.675134152899,0,10.8001770032719,0,4.95524430708064,14.1344293253135,0,0,4.61115739474586,8.84339603739682,13.0122165578177,32.021987777261,"WC vs. BC","WC"
"LOC111119892",24.6240859466607,-4.81975294241321,1.71072463567411,7.56739490243255e-06,0.00649871057787791,0,21.055138399115,121.605784553216,0,12.7175706917556,5.81221106851664,5.23737462308887,0,26.4779101969432,2.99387235807455,4.03501588160025,4.24374615487931,5.24089075816225,80.4362587874504,7.95452809631787,8.01477546547344,52.5653881620318,1.5026309810852,7.92906690708032,0,1.85189556470052,25.772654368224,14.8337106901232,5.67834812555389,0,0,11.1663894022535,6.27005044714986,4.05743938968086,1.09092795971432,3.12989497381048,5.67442717225976,9.28469753637951,12.2563550132206,137.150599116885,0,32.413302753943,14.7398955093488,5.39077245400368,1.68583209478613,6.14630021133029,10.6927827011666,9.74432401510207,3.09907488929842,28.210907793145,11.1640976935354,6.05706343759309,9.30424434187056,61.7084903799927,18.4026350160893,3.148369649346,0,6.92488241198797,5.54600451242075,132.857128123428,1.97549863705923,27.8378658365505,57.1311562695105,0,6.78695384508611,6.54374273431051,10.0201848526758,12.6666761621301,0,20.4322562929323,3.84185565392003,4.66828027641099,44.9495443512034,6.33410305139686,2.83977741817713,1.91687133257644,190.562152746481,18.5721095678457,0.89920154510148,5.51981949259204,1.34792617558743,34.3643476271454,16.2126154399088,19.4900627590985,7.93478827013942,11.8738050147741,18.2930957169679,679.838055008809,23.9362852705097,7.56012390229036,7.35199473692609,28.4926547657137,9.08641885198728,16.7159305337465,0,2.30557869737293,30.9518861308889,0,2.13479918515073,"WC vs. BC","WC"
"LOC111122081",142.078466430437,3.34500481676039,1.15121327185602,6.16765105552322e-06,0.00550035865478527,43.4394145357456,56.1470357309734,61.75293746843,36.7376896169608,56.6509967178203,34.8732664110998,2539.47202037022,2619.78081828287,31.994141487973,87.8202558368534,56.4902223424035,179.298275043651,109.010527769775,55.8585130468406,15.9090561926357,19.0350917304994,42.9105209485974,90.157858865112,73.123617031963,47.4893958209983,9.25947782350261,21.47721197352,41.3224797796288,401.269934205808,147.582344938075,43.4100476768641,24.5660566849578,40.7553279064741,39.5600340493884,62.1828937037165,93.8968492143145,93.06060562506,33.4249111309663,109.192981026875,59.0648565539871,48.5216679895058,49.7506507386102,38.9554381318505,34.5009437056236,2587.75226549672,43.024101479312,111.204940092133,54.5682144845716,59.6571916189946,23.0141616207235,32.5619516061449,57.5421026571343,47.6842522520866,19.5410219536644,29.3079002108089,78.70924123365,79.9007401655636,39.2410003345985,37.8976975015418,49.701947211642,33.5834768300069,72.0509468710718,22.8524625078042,122.327938381719,39.7521582355044,74.1624176555192,26.3029852382739,149.285826196534,46.7887028643732,50.5941584396418,85.4812882997206,50.1840129714181,40.6686353653745,54.8955597787728,40.4668282090241,77.6332889693457,36.6204848694305,30.1796780477493,61.1457050669007,53.1282626161984,118.617503451694,98.6589335101916,16.2126154399088,54.926540502914,41.9410237135941,25.7265775320106,23.7132722256992,52.0641809432372,29.4600434098581,111.241823133701,59.6328461995117,37.1643323031048,61.5857277745804,70.5783733647075,27.6090170887337,107.209409427841,74.0634418131984,50.9645148514527,124.885752331318,"WC vs. BC","BC"
"LOC111107588",50.8289043330691,3.72228681295458,1.52418793517143,1.16314199640251e-05,0.00914140335471797,26.4413827608887,23.0603896752212,2.850135575466,43.7353447820962,1.1561427901596,473.113980977254,79.2152911742192,68.099855851386,13.2389550984716,95.8039154583856,1.00875397040006,4.24374615487931,129.974090802424,91.6079613968186,19.8863202407947,61.112662924235,80.4572267786201,10.5184168675964,61.6705203884025,42.0098501493447,142.59595848194,5.01134946048801,3.17865229074068,3.78556541703592,26.6314005903292,8.32521462296025,137.346589647718,1.04500840785831,17.2441174061436,2.18185591942865,22.9525631412769,9.07908347561561,18.569395072759,11.1421409211097,64.0703528721216,6.93166685564369,126.638020061917,134.764758942618,87.3305137548597,7.5862444265376,4.09753347422019,8.55422616093327,32.1562692498368,0,9.65110003449697,50.2384396209092,22.209232604508,12.793335970072,47.3098426246611,61.3421167202977,6.296739298692,184.63549416637,33.4702649912752,1.84866817080692,5.73484006288177,162.978637557386,58.9507747126951,200.398517376129,12.7646544398315,51.386936255652,187.587291716901,40.0807394107031,38.0000284863904,123.07463144759,15.5674333660436,50.9045874144404,17.5060510365412,9.63204521811501,104.512700348048,25.5579967635941,2.87530699886466,0,4.06264896796625,151.065859577049,51.0583303064764,0,230.573687304718,32.4252308798176,11.51685526674,12.4689529959334,87.0745701083435,62.3320298504092,3.00370274672522,35.9044279057646,19.4403186058895,82.5057187143928,3.71643323031048,4.03840837866101,69.6497105572771,10.6188527264361,41.5004165527128,81.8014133459206,13.0122165578177,22.4153914440827,"WC vs. BC","BC"
"LOC111111250",164.533516032391,24.6973584168505,3.47445128377912,1.53213796305504e-13,2.9604735791131e-10,3.77734039441266,1375.60237540885,282.163421971134,280.780913501057,0,22.0864020603632,1518.83864069577,0,0,1.99591490538303,0,22.2796673131164,677.123085954562,0,0,0,0,480.090598456721,0,0,0,0,0,0.946391354258981,1924.11869265129,0,0,0,0,1994.21631035778,1.04329832460349,0,0,85.7944850925444,319.350665096981,201.018338813667,0,0,0,2.5287481421792,0,1213.63083658241,362.488853361797,3.87384361162303,0,0,0,0,1.02847483966655,0,0,0,0,0,0,0,0,0,0,0.969564835012302,0,0,1.80952516601859,0,0,0.960463913480007,0,0,1703.87372082576,0,0,0,0,0,0,571.520698449069,130.806226451715,0,0,0,0,0,0,0,1347.86209000834,0,0,0,0.928662807430361,0,10.3751041381782,0,2.16870275963628,920.098448799966,"WC vs. BC","BC"
"LOC111111873",2694.36401736873,-5.39858495424965,3.28362399791182,3.30928187181132e-05,0.0201927154636024,11736.1966054401,10.026256380531,13288.2820980143,27.1159137648996,4.62457116063839,0,25.5322012875583,0,0,33.9305533915116,7746.22173870208,276.904436605875,19.9153848810165,49.1554914812197,5.30301873087858,4877.99271767377,6.43657814228961,14994.0032447587,13.2151115118005,11065.0292262926,8.33353004115235,6.44316359205601,16360.5233404423,9008.69930119124,55.4820845631859,9.51453099766885,270.226623534535,31.3502522357493,14.201037863883,24.0004151137151,73.0308827222446,10129.9873879181,9.28469753637951,52.3680623292154,9014.89886896024,14.7297920682428,621.883134232628,8.42279743391361,3.23446347240221,22.7587332796128,1.02438336855505,33.1476263736164,58.4659440906124,12468.3530483699,22.2717693103776,22.3281953870708,22.209232604508,7700.42522344062,4639.45000173579,24.5368466881191,12.593478597384,21.5947946393415,96.9483537678315,25.8813543912969,22.9393602515271,3.95099727411845,9.82512911878252,5.27364519410866,159.558180497894,19.391296700246,7007.25784465751,11.2727079592602,4193.57457224809,9914.11927867491,187.782164977901,13.4464947887201,19.8401911747467,16034.1446064221,1996.29814503191,10.6491653181642,27.7946343223583,7833.39297642206,70.2257893034166,3.59680618040592,23.4592328435162,5732.73002477333,7500.29600146019,36.4783847397948,30219.3423079823,7870.17642279686,39.579350049247,14.2279633354195,3716.58153194801,11.9681426352549,3993.90545580996,9.80265964923479,44.5971987637258,7050.05142704746,4193.84123835551,16.9901643622977,24.2085763224158,30.9518861308889,75.9045965872699,52.3025800361929,"WC vs. BC","WC"
