"X","baseMean","log2FoldChange","lfcSE","pvalue","padj","pair","DEG_group"
"LOC144622003",1024.189660614,2.42190026800631,1.62088812868557,0.00023554788575023,0.0366453270639325,"WH vs. WB","WB"
"LOC144622060",65.280372874253,23.2568232301191,3.12832002970245,4.41174742490759e-14,8.81704691127108e-11,"WH vs. WB","WB"
"LOC144619407",11.9438706104724,24.2313835261052,3.75528305937005,4.08768662329556e-11,5.58958874525483e-08,"WH vs. WB","WB"
"LOC144619421",140.440413018684,26.3083948290982,3.73880065339851,6.34737123018241e-13,1.0994070128758e-09,"WH vs. WB","WB"
"LOC144624409",921.89402721596,-4.25459285253176,2.80502997639764,9.50382807728295e-05,0.0184267878564096,"WH vs. WB","WH"
"LOC111104604",153.217591418722,-24.0942814310934,4.57528394051927,2.86401568414245e-08,2.40032230611952e-05,"WH vs. WB","WH"
"LOC111102559",351.364086696724,3.22341484194754,1.44449917244585,6.9129862371561e-05,0.0150929660023153,"WH vs. WB","WB"
"LOC111105317",31.6167764129787,5.67700088269049,4.02869193880248,4.66894034391607e-05,0.0115527370547889,"WH vs. WB","WB"
"LOC144622534",32.7195008215537,4.92424598281438,3.0355837248693,5.6589328494298e-05,0.0132454715640573,"WH vs. WB","WB"
"LOC111102715",19.0475616771432,4.25248669477184,8.73416441752692,0.000368530699118239,0.0493546190401597,"WH vs. WB","WB"
"LOC111102991",421.775627309098,-3.43746420268683,2.06607014409468,0.000138021684990152,0.0249023708175634,"WH vs. WB","WH"
"LOC144619712",79.4907787138283,-23.1400680036167,2.25080970012953,3.73975868864741e-25,2.42906676224371e-21,"WH vs. WB","WH"
"LOC144619748",27.9434354202801,-21.9886610223629,2.45548118362407,1.59914263481141e-19,5.93533211357648e-16,"WH vs. WB","WH"
"LOC144623030",588.483930632378,-4.04483355089842,2.45511032553577,9.95708245619022e-05,0.0189055863644442,"WH vs. WB","WH"
"LOC144619749",54.1378423679546,-21.9324495888884,3.29977300682676,1.30061276322661e-11,1.98771883537592e-08,"WH vs. WB","WH"
"LOC144623964",365.690079305892,3.57498502776007,2.54681239369253,0.000165380869456686,0.0284553666844647,"WH vs. WB","WB"
"LOC144620744",138.937185729176,2.60221199737864,1.63884801618275,0.000197083981748874,0.0320027433113594,"WH vs. WB","WB"
"LOC111103196",11.324816967578,2.91121592011706,2.68722465442463,0.000324673404420208,0.0458442376100077,"WH vs. WB","WB"
"LOC111104577",132.314083593779,2.90741668272766,2.36591442479717,0.000296718513025949,0.0428280204829287,"WH vs. WB","WB"
"LOC111101372",48.85714015673,-5.97641874622443,3.16968861830947,2.46773906269194e-05,0.0080142910734749,"WH vs. WB","WH"
"LOC144620003",67.5503098392274,-21.9150984718129,3.54335975203348,2.48452430945877e-10,2.80654026452384e-07,"WH vs. WB","WH"
"LOC144620030",435.133832423058,-25.045811986467,2.51420710067484,8.32982128791678e-24,4.32834173762732e-20,"WH vs. WB","WH"
"LOC111101100",343.971760524707,2.11502318575699,1.22190518125982,0.000150091516686482,0.0263481601015642,"WH vs. WB","WB"
"LOC111101102",266.845258084367,-4.02549919892325,2.42416625339194,9.96907483133387e-05,0.0189055863644442,"WH vs. WB","WH"
"LOC111100157",20.6913524852592,10.180052427475,10.8003396119045,7.4556714404437e-05,0.0160087437763775,"WH vs. WB","WB"
"LOC144627192",2160.55525955957,25.3136709341148,5.48437448205961,2.05276397305379e-07,0.000152379602239744,"WH vs. WB","WB"
"LOC111102362",197.697055490494,4.12196277776208,1.38656350765045,2.01114601632464e-05,0.00696687795335072,"WH vs. WB","WB"
"LOC111103757",34.6804522837282,5.51100043531938,1.54554693399739,3.84755167034481e-06,0.00178505785620051,"WH vs. WB","WB"
"LOC144618564",7.00772051200571,-3.0872010669019,2.67678459170882,0.000274500051490388,0.0407530619301245,"WH vs. WB","WH"
"LOC111126486",190.944028872804,2.91160890185622,2.34809045041954,0.000292780514182019,0.0424957013349891,"WH vs. WB","WB"
"LOC111124409",175.877633920226,2.55745695779469,2.0090263336974,0.000333086233797896,0.0465264163457158,"WH vs. WB","WB"
"LOC111126273",161.851980438258,4.0497852374617,2.03277767576634,7.02868367276018e-05,0.0152176858751652,"WH vs. WB","WB"
"LOC111127419",111.468801579021,4.82771936641346,1.12734673489176,1.34778434217466e-06,0.000833732976048568,"WH vs. WB","WB"
"LOC111126641",116.341164840963,2.29616460046374,1.51126934331481,0.00022607408628333,0.0355977626407709,"WH vs. WB","WB"
"LOC111127359",11.9926559971068,19.5589024020529,2.98782422587471,2.55537513038967e-11,3.68840007014745e-08,"WH vs. WB","WB"
"LOC111122569",87.0924306689053,2.72170327094328,2.15469177966758,0.000315751922102557,0.0448281458368663,"WH vs. WB","WB"
"LOC111127379",34.1732839030688,3.96506668967957,1.3557190365117,2.26665743871029e-05,0.00755000345065797,"WH vs. WB","WB"
"LOC111123041",846.152579127924,3.26633817630327,2.1454813098089,0.000176952421805777,0.0302460583614203,"WH vs. WB","WB"
"LOC111127199",13.5134848359649,4.24351070859781,0.974444864014715,1.51842205506133e-06,0.000917444730524382,"WH vs. WB","WB"
"LOC111122699",71.0672461878897,4.86262772433179,1.49205919605653,9.55041493652044e-06,0.00375953531008693,"WH vs. WB","WB"
"LOC111124621",6551.2581372622,2.93087077057723,1.69264574729747,0.000149068189179232,0.0263465348507865,"WH vs. WB","WB"
"LOC111126832",24.4709865171997,2.89870366934577,0.679841536564982,2.59198918465996e-06,0.00127061266050284,"WH vs. WB","WB"
"LOC111123510",411.207029514983,-1.87124745421901,0.924987585072175,8.17028556779431e-05,0.0168803977697457,"WH vs. WB","WH"
"LOC111126700",22.4182859497703,4.63932356834249,1.44075341610806,1.13786582796245e-05,0.00434748412886654,"WH vs. WB","WB"
"LOC111127398",41.6441117908064,3.7059987366116,1.69773871199084,6.49588392439193e-05,0.0145491000206575,"WH vs. WB","WB"
"LOC111124176",206.435934618503,4.74093374165333,1.92335385586891,2.83714148141763e-05,0.00852975063343448,"WH vs. WB","WB"
"LOC144622896",63.5210966757257,-2.65218905258665,0.805597076910204,1.50595440576426e-05,0.00558945734516591,"WH vs. WB","WH"
"LOC111123051",204.769950448775,24.4953961139407,7.57150530500705,1.91248958106653e-06,0.00109271432256483,"WH vs. WB","WB"
"LOC111123050",325.425700121221,4.58035888046218,1.75895834722006,2.63430499210025e-05,0.00821060396339767,"WH vs. WB","WB"
"LOC111125139",57.4502560219245,4.79055977429076,2.21394614081049,3.81586677150902e-05,0.0102107554055628,"WH vs. WB","WB"
"LOC111099940",24.3389141905906,-2.97768151331175,2.22207322387979,0.000253133102862115,0.0384599482190679,"WH vs. WB","WH"
"LOC144623005",238.904744134666,-9.19229539667578,2.85170027956386,7.26378523250072e-07,0.000471801010314003,"WH vs. WB","WH"
"LOC144622218",2.89091477995083,15.7159497574742,6.22813117361868,4.76017164795167e-06,0.00202744294402348,"WH vs. WB","WB"
"LOC111127294",48.5618523060248,2.87072002532529,2.02324304100646,0.000239827330921142,0.0368695496133857,"WH vs. WB","WB"
"LOC111125679",63.3163346826005,2.70700929821444,1.57461998189051,0.000157399981344384,0.0274456974181775,"WH vs. WB","WB"
"LOC144622228",8.11064765581096,19.823989022362,4.15325726964011,1.26884707721603e-07,9.9896714888332e-05,"WH vs. WB","WB"
"LOC144622462",140.465490570103,6.03418455325648,1.75083592543922,3.10010750114318e-06,0.00149155357383706,"WH vs. WB","WB"
"LOC111124856",3.04441446038039,19.6114093794653,3.68014166009981,1.89265816974558e-08,1.63910506360533e-05,"WH vs. WB","WB"
"LOC144623312",38.3018156319993,18.2858500332976,3.04062535150984,5.37224973077791e-10,5.58305681021363e-07,"WH vs. WB","WB"
"LOC144623744",18.5327436944783,47.7869912715249,3.14465588907864,8.2700329303943e-54,2.14863725564574e-49,"WH vs. WB","WB"
"LOC111115019",30.5670684065144,4.23560846393522,2.17581882675887,6.66340187561953e-05,0.0146713427229213,"WH vs. WB","WB"
"LOC111113712",30.1280486705011,21.8059666900086,3.20571618770669,4.57102495487257e-12,7.42248745953401e-09,"WH vs. WB","WB"
"LOC144624512",11.0803626475387,-4.23689202703892,1.87846115900667,4.73912382029684e-05,0.0116157713184087,"WH vs. WB","WH"
"LOC111114517",52.6927491639742,3.84499746584452,1.54712769578104,4.21006839500043e-05,0.0106122442760589,"WH vs. WB","WB"
"LOC111115434",35.5270407675191,3.81637837856244,1.51017784245134,4.02616362672343e-05,0.010566036079384,"WH vs. WB","WB"
"LOC111099641",32.4663391910607,17.5784027495638,6.21728188932622,3.32206376571236e-06,0.00156928252176314,"WH vs. WB","WB"
"LOC111099988",34.8952869495476,15.4269310618334,10.7023076090726,2.51296542691302e-05,0.00806041416748483,"WH vs. WB","WB"
"LOC144624152",163.014330129185,-2.7336038154073,0.745784629176765,8.36411318463593e-06,0.00339543788515666,"WH vs. WB","WH"
"LOC111117026",28.750302985655,2.45345096543128,1.97384108901482,0.000361813270512013,0.048959742610274,"WH vs. WB","WB"
"LOC111110832",10.0927556041637,19.499999454369,2.55318365467485,1.13909058228162e-14,2.46622603485491e-11,"WH vs. WB","WB"
"LOC111114741",26.7539725357065,2.96052259428975,1.47058507544837,9.78692627712848e-05,0.0188351208597093,"WH vs. WB","WB"
"LOC144623427",21.0309321720107,12.1791252969365,9.43462868820612,3.44527330233107e-05,0.00972952670302865,"WH vs. WB","WB"
"LOC111111132",197.025798447549,2.79722194803153,1.15500727551139,5.44453394967739e-05,0.0129434807354822,"WH vs. WB","WB"
"LOC144623205",25.6880128656379,-6.61424006345079,8.27493109417392,0.000119258545334507,0.0218201145516608,"WH vs. WB","WH"
"LOC111117324",27.7440481406852,5.38620466883244,1.12249317457985,1.47728383543487e-07,0.000112886209789509,"WH vs. WB","WB"
"LOC111122693",31.2516324266427,21.9855913836633,3.42733487408435,5.90474545462156e-11,7.67055958282614e-08,"WH vs. WB","WB"
"LOC111110550",19.0632821824736,3.41740475284601,0.706913372584592,4.30517110677462e-07,0.000310701807014198,"WH vs. WB","WB"
"LOC111099732",197.057437121352,4.98609282582655,1.23194828211509,2.16608827244836e-06,0.00114852993547089,"WH vs. WB","WB"
"LOC111128583",33.7708779511523,3.06915942674303,1.42743933729153,7.92899657492358e-05,0.0167482325213894,"WH vs. WB","WB"
"LOC111104470",50.6399789270014,2.59854730455,2.15773341776506,0.000361730499184697,0.048959742610274,"WH vs. WB","WB"
"LOC111112308",3.79353533351434,4.15749258137797,2.90345996501641,0.000107055690649417,0.0197263397075356,"WH vs. WB","WB"
"LOC111137912",11.2904736525603,4.40403867691496,2.25791855079047,6.00271052322482e-05,0.0139246805449914,"WH vs. WB","WB"
"LOC111123322",67.163354505304,2.94592888089618,1.44653809195246,9.47410814861793e-05,0.0184267878564096,"WH vs. WB","WB"
"LOC111127852",48.2395325378312,4.32555886866398,1.10713421908466,4.14640658190861e-06,0.00182589473567064,"WH vs. WB","WB"
"LOC144624935",14.9324747749841,3.69713779756624,1.47078471508128,4.24800201959171e-05,0.0106122442760589,"WH vs. WB","WB"
"LOC111125477",229.217629815683,3.67399703733854,1.31115510946354,2.90803221722824e-05,0.00852975063343448,"WH vs. WB","WB"
"LOC144624815",7.41415359868064,2.60347999626675,2.13884470865312,0.000354637306444139,0.048959742610274,"WH vs. WB","WB"
"LOC111100849",347.208662067643,3.91651691429118,1.25744771039119,1.76570002686006e-05,0.00637147949970157,"WH vs. WB","WB"
"LOC111122605",514.056719632141,4.56619948250112,3.23215313294752,8.18648288744837e-05,0.0168803977697457,"WH vs. WB","WB"
"LOC111113503",33.4568347595906,3.32195389613941,1.25535638941679,3.85148389109409e-05,0.0102107554055628,"WH vs. WB","WB"
"LOC111133984",71.5733122760084,3.93463688897644,1.04378135488776,6.189902007333e-06,0.00259386845245998,"WH vs. WB","WB"
"LOC144626817",8.97934457039019,18.5915935998757,4.55281801514962,5.17474500163814e-07,0.000353802762862001,"WH vs. WB","WB"
"LOC111137304",46.6769902172562,3.97981627240609,1.88443132556219,6.33947331266798e-05,0.0143222483596893,"WH vs. WB","WB"
"LOC111134056",425.600685833237,4.20984124381594,1.07035108678679,4.12303438035582e-06,0.00182589473567064,"WH vs. WB","WB"
"LOC111134355",424.437557973923,4.26329280409531,1.4778711422205,2.142896237841e-05,0.00732560357307199,"WH vs. WB","WB"
"LOC111136946",98.0436836117643,4.8350868091283,0.880315087117159,8.32566512725144e-09,7.45893467831447e-06,"WH vs. WB","WB"
"LOC111133849",312.905401179499,2.62371403599964,1.25022830770116,8.72045813461147e-05,0.017700486155886,"WH vs. WB","WB"
"LOC111134790",911.747925173645,4.74234060449536,1.04842312828919,7.01138463957182e-07,0.000467084062360809,"WH vs. WB","WB"
"LOC111133252",42.335965694117,4.34943175955666,1.60161569620834,2.57061292235225e-05,0.00814476760190655,"WH vs. WB","WB"
"LOC111135629",201.526010978064,2.22941816756846,0.785831327521655,2.65459656258575e-05,0.00821060396339767,"WH vs. WB","WB"
"LOC111137030",4.61128491420175,4.38490215286215,2.69227118014022,8.0408839670113e-05,0.016847597286042,"WH vs. WB","WB"
"LOC144626296",12.1049357596113,2.46014746069503,1.55631385932703,0.000201898221658761,0.0323797388698535,"WH vs. WB","WB"
"LOC111136974",32.5757766897662,2.67992880691999,1.65173910350699,0.000184353825278783,0.0311019268478445,"WH vs. WB","WB"
"LOC144626337",18.2839857497741,-3.35909835399479,1.47286836107269,6.2984832939383e-05,0.0143222483596893,"WH vs. WB","WH"
"LOC144626339",8.60022786968759,20.3219338053791,3.29687331327082,2.79997101288148e-10,3.03108528690307e-07,"WH vs. WB","WB"
"LOC111132510",5.67315169935441,2.97192310386897,2.81492334379685,0.000309177778867996,0.0441359773229088,"WH vs. WB","WB"
"LOC144627063",18.8134399902328,-3.29142373398415,1.26223363828779,4.07879271962751e-05,0.0105971113648642,"WH vs. WB","WH"
"LOC111137374",11.6004936621273,4.80586731294463,2.1895160857062,3.6605624391507e-05,0.0100110602875341,"WH vs. WB","WB"
"LOC111137174",56.1924027748247,3.34953479346142,2.67133846574607,0.000213799059738642,0.0338702034821321,"WH vs. WB","WB"
"LOC111106020",21.0463099059691,21.653060614225,2.62986065529762,8.67456728434443e-17,2.25373932614553e-13,"WH vs. WB","WB"
"LOC111110657",71.3600681030968,4.84535596099278,1.75152983757973,1.86646096246607e-05,0.00664281126929192,"WH vs. WB","WB"
"LOC111108717",31.3685315557462,3.40698537285541,1.60769153929961,7.74119984089845e-05,0.0164855830382281,"WH vs. WB","WB"
"LOC111108308",12.9879747376127,22.3808289820645,3.52381001971707,8.71012890028375e-11,1.07760885218225e-07,"WH vs. WB","WB"
"LOC111110340",43.4399004883731,4.49495095573029,2.52114982545312,6.60649206624544e-05,0.0146703649891558,"WH vs. WB","WB"
"LOC111128837",3767.92447154386,-1.01383409285533,0.290644427688201,1.17611066387718e-06,0.000745281247760806,"WH vs. WB","WH"
"LOC111108318",41.0780949220287,2.88719843609026,1.15838421694647,4.92751585588217e-05,0.0119646532197827,"WH vs. WB","WB"
"LOC111107803",27.1808045205664,24.2143360430663,3.07914414145402,1.46075232810618e-15,3.45016420332061e-12,"WH vs. WB","WB"
"LOC111106976",30.6951549039292,-6.61895211229109,1.96659133653155,2.17610144994505e-06,0.00114852993547089,"WH vs. WB","WH"
"LOC144627767",18.7589686329851,24.1775403652834,2.94271141288502,8.31340709140277e-17,2.25373932614553e-13,"WH vs. WB","WB"
"LOC111107388",169.891711445843,-4.42833760138347,1.77295706258932,3.23788811938324e-05,0.00924434848677978,"WH vs. WB","WH"
"LOC144627481",42.0155044313969,21.0030041537614,6.51140596068993,2.06277445552244e-06,0.00114027538572188,"WH vs. WB","WB"
"LOC111109871",273.014719150984,4.61412394168529,1.19532580086599,3.97787076639975e-06,0.00181314141020758,"WH vs. WB","WB"
"LOC111106244",13.1588327283908,-3.04006811874013,2.98001675011915,0.000289755754764709,0.0422929453064153,"WH vs. WB","WH"
"LOC111131734",36.2395562204096,3.03984653980963,1.25942581012156,5.48009268659038e-05,0.0129434807354822,"WH vs. WB","WB"
"LOC144618695",24.4489428913829,-32.9143566088783,6.99633823163272,1.01977204991919e-07,8.27959300904706e-05,"WH vs. WB","WH"
"LOC144618412",148.948544175814,1.98799089596784,1.12547018678983,0.000135951547525303,0.0247003996940901,"WH vs. WB","WB"
"LOC111136245",16833.8585884717,1.3966470054331,0.45490131312754,8.69939273881089e-06,0.0034772141961084,"WH vs. WB","WB"
"LOC144618924",127.408023108145,23.7394782579788,4.12274907699722,2.76257359958031e-09,2.563372310382e-06,"WH vs. WB","WB"
"LOC144618933",50.5735884015717,3.30290777896469,1.71424670679457,0.000103197592449454,0.0192890406433759,"WH vs. WB","WB"
"LOC111138373",64.158066585748,3.66119168494587,1.30658623528073,2.9170369999761e-05,0.00852975063343448,"WH vs. WB","WB"
"LOC111112780",116.336621654601,2.48776378784381,0.803110977967261,1.95310679114898e-05,0.006857252370384,"WH vs. WB","WB"
"LOC111132953",36.7535819002596,4.16471431121876,2.8970073679114,0.00010617241467201,0.0197033250399535,"WH vs. WB","WB"
"LOC111137503",70.6883189223041,2.73270680260194,1.86725730633999,0.000234803217729668,0.0366453270639325,"WH vs. WB","WB"
"LOC144618793",70.7309360417249,-4.20616879815328,1.68255313544178,3.58877841401686e-05,0.00991915446538,"WH vs. WB","WH"
"LOC144618861",25.6715264621015,3.75271249004608,0.949145757012862,4.5741853565981e-06,0.00198069849582959,"WH vs. WB","WB"
"LOC144619165",247.601596554956,8.2391595429713,1.75329271704529,2.69865394263174e-09,2.563372310382e-06,"WH vs. WB","WB"
"LOC144618918",55.7426291891943,2.67748420211352,1.74695876914171,0.000213161513429991,0.0338702034821321,"WH vs. WB","WB"
"LOC144618862",471.733053500922,1.61626501186728,0.553562502653432,1.52795319655262e-05,0.00559123267600475,"WH vs. WB","WB"
"LOC111134516",250.615108892026,3.54838670065433,2.27645232357926,0.000146597277565747,0.0260872867701073,"WH vs. WB","WB"
"LOC111100871",108.509478016058,4.33093820990961,1.56404528675452,2.42118588845235e-05,0.00796263678074436,"WH vs. WB","WB"
"LOC111100360",311.092726435618,3.98163468428697,2.37840513970447,0.000101271343982244,0.0190661651304541,"WH vs. WB","WB"
"LOC144618865",21.800745446747,15.4285726141253,4.81306582759652,1.64762634068195e-06,0.000972885908119493,"WH vs. WB","WB"
"LOC111130142",163.163202927952,1.81005481909034,0.733660746053085,3.75117262099247e-05,0.0101520016527089,"WH vs. WB","WB"
"LOC111131134",15.7467675292455,2.74604470356134,2.48115792277521,0.000366190160733651,0.0492952671814559,"WH vs. WB","WB"
"LOC111130451",170.869672493886,4.94141317030948,1.43948639552831,7.01773419335936e-06,0.00289409130282015,"WH vs. WB","WB"
"LOC111128309",275.994959462164,1.32226675798791,0.465095137314187,1.1177416938679e-05,0.00433433536543012,"WH vs. WB","WB"
"LOC144619803",7.42948138539637,3.90645101669773,3.1234339863308,0.000139140056310638,0.0249310193310806,"WH vs. WB","WB"
"LOC111131744",19.8645531084854,4.02158618539012,2.33931312631323,9.4767151888074e-05,0.0184267878564096,"WH vs. WB","WB"
"LOC144619734",25.65857965062,3.19599682722778,1.14320462218728,3.17503289656984e-05,0.00916561440953124,"WH vs. WB","WB"
"LOC111130635",15.7591431430763,2.12951964694971,1.60953554663365,0.000330214917925336,0.0463746690952333,"WH vs. WB","WB"
"LOC144619697",12.0156093168395,2.84242028691348,1.81178859291607,0.000194210995988023,0.0320027433113594,"WH vs. WB","WB"
"LOC111131210",52.8643956765483,3.13918422545244,2.09036117978356,0.000192443290481081,0.0320027433113594,"WH vs. WB","WB"
"LOC144620797",10.1532910337501,-1.76323906333312,1.14829717037964,0.00019833056677406,0.0320051332630861,"WH vs. WB","WH"
"LOC111118928",68.9573157329344,3.48072459276656,2.52860882999608,0.000180001929126722,0.0305662099388324,"WH vs. WB","WB"
"LOC111119304",12.0398339113315,3.14507725104501,2.69304265862836,0.000260590965396161,0.0391353403003333,"WH vs. WB","WB"
"LOC144620607",682.987142251954,29.1040922426155,4.98300706478804,1.16013303562446e-09,1.15928524609843e-06,"WH vs. WB","WB"
"LOC144620654",16.7425461701493,45.2617485083764,4.49850498054402,2.45220589812993e-25,2.12369204797712e-21,"WH vs. WB","WB"
"LOC111122431",107.981421403577,-4.04453381626588,0.955946982557473,2.26635182205124e-06,0.00115455071938654,"WH vs. WB","WH"
"LOC111122132",592.919959162463,2.00152724380033,0.47338458487245,2.21032665307511e-06,0.00114852993547089,"WH vs. WB","WB"
"LOC111118047",403.997485656839,-3.32375093635243,1.6086310320836,8.49318951774317e-05,0.0173749257370461,"WH vs. WB","WH"
"LOC111121949",22.0492620395548,3.19256040421118,1.11824680154753,2.92193451512901e-05,0.00852975063343448,"WH vs. WB","WB"
"LOC111118741",18.0665010007828,2.40996173054419,1.16023266718051,8.82905257766245e-05,0.0177658236585813,"WH vs. WB","WB"
"LOC111118906",219.077478432771,1.49632699236111,0.320939867829328,4.53429378801709e-07,0.00031839320785533,"WH vs. WB","WB"
"LOC111120419",11.3608051247617,19.8650717863262,2.36815902181213,2.6078392753003e-17,8.46928402644715e-14,"WH vs. WB","WB"
"LOC144621870",793.603309793507,7.30606627692367,5.5011444444704,3.56203671254909e-05,0.00991915446538,"WH vs. WB","WB"
"LOC111111250",147.195997982538,23.6548521060313,3.30197689578566,3.16976014129985e-13,5.88239558793653e-10,"WH vs. WB","WB"
"LOC111114625",100.624904840161,2.30010070067703,1.4147382688606,0.000186289653957797,0.0312257516095324,"WH vs. WB","WB"
"LOC111115103",50.902041800724,-23.2766089532631,2.08131789673763,2.11594898937107e-29,2.74872353464249e-25,"WH vs. WB","WH"
"LOC144621531",291.20577511225,1.17911867112278,0.902848215475365,0.00024273947629271,0.0370977313738876,"WH vs. WB","WB"
"LOC111114828",54.8239160995218,2.31509115935289,1.66723799872695,0.000287812623801961,0.042246665418072,"WH vs. WB","WB"
"LOC111113338",1331.36966624783,3.38291422075751,1.1717600851472,2.73547528134399e-05,0.00836122156289391,"WH vs. WB","WB"
"LOC111112969",228.643314660283,-2.42036601659819,0.717642098467986,1.26054155951023e-05,0.00474639568951236,"WH vs. WB","WH"
"LOC144621318",21.3363923599477,-45.2894404827902,4.70657493901532,1.90596865049073e-23,8.25316191806659e-20,"WH vs. WB","WH"
"LOC111115876",452.680030948701,3.96880610398846,1.73929397232209,5.19136285695929e-05,0.0124885924432092,"WH vs. WB","WB"
"LOC144621999",53.6351062333209,-3.94042304031262,0.914583542860563,1.93467760432555e-06,0.00109271432256483,"WH vs. WB","WH"
"LOC144621764",97.4128514010584,-21.3725654252253,6.8464439535559,2.35616196600376e-06,0.00117722007766815,"WH vs. WB","WH"
"LOC111111765",4.63190574578889,19.6155922966143,3.16220095265792,2.14041730464529e-10,2.52773554509042e-07,"WH vs. WB","WB"
