"gene","term","name"
"LOC111100586","GO:0004100","chitin synthase activity"
"LOC111100586","GO:0006031","chitin biosynthetic process"
"LOC111100662","GO:0008061","chitin binding"
"LOC111105678","GO:0008061","chitin binding"
"LOC111105812","GO:0004100","chitin synthase activity"
"LOC111105812","GO:0006031","chitin biosynthetic process"
"LOC111106095","GO:0008061","chitin binding"
"LOC111106155","GO:0008061","chitin binding"
"LOC111106230","GO:0004100","chitin synthase activity"
"LOC111106230","GO:0006031","chitin biosynthetic process"
"LOC111106396","GO:0008061","chitin binding"
"LOC111106838","GO:0008061","chitin binding"
"LOC111107197","GO:0008061","chitin binding"
"LOC111107241","GO:0008061","chitin binding"
"LOC111107242","GO:0008061","chitin binding"
"LOC111107506","GO:0008061","chitin binding"
"LOC111110440","GO:0008061","chitin binding"
"LOC111111165","GO:0008061","chitin binding"
"LOC111111646","GO:0008061","chitin binding"
"LOC111111656","GO:0008061","chitin binding"
"LOC111111926","GO:0004100","chitin synthase activity"
"LOC111111926","GO:0006031","chitin biosynthetic process"
"LOC111112854","GO:0008061","chitin binding"
"LOC111112966","GO:0004100","chitin synthase activity"
"LOC111112966","GO:0006031","chitin biosynthetic process"
"LOC111114030","GO:0008061","chitin binding"
"LOC111115673","GO:0008061","chitin binding"
"LOC111116033","GO:0008061","chitin binding"
"LOC111116492","GO:0008061","chitin binding"
"LOC111118377","GO:0004568","chitinase activity"
"LOC111118377","GO:0006032","chitin catabolic process"
"LOC111118377","GO:0008061","chitin binding"
"LOC111120790","GO:0004568","chitinase activity"
"LOC111120790","GO:0006032","chitin catabolic process"
"LOC111120790","GO:0008061","chitin binding"
"LOC111121428","GO:0008061","chitin binding"
"LOC111121778","GO:0004568","chitinase activity"
"LOC111121778","GO:0006032","chitin catabolic process"
"LOC111121778","GO:0008061","chitin binding"
"LOC111125208","GO:0004100","chitin synthase activity"
"LOC111125208","GO:0006031","chitin biosynthetic process"
"LOC111125217","GO:0004568","chitinase activity"
"LOC111125217","GO:0006032","chitin catabolic process"
"LOC111125217","GO:0008061","chitin binding"
"LOC111125340","GO:0004100","chitin synthase activity"
"LOC111125340","GO:0006031","chitin biosynthetic process"
"LOC111125341","GO:0004100","chitin synthase activity"
"LOC111125341","GO:0006031","chitin biosynthetic process"
"LOC111125342","GO:0004100","chitin synthase activity"
"LOC111125342","GO:0006031","chitin biosynthetic process"
"LOC111125343","GO:0004100","chitin synthase activity"
"LOC111125343","GO:0006031","chitin biosynthetic process"
"LOC111125448","GO:0004100","chitin synthase activity"
"LOC111125448","GO:0006031","chitin biosynthetic process"
"LOC111125449","GO:0004100","chitin synthase activity"
"LOC111125449","GO:0006031","chitin biosynthetic process"
"LOC111125479","GO:0008061","chitin binding"
"LOC111126707","GO:0008061","chitin binding"
"LOC111126764","GO:0008061","chitin binding"
"LOC111127273","GO:0008061","chitin binding"
"LOC111127503","GO:0008061","chitin binding"
"LOC111127580","GO:0008061","chitin binding"
"LOC111128070","GO:0008061","chitin binding"
"LOC111128135","GO:0004100","chitin synthase activity"
"LOC111128135","GO:0006031","chitin biosynthetic process"
"LOC111128616","GO:0004100","chitin synthase activity"
"LOC111128616","GO:0006031","chitin biosynthetic process"
"LOC111129343","GO:0008061","chitin binding"
"LOC111132129","GO:0008061","chitin binding"
"LOC111132220","GO:0008061","chitin binding"
"LOC111132569","GO:0008061","chitin binding"
"LOC111132881","GO:0008061","chitin binding"
"LOC111133553","GO:0008061","chitin binding"
"LOC111134776","GO:0008061","chitin binding"
"LOC111134787","GO:0008061","chitin binding"
"LOC111134788","GO:0008061","chitin binding"
"LOC111135120","GO:0008061","chitin binding"
"LOC111135614","GO:0008061","chitin binding"
"LOC111138024","GO:0008061","chitin binding"
"LOC111138083","GO:0008061","chitin binding"
"LOC111138403","GO:0008061","chitin binding"
"LOC144617818","GO:0008061","chitin binding"
"LOC144617825","GO:0008061","chitin binding"
"LOC144617974","GO:0008061","chitin binding"
"LOC144618050","GO:0008061","chitin binding"
"LOC144618077","GO:0008061","chitin binding"
"LOC144618308","GO:0008061","chitin binding"
"LOC144618465","GO:0008061","chitin binding"
"LOC144618790","GO:0008061","chitin binding"
"LOC144619016","GO:0008061","chitin binding"
"LOC144619190","GO:0008061","chitin binding"
"LOC144619275","GO:0008061","chitin binding"
"LOC144621662","GO:0008061","chitin binding"
"LOC144623220","GO:0004100","chitin synthase activity"
"LOC144623220","GO:0006031","chitin biosynthetic process"
"LOC144623222","GO:0004100","chitin synthase activity"
"LOC144623222","GO:0006031","chitin biosynthetic process"
"LOC144623226","GO:0004100","chitin synthase activity"
"LOC144623226","GO:0006031","chitin biosynthetic process"
"LOC144623229","GO:0004100","chitin synthase activity"
"LOC144623229","GO:0006031","chitin biosynthetic process"
"LOC144625912","GO:0008061","chitin binding"
"LOC144627663","GO:0008061","chitin binding"
"LOC144627780","GO:0008061","chitin binding"
"LOC144627867","GO:0008061","chitin binding"
"LOC144627872","GO:0008061","chitin binding"
