"","MEred","MEblue","MElightcyan","MEmagenta","MEblack","MEpurple","MEsalmon","MEcyan","MEmidnightblue","MEbrown","MEyellow","MEtan","MEturquoise"
"B1_Nu_O03",-0.144255843216235,-0.0999417062319904,-0.118319025086934,-0.0284794751423018,-0.105487245229852,0.0697368440871284,0.0790202383078833,0.091381521409458,-0.0118238941747221,0.233703922856346,0.213373487194009,-0.0743932181370058,-0.28026198811258
"B2_Nu_O12",-0.154777026524182,-0.219495618103078,-0.0568067923621475,-0.0211229130542369,-0.148834368896888,-0.0608739642716814,0.00413386231397196,0.224200091256961,0.477204504391428,0.0529807955355051,0.103238270326933,-0.136138092796229,0.267512300565063
"B4_Nu_O32",-0.105647909873721,0.0866816821657099,0.0570370466529131,0.665670621809303,-0.0236066894300787,-0.0368149380809928,-0.145343932827301,0.139701662921234,-0.000721578185578153,-0.249995808238074,-0.00130444126730994,-0.0333555688438962,0.13993473686217
"B5_Nu_O36",-0.133604331632747,0.349577914654672,0.0679669579083569,-0.0384387813466487,0.35917712914993,0.270391881696393,-0.0150627552164927,-0.277405887988912,-0.306207251529648,-0.177329656763472,-0.278680436565112,-0.0623804074206772,-0.29837588506315
"B6_Nu_O47",-0.136966324151259,0.0427698202880966,0.00604396406283361,0.000791593728949164,0.421742052522078,0.191929331754299,0.189026119953502,-0.201824196120308,-0.194669958298729,-0.0851020417546137,-0.110031806548299,-0.0503811736187239,-0.258969150443005
"C1_Nu_W01",-0.165713242312822,-0.242586335062823,-0.283085085962191,-0.0963304291532708,-0.0645977612060899,0.00404472343001102,0.221578016950805,-0.0887420482595059,-0.109750409752456,0.369671963847214,0.159672590187706,-0.123978524851118,0.0851444368557247
"C1_Nu_W05",0.23435242954737,0.0991240073316358,-0.193882061960961,-0.121426610761529,-0.0806923710532146,0.131956174706151,0.046544366441408,-0.0219022792437689,-0.19163780574761,-0.117415053058134,0.00651677020317778,0.330643773006713,-0.0392657033043942
"C2_Nu_W15",0.304925971034133,0.247412764655075,0.100127795788957,-0.0868423197716942,0.108880074905144,-0.0165718429292629,-0.18165941608669,-0.0929322891900546,-0.171927793684492,-0.225080456164307,-0.209011709802063,-0.140414326165201,0.00745258663843341
"C3_Nu_W21",0.165646924813872,0.0365523931950408,0.0655301190034046,0.0158496345406804,0.0775899308567844,0.0669976176617023,0.0452439953749868,-0.0770623172772892,-0.0848602930408362,-0.0538911187687703,-0.0292299318320488,-0.0828433381829147,-0.055822833551343
"C4_Nu_W29",-0.119192066569338,-0.186767859594359,-0.304135578936419,-0.0848020800803987,-0.0316882649844435,0.157641834574764,0.230629324679464,-0.0312736982079629,0.107082796454037,0.118832487356576,0.149561151588086,0.422975851644016,0.0410819311341707
"C6_Nu_W42",0.453109129806362,0.427588511402836,0.325665635694296,-0.0401016063581468,-0.30221818660163,-0.0441326066683076,-0.430990101466711,0.3262496807948,-0.260726463619436,-0.283649301057989,-0.00955945444012322,-0.112539823749603,0.00555736647174482
"H1_Nu_B08",-0.102887228041367,-0.146033802558074,-0.164761445909764,-0.00714678187291761,-0.0421206372604723,0.105680486978436,0.154598990825847,-0.0130043134649607,-0.0539193284813399,-0.0130916831173701,0.0364668003873648,-0.10076193701629,0.32836646880837
"H2_Nu_B14",-0.119447089224927,0.499279954410765,0.383623189609244,-0.122360731874925,0.0935224070638509,-0.0655897343499003,-0.359613017387379,-0.183274229645416,0.0710301468533458,-0.259902090805414,-0.31649851579354,-0.102030084933959,-0.169608518249151
"H3_Nu_B18",0.455536685565646,0.0053691188380473,0.364329851556442,-0.149421613276099,-0.251616747141381,-0.43703068823771,-0.342750031674601,0.199321922439725,-0.135445021479744,0.0651111746758739,-0.075264994547469,-0.167355947407723,0.19132030067496
"H4_Nu_B28",-0.130697125761725,-0.0661139552390416,-0.127065828710341,0.651688985864375,0.0658535143549164,0.186699790754779,0.156948533756506,0.0186419725307495,0.00189280633097705,-0.147128798977192,0.0984327520738046,-0.0111293704060166,0.00182622664610425
"H5_Nu_B35",0.199757864690125,0.0304866056652731,-0.0994682757462424,0.024874596012457,0.318013141637255,0.235858157084152,0.244698642951851,-0.302794044096162,-0.106249056570711,-0.118339214007729,-0.0684002004937113,0.029615632238475,-0.253290206476512
"H6_Nu_B45",-0.0634614336877429,0.0250060913008611,0.0740969834265446,-0.119286758178567,-0.157863194746824,-0.332860487148096,-0.220020600854841,0.163859185066532,0.124088342996153,-0.187264523389408,-0.205498211641073,0.410345731124546,0.554343379513121
"W1_Nu_G02",-0.144835413714118,-0.0232293913003043,0.0677502760731454,-0.0698612768661452,0.317679218514474,-0.182677899389227,-0.0329502140357467,-0.465178700794701,-0.224010611394033,0.0652402737177159,-0.367275657085205,-0.0996950252411003,0.0765610270326291
"W2_Nu_G15",0.289892186796273,-0.159106448771343,0.299831181369374,-0.117132403764191,-0.212484058387433,-0.486215293269005,-0.208326309589251,0.187344409677787,0.071421031516792,0.355059297984557,0.0227882466756278,-0.145725187655912,-0.0222931918719925
"W3_Nu_G21",-0.162750714222765,-0.278917392708637,-0.0688339878738623,-0.0974895411689058,-0.350174505755142,-0.177024765076326,-0.00670673043222004,0.411468934029842,0.425783496566999,0.427311092540747,0.413883552027311,-0.173368575466345,-0.129871735356342
"W4_Nu_G27",-0.126667608742995,-0.0726921991693761,0.178230639642596,-0.0532601015902983,0.0901052469120085,-0.0664726660314867,0.00343018202879254,-0.111798388674266,0.145642188384957,0.061909036685969,-0.0893612991943044,-0.114923845867149,0.0621929587159409
"W6_Nu_G41",-0.173509941528766,-0.257651720967951,-0.357724572918985,-0.0442847224050144,-0.205001404999105,0.2361959833574,0.31675096034316,0.198549813324856,0.405238394237378,0.270193120397707,0.531444551429084,-0.0380960949213298,-0.295067259425265
"W6_Nu_G45",-0.11880789304907,-0.097312434201036,-0.216150985320259,-0.0610872852904726,0.123822719776114,0.249132059366781,0.250819875643056,-0.0935268004886377,0.0225657582272692,-0.101823419495738,0.0247384871171552,0.575929554667443,0.0415327519353029
