"","Sample","Phase1_treatment","Phase1_temp","Phase1_DO","Module","Eigengene"
"1","B1_Nu_O03","both","warm","hypoxic","MEturquoise",-0.279823866545772
"2","B2_Nu_O12","both","warm","hypoxic","MEturquoise",0.260668116674872
"3","B4_Nu_O32","both","warm","hypoxic","MEturquoise",0.139879969613328
"4","B5_Nu_O36","both","warm","hypoxic","MEturquoise",-0.298401236016502
"5","B6_Nu_O47","both","warm","hypoxic","MEturquoise",-0.258456793926435
"6","C1_Nu_W01","control","ambient","normoxic","MEturquoise",0.0793080311083064
"7","C1_Nu_W05","control","ambient","normoxic","MEturquoise",-0.0294882341655554
"8","C2_Nu_W15","control","ambient","normoxic","MEturquoise",0.00316442957250557
"9","C3_Nu_W21","control","ambient","normoxic","MEturquoise",-0.0591523508500854
"10","C4_Nu_W29","control","ambient","normoxic","MEturquoise",0.0531010143406846
"11","C6_Nu_W42","control","ambient","normoxic","MEturquoise",0.00210211305180272
"12","H1_Nu_B08","hypoxic","ambient","hypoxic","MEturquoise",0.322608891798024
"13","H2_Nu_B14","hypoxic","ambient","hypoxic","MEturquoise",-0.169912429652978
"14","H3_Nu_B18","hypoxic","ambient","hypoxic","MEturquoise",0.183691761285107
"15","H4_Nu_B28","hypoxic","ambient","hypoxic","MEturquoise",0.0038232739153962
"16","H5_Nu_B35","hypoxic","ambient","hypoxic","MEturquoise",-0.250351845347945
"17","H6_Nu_B45","hypoxic","ambient","hypoxic","MEturquoise",0.564183046717678
"18","W1_Nu_G02","warm","warm","normoxic","MEturquoise",0.0711535848874398
"19","W2_Nu_G15","warm","warm","normoxic","MEturquoise",-0.0271184273965264
"20","W3_Nu_G21","warm","warm","normoxic","MEturquoise",-0.134118644932462
"21","W4_Nu_G27","warm","warm","normoxic","MEturquoise",0.0581324679891829
"22","W6_Nu_G41","warm","warm","normoxic","MEturquoise",-0.294117242656878
"23","W6_Nu_G45","warm","warm","normoxic","MEturquoise",0.059124370536811
"24","B1_Nu_O03","both","warm","hypoxic","MEblue",0.232587188072186
"25","B2_Nu_O12","both","warm","hypoxic","MEblue",0.0531110688294855
"26","B4_Nu_O32","both","warm","hypoxic","MEblue",-0.250167198925766
"27","B5_Nu_O36","both","warm","hypoxic","MEblue",-0.176526020735581
"28","B6_Nu_O47","both","warm","hypoxic","MEblue",-0.0851800136576779
"29","C1_Nu_W01","control","ambient","normoxic","MEblue",0.367833669706161
"30","C1_Nu_W05","control","ambient","normoxic","MEblue",-0.119218132419783
"31","C2_Nu_W15","control","ambient","normoxic","MEblue",-0.224301606199351
"32","C3_Nu_W21","control","ambient","normoxic","MEblue",-0.0523344813471127
"33","C4_Nu_W29","control","ambient","normoxic","MEblue",0.115652687682436
"34","C6_Nu_W42","control","ambient","normoxic","MEblue",-0.281394363601132
"35","H1_Nu_B08","hypoxic","ambient","hypoxic","MEblue",-0.0162822008315101
"36","H2_Nu_B14","hypoxic","ambient","hypoxic","MEblue",-0.255791098306727
"37","H3_Nu_B18","hypoxic","ambient","hypoxic","MEblue",0.0676634613396517
"38","H4_Nu_B28","hypoxic","ambient","hypoxic","MEblue",-0.14922677283244
"39","H5_Nu_B35","hypoxic","ambient","hypoxic","MEblue",-0.120808542169101
"40","H6_Nu_B45","hypoxic","ambient","hypoxic","MEblue",-0.18726405644748
"41","W1_Nu_G02","warm","warm","normoxic","MEblue",0.066000180928584
"42","W2_Nu_G15","warm","warm","normoxic","MEblue",0.359312164221375
"43","W3_Nu_G21","warm","warm","normoxic","MEblue",0.429085758630182
"44","W4_Nu_G27","warm","warm","normoxic","MEblue",0.0649715963258515
"45","W6_Nu_G41","warm","warm","normoxic","MEblue",0.267941709836614
"46","W6_Nu_G45","warm","warm","normoxic","MEblue",-0.105664998098866
"47","B1_Nu_O03","both","warm","hypoxic","MEgreenyellow",0.0708371112551227
"48","B2_Nu_O12","both","warm","hypoxic","MEgreenyellow",0.290956633694644
"49","B4_Nu_O32","both","warm","hypoxic","MEgreenyellow",0.117641317251804
"50","B5_Nu_O36","both","warm","hypoxic","MEgreenyellow",-0.303678542246218
"51","B6_Nu_O47","both","warm","hypoxic","MEgreenyellow",-0.213338674599817
"52","C1_Nu_W01","control","ambient","normoxic","MEgreenyellow",-0.0855208387222842
"53","C1_Nu_W05","control","ambient","normoxic","MEgreenyellow",-0.0606949099855873
"54","C2_Nu_W15","control","ambient","normoxic","MEgreenyellow",-0.0975013574285058
"55","C3_Nu_W21","control","ambient","normoxic","MEgreenyellow",-0.0870993724864327
"56","C4_Nu_W29","control","ambient","normoxic","MEgreenyellow",-0.00828086042547052
"57","C6_Nu_W42","control","ambient","normoxic","MEgreenyellow",0.235586039510483
"58","H1_Nu_B08","hypoxic","ambient","hypoxic","MEgreenyellow",-0.0169624659964225
"59","H2_Nu_B14","hypoxic","ambient","hypoxic","MEgreenyellow",-0.158968303261196
"60","H3_Nu_B18","hypoxic","ambient","hypoxic","MEgreenyellow",0.179103224972809
"61","H4_Nu_B28","hypoxic","ambient","hypoxic","MEgreenyellow",0.00739900593497899
"62","H5_Nu_B35","hypoxic","ambient","hypoxic","MEgreenyellow",-0.303075961367579
"63","H6_Nu_B45","hypoxic","ambient","hypoxic","MEgreenyellow",0.169869417231279
"64","W1_Nu_G02","warm","warm","normoxic","MEgreenyellow",-0.447230207227027
"65","W2_Nu_G15","warm","warm","normoxic","MEgreenyellow",0.196139783495372
"66","W3_Nu_G21","warm","warm","normoxic","MEgreenyellow",0.434930331866861
"67","W4_Nu_G27","warm","warm","normoxic","MEgreenyellow",-0.0721941878909647
"68","W6_Nu_G41","warm","warm","normoxic","MEgreenyellow",0.237695800521828
"69","W6_Nu_G45","warm","warm","normoxic","MEgreenyellow",-0.0856129840976775
"70","B1_Nu_O03","both","warm","hypoxic","MEyellow",0.214094737970168
"71","B2_Nu_O12","both","warm","hypoxic","MEyellow",0.110958196943566
"72","B4_Nu_O32","both","warm","hypoxic","MEyellow",0.00473940728220753
"73","B5_Nu_O36","both","warm","hypoxic","MEyellow",-0.279517871570571
"74","B6_Nu_O47","both","warm","hypoxic","MEyellow",-0.112692739390229
"75","C1_Nu_W01","control","ambient","normoxic","MEyellow",0.143783737073571
"76","C1_Nu_W05","control","ambient","normoxic","MEyellow",0.00176107665402955
"77","C2_Nu_W15","control","ambient","normoxic","MEyellow",-0.21116801141584
"78","C3_Nu_W21","control","ambient","normoxic","MEyellow",-0.0276362928779207
"79","C4_Nu_W29","control","ambient","normoxic","MEyellow",0.139797764086341
"80","C6_Nu_W42","control","ambient","normoxic","MEyellow",0.00620273844529715
"81","H1_Nu_B08","hypoxic","ambient","hypoxic","MEyellow",0.0274803856402259
"82","H2_Nu_B14","hypoxic","ambient","hypoxic","MEyellow",-0.304387676090656
"83","H3_Nu_B18","hypoxic","ambient","hypoxic","MEyellow",-0.073883268055254
"84","H4_Nu_B28","hypoxic","ambient","hypoxic","MEyellow",0.100998973758879
"85","H5_Nu_B35","hypoxic","ambient","hypoxic","MEyellow",-0.0730300132059463
"86","H6_Nu_B45","hypoxic","ambient","hypoxic","MEyellow",-0.199256721224365
"87","W1_Nu_G02","warm","warm","normoxic","MEyellow",-0.375234404054167
"88","W2_Nu_G15","warm","warm","normoxic","MEyellow",0.0251323986160364
"89","W3_Nu_G21","warm","warm","normoxic","MEyellow",0.421021439787031
"90","W4_Nu_G27","warm","warm","normoxic","MEyellow",-0.0890723394968968
"91","W6_Nu_G41","warm","warm","normoxic","MEyellow",0.533272491274188
"92","W6_Nu_G45","warm","warm","normoxic","MEyellow",0.0166359898503047
"93","B1_Nu_O03","both","warm","hypoxic","MEblack",-0.13415167115018
"94","B2_Nu_O12","both","warm","hypoxic","MEblack",-0.158234935761684
"95","B4_Nu_O32","both","warm","hypoxic","MEblack",-0.0991114108126814
"96","B5_Nu_O36","both","warm","hypoxic","MEblack",-0.135999424575194
"97","B6_Nu_O47","both","warm","hypoxic","MEblack",-0.128663981566276
"98","C1_Nu_W01","control","ambient","normoxic","MEblack",-0.173911433395974
"99","C1_Nu_W05","control","ambient","normoxic","MEblack",0.213751343302049
"100","C2_Nu_W15","control","ambient","normoxic","MEblack",0.305869035989982
"101","C3_Nu_W21","control","ambient","normoxic","MEblack",0.169569393609051
"102","C4_Nu_W29","control","ambient","normoxic","MEblack",-0.124512584192027
"103","C6_Nu_W42","control","ambient","normoxic","MEblack",0.468058852396528
"104","H1_Nu_B08","hypoxic","ambient","hypoxic","MEblack",-0.104798377831353
"105","H2_Nu_B14","hypoxic","ambient","hypoxic","MEblack",-0.110168569648738
"106","H3_Nu_B18","hypoxic","ambient","hypoxic","MEblack",0.453517250499869
"107","H4_Nu_B28","hypoxic","ambient","hypoxic","MEblack",-0.121784721359599
"108","H5_Nu_B35","hypoxic","ambient","hypoxic","MEblack",0.194114768530096
"109","H6_Nu_B45","hypoxic","ambient","hypoxic","MEblack",-0.0718689133638001
"110","W1_Nu_G02","warm","warm","normoxic","MEblack",-0.140375379164455
"111","W2_Nu_G15","warm","warm","normoxic","MEblack",0.287957408059739
"112","W3_Nu_G21","warm","warm","normoxic","MEblack",-0.1709451551087
"113","W4_Nu_G27","warm","warm","normoxic","MEblack",-0.116580763517036
"114","W6_Nu_G41","warm","warm","normoxic","MEblack",-0.181123339536002
"115","W6_Nu_G45","warm","warm","normoxic","MEblack",-0.120607391403613
"116","B1_Nu_O03","both","warm","hypoxic","MEbrown",-0.119610692671704
"117","B2_Nu_O12","both","warm","hypoxic","MEbrown",-0.174129799270543
"118","B4_Nu_O32","both","warm","hypoxic","MEbrown",0.0941706979098751
"119","B5_Nu_O36","both","warm","hypoxic","MEbrown",0.315104299081748
"120","B6_Nu_O47","both","warm","hypoxic","MEbrown",0.0166531230743604
"121","C1_Nu_W01","control","ambient","normoxic","MEbrown",-0.268441321793421
"122","C1_Nu_W05","control","ambient","normoxic","MEbrown",0.0448857713194961
"123","C2_Nu_W15","control","ambient","normoxic","MEbrown",0.212544212971149
"124","C3_Nu_W21","control","ambient","normoxic","MEbrown",0.046096840455791
"125","C4_Nu_W29","control","ambient","normoxic","MEbrown",-0.242441335206111
"126","C6_Nu_W42","control","ambient","normoxic","MEbrown",0.443953023576139
"127","H1_Nu_B08","hypoxic","ambient","hypoxic","MEbrown",-0.157063523511399
"128","H2_Nu_B14","hypoxic","ambient","hypoxic","MEbrown",0.506786328269492
"129","H3_Nu_B18","hypoxic","ambient","hypoxic","MEbrown",0.0949595022259979
"130","H4_Nu_B28","hypoxic","ambient","hypoxic","MEbrown",-0.0941949578455653
"131","H5_Nu_B35","hypoxic","ambient","hypoxic","MEbrown",-0.0179828752453439
"132","H6_Nu_B45","hypoxic","ambient","hypoxic","MEbrown",0.0671116029216863
"133","W1_Nu_G02","warm","warm","normoxic","MEbrown",-0.0212786858273453
"134","W2_Nu_G15","warm","warm","normoxic","MEbrown",-0.0478452966080641
"135","W3_Nu_G21","warm","warm","normoxic","MEbrown",-0.229543860594323
"136","W4_Nu_G27","warm","warm","normoxic","MEbrown",-0.033490415108426
"137","W6_Nu_G41","warm","warm","normoxic","MEbrown",-0.301072981193978
"138","W6_Nu_G45","warm","warm","normoxic","MEbrown",-0.13516965692951
"139","B1_Nu_O03","both","warm","hypoxic","MEpink",-0.0260685743039074
"140","B2_Nu_O12","both","warm","hypoxic","MEpink",-0.0170497653263133
"141","B4_Nu_O32","both","warm","hypoxic","MEpink",0.665168765173288
"142","B5_Nu_O36","both","warm","hypoxic","MEpink",-0.038436140104846
"143","B6_Nu_O47","both","warm","hypoxic","MEpink",-0.000729719295554455
"144","C1_Nu_W01","control","ambient","normoxic","MEpink",-0.0927382451170579
"145","C1_Nu_W05","control","ambient","normoxic","MEpink",-0.123662016138119
"146","C2_Nu_W15","control","ambient","normoxic","MEpink",-0.0856999089837925
"147","C3_Nu_W21","control","ambient","normoxic","MEpink",0.0154415502443699
"148","C4_Nu_W29","control","ambient","normoxic","MEpink",-0.0835453384831015
"149","C6_Nu_W42","control","ambient","normoxic","MEpink",-0.0331991840724022
"150","H1_Nu_B08","hypoxic","ambient","hypoxic","MEpink",-0.00884148277827498
"151","H2_Nu_B14","hypoxic","ambient","hypoxic","MEpink",-0.119685218159867
"152","H3_Nu_B18","hypoxic","ambient","hypoxic","MEpink",-0.148474300457634
"153","H4_Nu_B28","hypoxic","ambient","hypoxic","MEpink",0.652230803278791
"154","H5_Nu_B35","hypoxic","ambient","hypoxic","MEpink",0.0223540969875205
"155","H6_Nu_B45","hypoxic","ambient","hypoxic","MEpink",-0.120965464212354
"156","W1_Nu_G02","warm","warm","normoxic","MEpink",-0.0697063923456518
"157","W2_Nu_G15","warm","warm","normoxic","MEpink",-0.119288120591305
"158","W3_Nu_G21","warm","warm","normoxic","MEpink",-0.100157633737115
"159","W4_Nu_G27","warm","warm","normoxic","MEpink",-0.0546779596918495
"160","W6_Nu_G41","warm","warm","normoxic","MEpink",-0.0475339925115502
"161","W6_Nu_G45","warm","warm","normoxic","MEpink",-0.0647357593732737
"162","B1_Nu_O03","both","warm","hypoxic","MEmagenta",0.0693243336202486
"163","B2_Nu_O12","both","warm","hypoxic","MEmagenta",-0.0658740419075488
"164","B4_Nu_O32","both","warm","hypoxic","MEmagenta",-0.0436149509858769
"165","B5_Nu_O36","both","warm","hypoxic","MEmagenta",0.269477089361745
"166","B6_Nu_O47","both","warm","hypoxic","MEmagenta",0.197555296318774
"167","C1_Nu_W01","control","ambient","normoxic","MEmagenta",0.00613509506211003
"168","C1_Nu_W05","control","ambient","normoxic","MEmagenta",0.133784573418317
"169","C2_Nu_W15","control","ambient","normoxic","MEmagenta",-0.0145481344432796
"170","C3_Nu_W21","control","ambient","normoxic","MEmagenta",0.0702022653360721
"171","C4_Nu_W29","control","ambient","normoxic","MEmagenta",0.161575834749444
"172","C6_Nu_W42","control","ambient","normoxic","MEmagenta",-0.051749963918349
"173","H1_Nu_B08","hypoxic","ambient","hypoxic","MEmagenta",0.108597302075937
"174","H2_Nu_B14","hypoxic","ambient","hypoxic","MEmagenta",-0.0517876378996205
"175","H3_Nu_B18","hypoxic","ambient","hypoxic","MEmagenta",-0.43084409505035
"176","H4_Nu_B28","hypoxic","ambient","hypoxic","MEmagenta",0.182006159093274
"177","H5_Nu_B35","hypoxic","ambient","hypoxic","MEmagenta",0.229627901535248
"178","H6_Nu_B45","hypoxic","ambient","hypoxic","MEmagenta",-0.339625328505141
"179","W1_Nu_G02","warm","warm","normoxic","MEmagenta",-0.188832694091321
"180","W2_Nu_G15","warm","warm","normoxic","MEmagenta",-0.483884115050712
"181","W3_Nu_G21","warm","warm","normoxic","MEmagenta",-0.176275482388423
"182","W4_Nu_G27","warm","warm","normoxic","MEmagenta",-0.0682813486964326
"183","W6_Nu_G41","warm","warm","normoxic","MEmagenta",0.241768788340606
"184","W6_Nu_G45","warm","warm","normoxic","MEmagenta",0.245263154025279
"185","B1_Nu_O03","both","warm","hypoxic","MEtan",0.078653301928113
"186","B2_Nu_O12","both","warm","hypoxic","MEtan",0.00771702751625109
"187","B4_Nu_O32","both","warm","hypoxic","MEtan",-0.147227006412478
"188","B5_Nu_O36","both","warm","hypoxic","MEtan",-0.0133723696109651
"189","B6_Nu_O47","both","warm","hypoxic","MEtan",0.192558431176195
"190","C1_Nu_W01","control","ambient","normoxic","MEtan",0.218249392762411
"191","C1_Nu_W05","control","ambient","normoxic","MEtan",0.0485635696142419
"192","C2_Nu_W15","control","ambient","normoxic","MEtan",-0.178033153970955
"193","C3_Nu_W21","control","ambient","normoxic","MEtan",0.0431131872482764
"194","C4_Nu_W29","control","ambient","normoxic","MEtan",0.229379812950433
"195","C6_Nu_W42","control","ambient","normoxic","MEtan",-0.433464357768466
"196","H1_Nu_B08","hypoxic","ambient","hypoxic","MEtan",0.157186969022701
"197","H2_Nu_B14","hypoxic","ambient","hypoxic","MEtan",-0.361895385118666
"198","H3_Nu_B18","hypoxic","ambient","hypoxic","MEtan",-0.343056809112673
"199","H4_Nu_B28","hypoxic","ambient","hypoxic","MEtan",0.153124963880937
"200","H5_Nu_B35","hypoxic","ambient","hypoxic","MEtan",0.24296372576638
"201","H6_Nu_B45","hypoxic","ambient","hypoxic","MEtan",-0.222748272795368
"202","W1_Nu_G02","warm","warm","normoxic","MEtan",-0.0295037236126253
"203","W2_Nu_G15","warm","warm","normoxic","MEtan",-0.205651090788686
"204","W3_Nu_G21","warm","warm","normoxic","MEtan",-0.00608755159068997
"205","W4_Nu_G27","warm","warm","normoxic","MEtan",0.0052211819963746
"206","W6_Nu_G41","warm","warm","normoxic","MEtan",0.319970166960795
"207","W6_Nu_G45","warm","warm","normoxic","MEtan",0.244337989958463
"208","B1_Nu_O03","both","warm","hypoxic","MEgreen",-0.129651611130298
"209","B2_Nu_O12","both","warm","hypoxic","MEgreen",-0.259647931067
"210","B4_Nu_O32","both","warm","hypoxic","MEgreen",-0.0136978997279498
"211","B5_Nu_O36","both","warm","hypoxic","MEgreen",0.33097164901563
"212","B6_Nu_O47","both","warm","hypoxic","MEgreen",0.329754134321304
"213","C1_Nu_W01","control","ambient","normoxic","MEgreen",-0.170325513453822
"214","C1_Nu_W05","control","ambient","normoxic","MEgreen",-0.0566816138629342
"215","C2_Nu_W15","control","ambient","normoxic","MEgreen",0.270620359155988
"216","C3_Nu_W21","control","ambient","normoxic","MEgreen",0.0415428999242104
"217","C4_Nu_W29","control","ambient","normoxic","MEgreen",-0.0989919865121766
"218","C6_Nu_W42","control","ambient","normoxic","MEgreen",-0.0814381082942537
"219","H1_Nu_B08","hypoxic","ambient","hypoxic","MEgreen",-0.123118148042982
"220","H2_Nu_B14","hypoxic","ambient","hypoxic","MEgreen",0.398337791206241
"221","H3_Nu_B18","hypoxic","ambient","hypoxic","MEgreen",-0.0871687723200285
"222","H4_Nu_B28","hypoxic","ambient","hypoxic","MEgreen",-0.0105141770753696
"223","H5_Nu_B35","hypoxic","ambient","hypoxic","MEgreen",0.181361709695451
"224","H6_Nu_B45","hypoxic","ambient","hypoxic","MEgreen",-0.143870436890318
"225","W1_Nu_G02","warm","warm","normoxic","MEgreen",0.317668681724706
"226","W2_Nu_G15","warm","warm","normoxic","MEgreen",-0.169888780703391
"227","W3_Nu_G21","warm","warm","normoxic","MEgreen",-0.358994246259701
"228","W4_Nu_G27","warm","warm","normoxic","MEgreen",0.117225032420084
"229","W6_Nu_G41","warm","warm","normoxic","MEgreen",-0.255720847041344
"230","W6_Nu_G45","warm","warm","normoxic","MEgreen",-0.0277721850820448
"231","B1_Nu_O03","both","warm","hypoxic","MEred",-0.0889505779823112
"232","B2_Nu_O12","both","warm","hypoxic","MEred",-0.0703019323441618
"233","B4_Nu_O32","both","warm","hypoxic","MEred",-0.0315901062899884
"234","B5_Nu_O36","both","warm","hypoxic","MEred",0.298534632142457
"235","B6_Nu_O47","both","warm","hypoxic","MEred",0.438028662381802
"236","C1_Nu_W01","control","ambient","normoxic","MEred",-0.00539296598078434
"237","C1_Nu_W05","control","ambient","normoxic","MEred",-0.115000654000849
"238","C2_Nu_W15","control","ambient","normoxic","MEred",0.0171863116087783
"239","C3_Nu_W21","control","ambient","normoxic","MEred",0.0781542084063315
"240","C4_Nu_W29","control","ambient","normoxic","MEred",0.00708975315840199
"241","C6_Nu_W42","control","ambient","normoxic","MEred",-0.399336274027396
"242","H1_Nu_B08","hypoxic","ambient","hypoxic","MEred",0.00799796265049441
"243","H2_Nu_B14","hypoxic","ambient","hypoxic","MEred",-0.0679498396083801
"244","H3_Nu_B18","hypoxic","ambient","hypoxic","MEred",-0.279208759176534
"245","H4_Nu_B28","hypoxic","ambient","hypoxic","MEred",0.0900269316692797
"246","H5_Nu_B35","hypoxic","ambient","hypoxic","MEred",0.364529068960424
"247","H6_Nu_B45","hypoxic","ambient","hypoxic","MEred",-0.149947436993358
"248","W1_Nu_G02","warm","warm","normoxic","MEred",0.28862303458386
"249","W2_Nu_G15","warm","warm","normoxic","MEred",-0.20420511764213
"250","W3_Nu_G21","warm","warm","normoxic","MEred",-0.297585960510866
"251","W4_Nu_G27","warm","warm","normoxic","MEred",0.0970890147186201
"252","W6_Nu_G41","warm","warm","normoxic","MEred",-0.15717382453486
"253","W6_Nu_G45","warm","warm","normoxic","MEred",0.179383868811169
