"dataset","total_genes","deg_numb","phase1","phase2","expr_high","comparison","DEG_count","results","stress_set","is_outlier","xaxis","comp1","comp2","lower","diff_treatment"
"bc_bb",204,31,"B","C","BC","BC vs. BB",204,"Immediate Exposure","Both",FALSE,"Same phase 1, different phase 2","bc","bb","bc vs. bb","Control"
"bc_bb",204,173,"B","B","BB","BC vs. BB",204,"Immediate Exposure","Both",FALSE,"Same phase 1, different phase 2","bc","bb","bc vs. bb","Both"
"bc_cc",281,187,"B","C","BC","BC vs. CC",281,"Previous Exposure","Control",TRUE,"Different phase 1, same phase 2","bc","cc","bc vs. cc","Both"
"bc_cc",281,94,"C","C","CC","BC vs. CC",281,"Previous Exposure","Control",TRUE,"Different phase 1, same phase 2","bc","cc","bc vs. cc","Control"
"bc_hc",134,35,"B","C","BC","BC vs. HC",134,"Previous Exposure","Control",FALSE,"Different phase 1, same phase 2","bc","hc","bc vs. hc","Both"
"bc_hc",134,99,"H","C","HC","BC vs. HC",134,"Previous Exposure","Control",FALSE,"Different phase 1, same phase 2","bc","hc","bc vs. hc","Hypoxic"
"bc_wc",194,41,"B","C","BC","BC vs. WC",194,"Previous Exposure","Control",FALSE,"Different phase 1, same phase 2","bc","wc","bc vs. wc","Both"
"bc_wc",194,153,"W","C","WC","BC vs. WC",194,"Previous Exposure","Control",FALSE,"Different phase 1, same phase 2","bc","wc","bc vs. wc","Warm"
"bh_bb",239,37,"B","H","BH","BH vs. BB",239,"Immediate Exposure","Both",FALSE,"Same phase 1, different phase 2","bh","bb","bh vs. bb","Hypoxic"
"bh_bb",239,202,"B","B","BB","BH vs. BB",239,"Immediate Exposure","Both",FALSE,"Same phase 1, different phase 2","bh","bb","bh vs. bb","Both"
"bh_bc",321,130,"B","H","BH","BH vs. BC",321,"Immediate Exposure","Both",FALSE,"Same phase 1, different phase 2","bh","bc","bh vs. bc","Hypoxic"
"bh_bc",321,191,"B","C","BC","BH vs. BC",321,"Immediate Exposure","Both",FALSE,"Same phase 1, different phase 2","bh","bc","bh vs. bc","Control"
"bh_bw",177,64,"B","H","BH","BH vs. BW",177,"Immediate Exposure","Both",FALSE,"Same phase 1, different phase 2","bh","bw","bh vs. bw","Hypoxic"
"bh_bw",177,113,"B","W","BW","BH vs. BW",177,"Immediate Exposure","Both",FALSE,"Same phase 1, different phase 2","bh","bw","bh vs. bw","Warm"
"bh_ch",222,78,"B","H","BH","BH vs. CH",222,"Previous Exposure","Hypoxic",FALSE,"Different phase 1, same phase 2","bh","ch","bh vs. ch","Both"
"bh_ch",222,144,"C","H","CH","BH vs. CH",222,"Previous Exposure","Hypoxic",FALSE,"Different phase 1, same phase 2","bh","ch","bh vs. ch","Control"
"bh_hh",222,100,"B","H","BH","BH vs. HH",222,"Previous Exposure","Hypoxic",FALSE,"Different phase 1, same phase 2","bh","hh","bh vs. hh","Both"
"bh_hh",222,122,"H","H","HH","BH vs. HH",222,"Previous Exposure","Hypoxic",FALSE,"Different phase 1, same phase 2","bh","hh","bh vs. hh","Hypoxic"
"bw_bb",110,28,"B","W","BW","BW vs. BB",110,"Immediate Exposure","Both",FALSE,"Same phase 1, different phase 2","bw","bb","bw vs. bb","Warm"
"bw_bb",110,82,"B","B","BB","BW vs. BB",110,"Immediate Exposure","Both",FALSE,"Same phase 1, different phase 2","bw","bb","bw vs. bb","Both"
"bw_bc",158,110,"B","W","BW","BW vs. BC",158,"Immediate Exposure","Both",FALSE,"Same phase 1, different phase 2","bw","bc","bw vs. bc","Warm"
"bw_bc",158,48,"B","C","BC","BW vs. BC",158,"Immediate Exposure","Both",FALSE,"Same phase 1, different phase 2","bw","bc","bw vs. bc","Control"
"bw_cw",123,37,"B","W","BW","BW vs. CW",123,"Previous Exposure","Warm",FALSE,"Different phase 1, same phase 2","bw","cw","bw vs. cw","Both"
"bw_cw",123,86,"C","W","CW","BW vs. CW",123,"Previous Exposure","Warm",FALSE,"Different phase 1, same phase 2","bw","cw","bw vs. cw","Control"
"bw_ww",118,31,"B","W","BW","BW vs. WW",118,"Previous Exposure","Warm",FALSE,"Different phase 1, same phase 2","bw","ww","bw vs. ww","Both"
"bw_ww",118,87,"W","W","WW","BW vs. WW",118,"Previous Exposure","Warm",FALSE,"Different phase 1, same phase 2","bw","ww","bw vs. ww","Warm"
"cb_bb",78,25,"C","B","CB","CB vs. BB",78,"Previous Exposure","Both",FALSE,"Different phase 1, same phase 2","cb","bb","cb vs. bb","Control"
"cb_bb",78,53,"B","B","BB","CB vs. BB",78,"Previous Exposure","Both",FALSE,"Different phase 1, same phase 2","cb","bb","cb vs. bb","Both"
"cb_cc",243,193,"C","B","CB","CB vs. CC",243,"Immediate Exposure","Control",FALSE,"Same phase 1, different phase 2","cb","cc","cb vs. cc","Both"
"cb_cc",243,50,"C","C","CC","CB vs. CC",243,"Immediate Exposure","Control",FALSE,"Same phase 1, different phase 2","cb","cc","cb vs. cc","Control"
"cb_ch",138,67,"C","B","CB","CB vs. CH",138,"Immediate Exposure","Control",FALSE,"Same phase 1, different phase 2","cb","ch","cb vs. ch","Both"
"cb_ch",138,71,"C","H","CH","CB vs. CH",138,"Immediate Exposure","Control",FALSE,"Same phase 1, different phase 2","cb","ch","cb vs. ch","Hypoxic"
"cb_cw",123,57,"C","B","CB","CB vs. CW",123,"Immediate Exposure","Control",FALSE,"Same phase 1, different phase 2","cb","cw","cb vs. cw","Both"
"cb_cw",123,66,"C","W","CW","CB vs. CW",123,"Immediate Exposure","Control",FALSE,"Same phase 1, different phase 2","cb","cw","cb vs. cw","Warm"
"ch_cc",185,132,"C","H","CH","CH vs. CC",185,"Immediate Exposure","Control",FALSE,"Same phase 1, different phase 2","ch","cc","ch vs. cc","Hypoxic"
"ch_cc",185,53,"C","C","CC","CH vs. CC",185,"Immediate Exposure","Control",FALSE,"Same phase 1, different phase 2","ch","cc","ch vs. cc","Control"
"cw_cc",428,374,"C","W","CW","CW vs. CC",428,"Immediate Exposure","Control",TRUE,"Same phase 1, different phase 2","cw","cc","cw vs. cc","Warm"
"cw_cc",428,54,"C","C","CC","CW vs. CC",428,"Immediate Exposure","Control",TRUE,"Same phase 1, different phase 2","cw","cc","cw vs. cc","Control"
"cw_ch",122,86,"C","W","CW","CW vs. CH",122,"Immediate Exposure","Control",FALSE,"Same phase 1, different phase 2","cw","ch","cw vs. ch","Warm"
"cw_ch",122,36,"C","H","CH","CW vs. CH",122,"Immediate Exposure","Control",FALSE,"Same phase 1, different phase 2","cw","ch","cw vs. ch","Hypoxic"
"hb_bb",92,37,"H","B","HB","HB vs. BB",92,"Previous Exposure","Both",FALSE,"Different phase 1, same phase 2","hb","bb","hb vs. bb","Hypoxic"
"hb_bb",92,55,"B","B","BB","HB vs. BB",92,"Previous Exposure","Both",FALSE,"Different phase 1, same phase 2","hb","bb","hb vs. bb","Both"
"hb_cb",78,47,"H","B","HB","HB vs. CB",78,"Previous Exposure","Both",FALSE,"Different phase 1, same phase 2","hb","cb","hb vs. cb","Hypoxic"
"hb_cb",78,31,"C","B","CB","HB vs. CB",78,"Previous Exposure","Both",FALSE,"Different phase 1, same phase 2","hb","cb","hb vs. cb","Control"
"hb_hc",199,136,"H","B","HB","HB vs. HC",199,"Immediate Exposure","Hypoxic",FALSE,"Same phase 1, different phase 2","hb","hc","hb vs. hc","Both"
"hb_hc",199,63,"H","C","HC","HB vs. HC",199,"Immediate Exposure","Hypoxic",FALSE,"Same phase 1, different phase 2","hb","hc","hb vs. hc","Control"
"hb_hh",193,140,"H","B","HB","HB vs. HH",193,"Immediate Exposure","Hypoxic",FALSE,"Same phase 1, different phase 2","hb","hh","hb vs. hh","Both"
"hb_hh",193,53,"H","H","HH","HB vs. HH",193,"Immediate Exposure","Hypoxic",FALSE,"Same phase 1, different phase 2","hb","hh","hb vs. hh","Hypoxic"
"hb_hw",140,78,"H","B","HB","HB vs. HW",140,"Immediate Exposure","Hypoxic",FALSE,"Same phase 1, different phase 2","hb","hw","hb vs. hw","Both"
"hb_hw",140,62,"H","W","HW","HB vs. HW",140,"Immediate Exposure","Hypoxic",FALSE,"Same phase 1, different phase 2","hb","hw","hb vs. hw","Warm"
"hc_cc",145,105,"H","C","HC","HC vs. CC",145,"Previous Exposure","Control",FALSE,"Different phase 1, same phase 2","hc","cc","hc vs. cc","Hypoxic"
"hc_cc",145,40,"C","C","CC","HC vs. CC",145,"Previous Exposure","Control",FALSE,"Different phase 1, same phase 2","hc","cc","hc vs. cc","Control"
"hc_hh",175,108,"H","C","HC","HC vs. HH",175,"Immediate Exposure","Hypoxic",FALSE,"Same phase 1, different phase 2","hc","hh","hc vs. hh","Control"
"hc_hh",175,67,"H","H","HH","HC vs. HH",175,"Immediate Exposure","Hypoxic",FALSE,"Same phase 1, different phase 2","hc","hh","hc vs. hh","Hypoxic"
"hh_ch",191,66,"H","H","HH","HH vs. CH",191,"Previous Exposure","Hypoxic",FALSE,"Different phase 1, same phase 2","hh","ch","hh vs. ch","Hypoxic"
"hh_ch",191,125,"C","H","CH","HH vs. CH",191,"Previous Exposure","Hypoxic",FALSE,"Different phase 1, same phase 2","hh","ch","hh vs. ch","Control"
"hw_bw",125,79,"H","W","HW","HW vs. BW",125,"Previous Exposure","Warm",FALSE,"Different phase 1, same phase 2","hw","bw","hw vs. bw","Hypoxic"
"hw_bw",125,46,"B","W","BW","HW vs. BW",125,"Previous Exposure","Warm",FALSE,"Different phase 1, same phase 2","hw","bw","hw vs. bw","Both"
"hw_cw",128,56,"H","W","HW","HW vs. CW",128,"Previous Exposure","Warm",FALSE,"Different phase 1, same phase 2","hw","cw","hw vs. cw","Hypoxic"
"hw_cw",128,72,"C","W","CW","HW vs. CW",128,"Previous Exposure","Warm",FALSE,"Different phase 1, same phase 2","hw","cw","hw vs. cw","Control"
"hw_hc",76,41,"H","W","HW","HW vs. HC",76,"Immediate Exposure","Hypoxic",FALSE,"Same phase 1, different phase 2","hw","hc","hw vs. hc","Warm"
"hw_hc",76,35,"H","C","HC","HW vs. HC",76,"Immediate Exposure","Hypoxic",FALSE,"Same phase 1, different phase 2","hw","hc","hw vs. hc","Control"
"hw_hh",214,164,"H","W","HW","HW vs. HH",214,"Immediate Exposure","Hypoxic",FALSE,"Same phase 1, different phase 2","hw","hh","hw vs. hh","Warm"
"hw_hh",214,50,"H","H","HH","HW vs. HH",214,"Immediate Exposure","Hypoxic",FALSE,"Same phase 1, different phase 2","hw","hh","hw vs. hh","Hypoxic"
"hw_ww",88,33,"H","W","HW","HW vs. WW",88,"Previous Exposure","Warm",FALSE,"Different phase 1, same phase 2","hw","ww","hw vs. ww","Hypoxic"
"hw_ww",88,55,"W","W","WW","HW vs. WW",88,"Previous Exposure","Warm",FALSE,"Different phase 1, same phase 2","hw","ww","hw vs. ww","Warm"
"wb_bb",54,33,"W","B","WB","WB vs. BB",54,"Previous Exposure","Both",FALSE,"Different phase 1, same phase 2","wb","bb","wb vs. bb","Warm"
"wb_bb",54,21,"B","B","BB","WB vs. BB",54,"Previous Exposure","Both",FALSE,"Different phase 1, same phase 2","wb","bb","wb vs. bb","Both"
"wb_cb",199,155,"W","B","WB","WB vs. CB",199,"Previous Exposure","Both",FALSE,"Different phase 1, same phase 2","wb","cb","wb vs. cb","Warm"
"wb_cb",199,44,"C","B","CB","WB vs. CB",199,"Previous Exposure","Both",FALSE,"Different phase 1, same phase 2","wb","cb","wb vs. cb","Control"
"wb_hb",163,101,"W","B","WB","WB vs. HB",163,"Previous Exposure","Both",FALSE,"Different phase 1, same phase 2","wb","hb","wb vs. hb","Warm"
"wb_hb",163,62,"H","B","HB","WB vs. HB",163,"Previous Exposure","Both",FALSE,"Different phase 1, same phase 2","wb","hb","wb vs. hb","Hypoxic"
"wb_wc",77,53,"W","B","WB","WB vs. WC",77,"Immediate Exposure","Warm",FALSE,"Same phase 1, different phase 2","wb","wc","wb vs. wc","Both"
"wb_wc",77,24,"W","C","WC","WB vs. WC",77,"Immediate Exposure","Warm",FALSE,"Same phase 1, different phase 2","wb","wc","wb vs. wc","Control"
"wb_wh",177,142,"W","B","WB","WB vs. WH",177,"Immediate Exposure","Warm",TRUE,"Same phase 1, different phase 2","wb","wh","wb vs. wh","Both"
"wb_wh",177,35,"W","H","WH","WB vs. WH",177,"Immediate Exposure","Warm",TRUE,"Same phase 1, different phase 2","wb","wh","wb vs. wh","Hypoxic"
"wb_ww",122,77,"W","B","WB","WB vs. WW",122,"Immediate Exposure","Warm",FALSE,"Same phase 1, different phase 2","wb","ww","wb vs. ww","Both"
"wb_ww",122,45,"W","W","WW","WB vs. WW",122,"Immediate Exposure","Warm",FALSE,"Same phase 1, different phase 2","wb","ww","wb vs. ww","Warm"
"wc_cc",167,136,"W","C","WC","WC vs. CC",167,"Previous Exposure","Control",FALSE,"Different phase 1, same phase 2","wc","cc","wc vs. cc","Warm"
"wc_cc",167,31,"C","C","CC","WC vs. CC",167,"Previous Exposure","Control",FALSE,"Different phase 1, same phase 2","wc","cc","wc vs. cc","Control"
"wc_hc",83,51,"W","C","WC","WC vs. HC",83,"Previous Exposure","Control",FALSE,"Different phase 1, same phase 2","wc","hc","wc vs. hc","Warm"
"wc_hc",83,32,"H","C","HC","WC vs. HC",83,"Previous Exposure","Control",FALSE,"Different phase 1, same phase 2","wc","hc","wc vs. hc","Hypoxic"
"wc_ww",78,25,"W","C","WC","WC vs. WW",78,"Immediate Exposure","Warm",FALSE,"Same phase 1, different phase 2","wc","ww","wc vs. ww","Control"
"wc_ww",78,53,"W","W","WW","WC vs. WW",78,"Immediate Exposure","Warm",FALSE,"Same phase 1, different phase 2","wc","ww","wc vs. ww","Warm"
"wh_bh",88,51,"W","H","WH","WH vs. BH",88,"Previous Exposure","Hypoxic",FALSE,"Different phase 1, same phase 2","wh","bh","wh vs. bh","Warm"
"wh_bh",88,37,"B","H","BH","WH vs. BH",88,"Previous Exposure","Hypoxic",FALSE,"Different phase 1, same phase 2","wh","bh","wh vs. bh","Both"
"wh_ch",76,41,"W","H","WH","WH vs. CH",76,"Previous Exposure","Hypoxic",FALSE,"Different phase 1, same phase 2","wh","ch","wh vs. ch","Warm"
"wh_ch",76,35,"C","H","CH","WH vs. CH",76,"Previous Exposure","Hypoxic",FALSE,"Different phase 1, same phase 2","wh","ch","wh vs. ch","Control"
"wh_hh",135,84,"W","H","WH","WH vs. HH",135,"Previous Exposure","Hypoxic",FALSE,"Different phase 1, same phase 2","wh","hh","wh vs. hh","Warm"
"wh_hh",135,51,"H","H","HH","WH vs. HH",135,"Previous Exposure","Hypoxic",FALSE,"Different phase 1, same phase 2","wh","hh","wh vs. hh","Hypoxic"
"wh_wc",82,35,"W","H","WH","WH vs. WC",82,"Immediate Exposure","Warm",FALSE,"Same phase 1, different phase 2","wh","wc","wh vs. wc","Hypoxic"
"wh_wc",82,47,"W","C","WC","WH vs. WC",82,"Immediate Exposure","Warm",FALSE,"Same phase 1, different phase 2","wh","wc","wh vs. wc","Control"
"wh_ww",74,19,"W","H","WH","WH vs. WW",74,"Immediate Exposure","Warm",FALSE,"Same phase 1, different phase 2","wh","ww","wh vs. ww","Hypoxic"
"wh_ww",74,55,"W","W","WW","WH vs. WW",74,"Immediate Exposure","Warm",FALSE,"Same phase 1, different phase 2","wh","ww","wh vs. ww","Warm"
"ww_cw",47,29,"W","W","WW","WW vs. CW",47,"Previous Exposure","Warm",TRUE,"Different phase 1, same phase 2","ww","cw","ww vs. cw","Warm"
"ww_cw",47,18,"C","W","CW","WW vs. CW",47,"Previous Exposure","Warm",TRUE,"Different phase 1, same phase 2","ww","cw","ww vs. cw","Control"
