"","MEgrey60","MElightcyan","MEblue","MEyellow","MEblack","MEmagenta","MEpink","MEcyan","MEred","MEbrown","MEgreen","MEsalmon","MEturquoise","MEmidnightblue","MEpurple"
"B1_B1_O01",0.0743474335473247,-0.0431806920358684,-0.0630919741009261,-0.0980681273789187,0.0698571060582023,-0.0106342939506355,-0.0137445361751987,-0.0146273749924736,0.113939211665241,0.0358539716995146,0.0715592574176205,0.103431017391633,-0.0567496461382187,0.0099209997060367,-0.062483774457002
"B1_W5_O50",0.0754929452296599,-0.00669941696678256,0.0686504885262307,-0.0354115628075916,-0.0254373270914882,0.0895108209697236,-0.0515947496002949,-0.0458843127102729,-0.0893053946322645,-0.110507010131483,0.00412105205837021,0.0546643062451045,0.0245060879255506,-0.118209930445169,0.113104667103676
"B2_B5_O51",0.120387335710684,-0.02455590177355,0.0789873434408998,0.0058412177512781,0.0779384015666597,0.137404506931885,0.0210391625968008,0.646436582807307,0.175111664344628,-0.188894973921332,-0.0763766313816978,0.0319029909377532,0.0530588633062093,-0.0837262306569704,-0.0876252459318022
"B2_C4_O40",0.0481909452260519,0.0641971616481145,-0.00740403174936021,-0.0827287973305292,-0.111022616561777,-0.0805293727929563,-0.0331251420499422,-0.0465199042579403,-0.0639648258503205,0.0757334769967093,0.0426433896881332,0.110886747427272,-0.00359126314980108,-0.106266581736351,0.0945272614841256
"B3_B4_O41",0.0195106478816932,-0.0229696803206523,0.0723458032897285,-0.0264128909076379,0.0553836799628181,0.0967489998727864,-0.021979439276718,-0.0488442342799599,-0.0785877390666107,-0.151284847500218,-0.0297372183662598,0.0575933050341668,0.0327602267373577,-0.130490933843709,0.0997647862533969
"B3_C3_O30",-0.0152453993006732,0.101758830976908,0.108273915914329,0.13225727864945,-0.0931006740899975,-0.00805311434173116,-0.026910629411385,-0.0545761571220304,-0.0796424770673008,-0.101547930298579,-0.189810608810497,-0.0617710042742389,-0.02104190897782,-0.0129325435881668,0.10766239530045
"B3_C6_O66",-0.0226346043886825,-0.00807318704390304,0.114901387813843,-0.0178852700890497,-0.0587905269710116,0.0239134626653846,-0.0334029755173898,-0.0396262286805926,-0.0589174284696416,-0.06167809063776,-0.0525554760892511,-0.023606980079258,0.172740972944637,-0.0888787679531286,-0.0798179115938832
"B3_H4_O41",0.0445784180503133,-0.0317733395377588,-0.167204854809459,-0.107979524291544,0.0766734989561904,-0.0657086570131454,-0.0683628390304147,-0.0617837951507512,-0.09274032360325,0.0832516157668787,0.127231680238771,-0.117258358722797,-0.051613428318459,0.179648609526934,-0.0989877190654847
"B3_W1_O06",0.109632588969648,-0.0673039716600859,-0.178944285100317,-0.00646908914230442,0.297608721543156,0.0282884272236934,-0.0469200712743005,-0.052637131238205,-0.0586671462622964,-0.0477442576737636,0.140394479243841,0.0213578058605384,-0.0650277652483637,0.195865512531273,0.191453209294997
"B3_W4_O41",-0.0314879597918026,-0.010453988979226,-0.0591031873856931,-0.105184388556673,-0.0597335842002497,-0.0490594989897413,-0.029137068969464,-0.020407866937511,-0.0554228619420695,0.135538656648235,0.153339357294263,0.120078352091292,-0.0655963248329678,-0.0833352880550899,-0.0761829326551514
"B4_B2_O19",-0.0966396791870136,-0.00368069238113229,-0.0353540773255647,0.0350180403784059,-0.0477139831980407,-0.0781160582392698,-0.026389050585646,-0.0386564344829983,0.0824188113371431,0.0583779772610395,-0.0458869075654512,-0.00335801765350894,-0.0491144624318844,0.0761023713998497,0.126728115137036
"B4_B3_O32",-0.240211299234089,-0.263301848119548,-0.0912559278271894,0.0195714710998489,0.0965460584149301,0.014896074960326,0.232980400639457,-0.0231910453977243,-0.0133668876793535,-0.04338726211516,0.0369722094005282,0.0082770161448764,0.272972734191702,0.137673887951494,-0.0519326975353372
"B4_C5_O56",-0.0578337552126671,-0.0723179493472126,0.250409749259264,0.0393557911455323,-0.00349346400960748,0.129950702720129,-0.0400487348433019,0.0549269094178904,-0.0700445298946021,-0.221800184565764,-0.10272726433732,-0.0342567793027857,0.199265863520258,-0.221394951866859,-0.129566943899691
"B4_H5_O55",0.303628862300515,0.244808762455095,-0.0198645163828702,0.230831852185319,0.0191274975427589,-0.0657362516672789,-0.0379728439317552,-0.0431719741514602,-0.072009994222596,0.0445857093946336,-0.0739992470957979,-0.318699710623095,-0.0780672039473816,0.291023616532514,-0.0998501629525117
"B4_W2_O19",-0.00949848756620486,-0.069208607477891,-0.100797489184309,-0.147549300409787,-0.0517029008378153,-0.063781346040396,-0.0238864336853644,-0.04767862495072,0.0821505156179913,0.121384510335339,0.12817410739647,0.0760637013874397,0.0182342299821822,0.0319551477902427,0.17949121722435
"B4_W6_O67",-0.01672650526391,-0.0125342097821339,0.0401016815593141,0.163171655270683,0.11072581536821,0.172401420437833,-0.0310424123481611,0.0630743194075372,-0.0609495626970481,-0.188730989238605,-0.0697462946865396,-0.0305031720036075,-0.0463198033818811,-0.00262507127188015,-0.0921585897111174
"B5_B6_O69",-0.174071805879376,-0.0815748592609922,-0.033948470500755,-0.00838440279428404,-0.0335459015558565,-0.0419362267290258,0.00348725547289936,-0.00102993183588296,0.186885531441299,0.0430082663234275,-0.0551183419822641,0.0152939350804586,0.121356236724354,0.0177104936346745,0.128952993190456
"B5_H2_O21",0.0788861056689119,0.0416150875463977,-0.137939828342213,-0.0326587972371282,0.0272950303383576,-0.0657104141322253,-0.0258162884258896,-0.0270891359880689,-0.0527347913074551,0.105854283358749,0.135513608290243,-0.194677537394187,-0.0377671913246966,0.133355890648586,-0.0813972178434203
"B5_W3_O33",0.0149663444233447,-0.114104436984705,-0.239555153576544,-0.16102785478077,0.13109651441454,0.0308887084042282,0.0189602144177302,0.0553098340324815,0.247412854451124,0.138446412173623,0.198943328883909,-0.0502798260998958,-0.0487655817726294,0.0839609621760951,-0.0676509696242669
"B6_C2_O24",-0.123630426632591,0.0467894205828194,0.106933201950502,-0.00110898980152181,-0.149601529574017,-0.0288127838009575,-0.029411278870121,-0.0281150102411973,-0.0720800964998812,0.0645434956486805,-0.00611336626195477,0.0263906561445372,-0.100733006600774,-0.109268589174186,-0.0342399136886668
"B6_H3_O35",-0.0913473018006043,-0.0990113130383544,0.0601390993214091,-0.0395831574875354,0.0831315401870292,0.130856192171667,-0.0334843208561539,-0.028218687153749,-0.07404413026904,-0.0735030118583872,0.0081048101159006,0.0908585131307809,-0.0830531133539828,-0.112431467359231,-0.0628366496119572
"B6_H6_O72",0.103877723794881,-0.0736770231207752,-0.0704348185076498,-0.110478801410748,0.0508972478160542,0.0532511395741859,0.0189959709695219,-0.000368035658990871,0.258466639430996,-0.0143001181454428,0.135718681646469,0.0739158216405432,-0.0619529582778644,-0.00615706936932368,-0.0529023576205702
"C2_W5_W52",-0.0294908724772686,0.0790064831571127,0.0717959132944534,0.0504678077905136,-0.0965283166203224,-0.0510433081026719,0.0424944192046527,0.377224206799829,0.187096178701461,0.0233689695460789,-0.0875829040630729,-0.0174081667745206,-0.0542357726839246,-0.0603854951480646,-0.0664008297988981
"C1_H2_W13",0.114185992412129,0.0770781981245816,-0.0545714639318898,-0.0751435422547716,0.010507582520821,-0.0593285761931251,-0.0288390395633381,-0.0208791175554775,-0.0570933051476857,0.0961818772908084,0.0932918110879086,-0.127769783242232,-0.0823859664928967,0.0477127643238974,-0.0884005337392059
"C1_H6_W62",-0.0107867754497927,-0.0254664598318673,0.0504137580562638,0.0767036353404164,0.0391055720407213,0.0856116653567364,0.444934741171318,-0.0639386912225722,-0.0337647189456802,-0.147894493736597,-0.0170687154513571,0.0439490543150999,-0.0328730095761557,0.0172865868696981,0.12530093218929
"C2_B2_W16",-0.0466673222831764,-0.0347579302142119,-0.0862633497542097,-0.0149122107437339,-0.0286932072279085,-0.090120481491312,-0.0403767530457101,-0.0392464383223807,-0.0548874853081849,0.0958540815983243,0.0374163352132304,0.099713464218684,-0.0438598335984794,0.0873928230747391,0.187766694502442
"C2_C1_W03",0.0103578952830107,0.0938076509404097,-0.0529681651685691,0.00839496709748339,-0.0709133912621095,-0.0491693834058075,-0.0353563873345748,-0.00399977463320231,-0.0475814622168029,0.113806592617892,0.0126179585942364,0.085957698716581,-0.0591351531456808,0.0133764740848712,-0.0566981599429065
"C2_H1_W04",-0.0386078668644173,-0.00508254838021381,0.106572599063511,0.0549807765297696,-0.03653518999585,-0.0748382974875279,-0.0266129468374321,-0.0265323089987556,-0.0417502424708223,-0.0452512386407191,-0.084681619853302,-0.128376101542255,0.140575614552479,-0.0540749195126147,-0.0901451882681285
"C2_W2_W15",0.0175080926473591,0.0208349930363033,-0.0100951057039317,0.0457070845218477,-0.137291002534552,-0.0967397988582481,0.0548473912941992,0.0434715265085188,-0.00586961225883847,0.0627957804952472,-0.065911506636945,0.020992901484014,0.165530864162818,-0.0084463848117376,-0.113637290136483
"C3_B3_W30",0.101198887477082,0.0429626686645074,-0.0233710048236165,0.0429096018949039,-0.0167536465173513,-0.035827356358613,-0.0320712147565303,-0.0442767724246444,0.125511539044934,-0.0010638355290949,-0.0633633138350983,0.0540396427463124,-0.0478583374888199,0.0538343619267794,0.168326889996
"C3_C2_W17",-0.119796516003385,0.133979801895643,0.164279738802566,0.124843964504932,-0.213302477953124,-0.097670767916618,-0.0539510178241998,-0.0557241854571701,-0.0903180793988867,0.0410103349422233,-0.13778557425681,-0.0352934383591713,-0.0624801605094079,-0.091020330141649,0.105061635523586
"C3_W3_W29",-0.220630468614477,-0.287961919193673,-0.211391534412397,-0.129606708069963,0.101723855813064,0.00132766530625478,-0.0138445549316802,-0.0315174600250234,-0.0253850508476447,0.0449658066761577,0.182827055706953,0.125230212589313,0.315088780326395,0.0132307679658668,0.14148183380412
"C4_B1_W07",-0.081877780264448,-0.100966731689335,-0.105224343894496,0.0093090987394078,0.0488423461100231,-0.0617693178388424,-0.0149810103669644,-0.0345694312878007,0.199236514730733,0.0269719029743621,0.00493524962254727,0.070391607893103,0.0880293032239915,0.152246660610516,0.183257803199689
"C4_B5_W56",-0.260416805330071,-0.1360087239388,0.0909826202086415,0.189953421337574,0.129013489429195,0.2878840790913,-0.0369896642391674,-0.024326061742878,-0.0580078833812989,-0.226717014920521,-0.198283722396111,-0.103502161388234,0.118124779430841,-0.00530617461679441,-0.0640347706022231
"C4_C6_W67",0.0891572601907926,0.0209977886279194,0.0219356551727276,-0.0242678408161079,0.0224164107332384,0.0302614965786315,0.0272531535495434,-0.0210121317854803,-0.0364017162229898,-0.0348866838579018,0.0242003272043365,0.0517469681885337,-0.0804167177117815,-0.00836166334595616,-0.0824679457782832
"C4_H5_W56",0.139287833202611,0.00015584865809178,-0.138415611859338,-0.142513061248358,-0.0146237869402514,-0.0595315934387798,-0.0343809577533893,-0.0538475216469402,-0.0660867336256994,0.118315447881267,0.160723672486691,0.161531577109876,-0.083412487481608,0.0396090928271872,0.22305208711684
"C5_B4_W46",0.0845299000765747,-0.0126535423799165,-0.0294417744281083,0.0481662154142192,0.201844585078373,0.0938357932823918,-0.0300352632267677,-0.0265593445780096,-0.0591223929534636,-0.0837993823126771,-8.84031774188996e-06,-0.242827600974896,-0.048066661359652,0.0883054263173409,-0.0861438087879599
"C5_C3_W33",-0.0400906463205733,0.185186718141805,0.150020269032063,0.122009105263282,-0.184147071791481,-0.0866775425022451,-0.0597572700518007,-0.0550256293259265,-0.0788791917355029,0.03640920417776,-0.234395050306165,-0.0571962445819087,-0.0635530355287249,-0.0278525560441491,0.119972351225305
"C5_W1_W09",0.0656709152911,0.0913182831414182,-0.00132898479868812,-0.0250444042577619,-0.108571255051258,-0.109113854259931,-0.047989860929759,-0.0419966107327341,-0.0794832012064348,0.117723027977544,-0.024440146504469,0.0684183341271552,-0.0673861413951213,-0.0101710344067385,0.153897681852622
"C5_W4_W45",0.0106554706141597,0.00363065833096793,0.046557817161102,-0.0973818696690476,-0.130055984092173,-0.0372042115377012,-0.0405859681228689,-0.0509268802176723,-0.0805110899389162,0.0404021062653213,-0.0052903012794842,0.044720861360855,0.142345081198012,-0.112695012050407,0.0636058082767945
"C6_B6_W71",0.0936950301694771,-0.0269449459858357,0.00800128256805966,0.0040360435794224,0.094993716931179,0.085384627464181,-0.0311622803438546,-0.0162844184768612,-0.0560348619905274,-0.108420844108775,-0.0128403463168596,0.00814575803961186,0.105946343017486,-0.0333266801840008,-0.0845075542820625
"C6_C5_W59",-0.00463631661990709,0.0813384471589942,0.0988338518484676,-0.0307560437181761,-0.163386348630057,-0.0633566038276156,0.0158908432676072,0.12017833251314,0.224811324348718,0.0684143181596443,-0.0497502565849408,0.0152824894503381,-0.0538371306350025,-0.104946603977224,-0.0698254087693072
"C6_H3_W36",-0.100394379962969,-0.109239258158892,0.0282592790050721,-0.132110309705983,0.0560923212492567,0.00560092327944258,-0.0481543031992493,-0.0541070030142205,-0.0615260438161667,-0.0085142928580959,0.0226496742926122,0.106219028285225,-0.0739106660435725,-0.0739747084937432,0.138961129046223
"C6_H4_W48",0.141474437834826,0.0453158757603195,0.0217126448104696,-0.135279285938723,0.0239621068988182,0.0208206960427355,-0.0463876695097103,-0.0207788209245772,-0.0626236977196488,0.000405030922427339,0.101862846786623,0.109824982659556,-0.0981002831524693,-0.0877449473272136,-0.0741844288775471
"C6_W6_W72",-0.0710345716906237,-0.126838558519381,-0.166928123243419,-0.0623377831630234,0.154981016987449,0.0132545358057503,-0.0161979294659905,-0.0165469913778788,-0.0365579350592202,0.0713576522485797,0.163581643441347,-0.0798731409117467,0.056283764370262,0.131131528136894,-0.070925903490691
"H1_B2_B13",-0.135213704134678,-0.191616598142184,-0.14184625695934,-0.0269899965909598,0.147259871710014,0.0148771902030232,-0.0162691552224912,-0.0456558039143213,0.190077133220138,-0.00245470712927549,0.00740888887741954,0.0266078890485201,0.142704280009483,0.197012347962447,0.135886798022189
"H1_B6_B61",0.150127048248991,0.0171501026595149,-0.0856257553320311,-0.0417031384152001,0.134568278828431,0.0211113384453263,-0.0160985099920102,-0.0333286511451647,0.0487930895168699,0.028127201868582,0.118175418080023,0.126492026340559,-0.0766203038191345,-0.00143930420851859,-0.0528618615045773
"H1_C6_B62",-0.0513697553757046,-0.107818438695159,0.118882162046222,-0.00193118453846801,0.0919119983102641,0.21991661689647,-0.0338006687778165,-0.025950082900144,-0.0692656163177889,-0.192826949881492,-7.17637406285436e-05,0.0308908193156469,-0.0798473353457629,-0.130441916178311,-0.0728111937832164
"H1_W4_B38",-0.0880151182853463,0.0606031245192883,0.0245395169547069,0.0779442679771474,-0.136645008145744,-0.130184508967282,-0.0460411129442419,-0.0399070020305443,-0.0608212118925152,0.0662432090787596,-0.0839617120722796,-0.110093606131602,0.158948442708703,0.0127883801669443,0.122822159323762
"H1_W5_B49",0.120720946274619,-0.123564603622399,0.0107808268871007,-0.239636495625168,0.11225193736098,0.381572055821985,-0.0632843438790751,-0.0654894314341214,-0.113478845527946,-0.204151892663119,0.108747754132518,0.147757199803619,-0.116237115904498,-0.145538364234441,-0.114682441280627
"H2_B5_B51",-0.0601700100158939,-0.110710239875052,0.195452147886926,0.119080739650883,0.140328349862662,0.398809000691614,-0.00683698507108904,0.0247074836361524,-0.0723080261556308,-0.280778218700152,-0.120481317736077,0.000467433134875078,-0.0701005719964262,-0.132792493484706,-0.073703531726942
"H2_C1_B04",0.109656977829921,0.201506609073337,0.133864845493034,0.000192465407673427,-0.202566915238199,-0.109884374370366,-0.0569075628524903,-0.0402714124119993,-0.0881557111683362,0.0789075112569487,-0.0718823790876263,0.0375877294811292,-0.0895216396108165,-0.143153733588512,0.123006733908029
"H2_H1_B03",-0.0132570248878925,0.101431731048539,0.116967477850145,0.047002997719267,-0.0656646165226252,-0.0845369856968148,-0.0315038487049223,-0.0244761909266918,-0.0725136333580316,0.0138459714911055,-0.0579098108787932,0.060044139259957,-0.0936689292185937,-0.0709170144138489,-0.0618570896456628
"H2_W2_B16",-0.156562427734431,-0.0233905310977104,0.0151215540245876,0.0609283371604653,-0.0892131164348648,-0.0296742450879688,-0.0382083880420689,-0.0590135251751601,-0.0689623107872049,0.0734752545452536,-0.00437604144765678,-0.0218212946105195,0.0157344367031664,0.0269090957020398,0.182911447545027
"H3_B4_B41",-0.176870964098308,0.0753238436242725,0.0292006595421141,0.440151696620987,-0.0119278463524705,-0.117415791320025,-0.0277828514735033,-0.0665143167948864,-0.0834464919083278,-0.0191863371895509,-0.205758875148329,-0.202628940720162,0.133272049199544,0.196623438296058,0.112511910738543
"H3_C5_B54",-0.118544287496979,-0.0284755795505248,0.17218949928398,0.0596237298361572,0.00770789117933431,0.121691998176641,-0.0509141321291353,-0.0632572723342417,-0.0847338999623759,-0.18737141004146,-0.14335022902333,-0.0187225628330431,-0.0587964581166722,-0.0979369259776462,0.149589597486431
"H3_H4_B41",0.14981080592061,0.0450771190448278,-0.0258599308188598,-0.146966354622176,-0.0271593025218877,-0.0899829358854567,-0.0645878946061042,-0.0702584240044052,-0.10139208121381,0.036909835791274,0.0280143771850724,-0.0327720055091917,0.055038396801675,-0.00983563705745556,0.0571156586981901
"H3_H6_B66",0.0651686994829213,0.0493351568194529,-0.0716614765750424,-0.0482256948635982,-0.0385577745846725,-0.0871414114070298,-0.0168248176795863,-0.00795544800396139,-0.0524452682819604,0.130765260896235,0.0675656709340827,0.0916446279826636,-0.0831439659508934,0.0383575835807062,-0.066973665034189
"H3_W3_B30",-0.237946714745535,-0.339583329275643,-0.211311773031261,-0.0755232859403263,0.330051571831981,0.0787670401521943,-0.00358201685267198,0.0361566971070442,0.15544741959306,-0.0228735153500842,0.142325403914291,0.095908764922783,0.000294443505559332,0.176331655059977,-0.0298732150786663
"H3_W6_B66",-0.0117510471363107,0.0789366944964318,0.129556822174834,0.178575296479315,-0.0292922501425891,0.142779369069199,-0.0298925026315613,-0.0297225427972858,-0.0765166996908928,-0.116264311256008,-0.0706719758594139,-0.015382165596079,-0.0900606299348057,-0.0559514201866471,-0.0821138580136983
"H4_H2_B19",0.0986550121775563,0.0945911998921075,-0.101631948966466,-0.00278458116303282,0.0470366337479883,-0.0179155575659923,-0.0387190134422189,-0.0558897974948583,0.0866913001343138,0.00346390057866157,-0.00931939163748324,0.0223664779428826,0.000581324637110729,0.109640995507138,0.144879502374677
"H4_W1_B07",0.0958179599997276,0.0235705057368446,-0.10249166623995,-0.169566329698417,-0.0592102794647369,-0.0448901143880469,0.0119463168679442,-0.000398965025677855,0.138838366778748,0.134623160231518,0.203543093421318,0.151367910240286,-0.0780267380736817,-0.0939248714542386,-0.0429739745767629
"H5_B1_B09",0.016850144655747,-0.0469452546694261,-0.0493957023701133,-0.0861213025512367,0.0595764285945988,-0.0612748863721272,0.235132364550538,-0.0194806639381577,-0.0296853833447743,0.0495183795219616,0.12857094205491,0.163035082620513,-0.0725645366867347,-0.0710264569530859,-0.0670880034236513
"H5_B3_B34",-0.00849307484053639,-0.114851059807865,-0.159844264596837,-0.059477135778814,0.083050763711443,-0.0570101690918119,-0.0262011256319204,-0.0577931307989525,-0.0445596418899027,0.0410508257504109,0.0830891420719535,0.083706320675378,0.0522354551106348,0.158517156798025,0.191433192110364
"H5_C2_B22",0.0677662276268901,0.199785518319672,0.118079013592271,0.0851591559125845,-0.146237409935731,-0.0859965609895324,-0.0338938709683102,0.22477660176118,-0.0505410975614384,0.0340311781924188,-0.124718049333602,0.00383853118753041,-0.0747541616651937,-0.0535658919522845,-0.0868773973216894
"H5_C4_B46",0.154441979258748,0.0776482746213364,0.0476227287845517,-0.0576195875353708,-0.037917475939964,0.0260348741948335,-0.0310895856680824,-0.0270625804835539,0.206402654869117,-0.0409133108369388,0.00988608162634446,0.0637966656090198,-0.0703046152470622,-0.0717873136360598,-0.068559550982528
"H6_C3_B36",-0.0802389507940925,0.0485945322973679,0.0822888056811762,0.0356895019639368,-0.172168591431965,-0.101579266785587,0.0166090371731662,-0.0548110570667732,0.000575620070400283,0.0327229214706953,-0.0823272678687751,-0.0903685085375118,0.117706820229758,-0.11209963992546,0.128971759121689
"H6_H3_B35",0.055427299431379,0.0903335146041573,0.0590798717148444,0.0338385835255251,0.0632466953847483,-0.01675358371945,-0.0318555719671357,-0.0145493568796471,-0.0646033908902532,-0.025203398215417,-0.0728618166533642,0.0449204935515543,-0.0769577929379223,-0.0315683461792248,-0.0730408511908073
"W1_C1_G02",-0.0367582516092218,0.0153425260761695,0.0726558406297454,-0.0487249329794809,-0.15966027228399,-0.0712978761534682,-0.0334894381981435,-0.018428107730443,-0.063715139759469,0.0504052091518252,0.0181265591857906,0.00686359546382866,0.156903460000022,-0.150201366968666,-0.0883509661539587
"W1_C6_G61",-0.0829759038076044,-0.0400159926817005,0.143068075911029,0.116225340456014,0.0183744295739451,0.139602819270747,-0.00737811804210809,-0.0459285297202372,0.11977974491485,-0.232467786203069,-0.19473085567642,-0.0804337550474128,-0.0014862668940194,-0.030427884539867,0.124719399528656
"W1_H5_G49",0.115772443277093,0.0731430779464784,0.0149378592968014,-0.103031250835312,-0.0563258045508626,-0.0613778215323349,-0.0451504278177194,-0.0406776181717257,-0.0366139566226314,0.0526680846585944,0.0190659539460387,-0.105156785131532,0.023410629587051,-0.0665131883116941,0.0968204089630853
"W1_W1_G01",-0.063030659952856,0.0925377106182708,0.0217736618785624,0.0953457118465455,-0.129302488819125,-0.0853304531963506,-0.0368958221605235,-0.0140300655220747,-0.048371088747302,0.100830673015548,-0.0122444184015223,0.0501265995145741,-0.0777102905601082,-0.0226875005068512,-0.0440614012937108
"W1_W6_G62",0.0511095636266989,0.0803147919442071,-0.0242708849098793,0.00308441559860382,-0.0415661828883415,-0.0426361498920511,-0.0230451114359544,0.083017124595155,-0.0567590300090532,0.113015564607174,0.0285241386133562,-0.0175487252286146,-0.0730539184391717,0.0477948908771963,-0.0673244329068903
"W2_B1_G04",-0.118607954786195,0.0406403770867075,0.0207053378448559,0.274070107178027,0.059864788194542,-0.0843583524819487,-0.00131074396907823,-0.0342538312197148,0.208997703938167,-0.0974642523143586,-0.28459500554222,-0.429119987941531,0.171665789748696,0.312724683419113,-0.113492444654802
"W2_B6_G64",-0.0304767025723369,-0.165028913961561,0.0943095261825924,-0.0547458771106045,0.153843150941576,0.261165116338398,0.052856700536901,0.292341515168727,0.130643461430714,-0.249077872848625,-0.00333474222792242,-0.0879162341477038,0.0529253755745758,-0.130224071726726,-0.0868806259681002
"W2_C2_G15",-0.02335882642265,0.216555740747566,0.178047493434031,0.204701108389963,-0.188404431863725,-0.103224538439368,-0.0360061952660547,-0.0339974173551277,-0.0727898388449717,0.0718664313186723,-0.154069772012958,-0.101700170262493,-0.0869783732089589,-0.0637274975707054,-0.0902044926437374
"W3_B5_G54",0.02573590126069,-0.00723477631504227,-0.0323041627975514,0.041489894814022,0.0297193639103558,0.00387940065674418,0.658436359361899,0.298901460019007,0.364166389150865,0.00753060658144323,-0.0439873487414901,-0.0790731639125468,-0.0256487190226339,0.0706354418108619,-0.0632114822579034
"W3_C3_G29",0.0977147986790421,0.124087187897459,0.0580190645027698,0.0181712591904072,-0.0836364578259785,-0.0270669964228641,-0.0248672100660348,-0.0404272981811359,0.111701902010765,-0.00331081127906218,-0.0484718753672664,-0.0931941425551575,-0.0447630486860693,-0.0502070089439875,-0.0952077246488545
"W3_H2_G18",-0.0113642425629618,-0.0245288542942587,-0.0220760193008342,-0.0190828122329782,-0.0140905555325843,-0.0188836141726112,-0.0147667615815238,-0.018785776554137,-0.0334047980357305,0.0484538061222978,0.0861228989946902,0.0309690098448611,-0.0684711642013131,0.0468726574076463,-0.0255750283756791
"W3_H3_G30",0.0241585463567005,0.0162070716356542,0.00687613384462326,-0.0491762510419542,0.0644118351396172,-0.0222405450086311,-0.0258947638977593,-0.032289719285779,-0.0628422991402939,-0.00745502294471597,-0.0109938509153532,0.0857870674292519,-0.0614123640929269,-0.0461943242364525,0.112120823802533
"W4_C5_G55",0.0541897545245312,-0.0623398698650659,0.133558776898775,0.0163391806796435,0.0658421574893291,0.165549962962891,0.397915276934211,0.254098273177414,0.032861887645548,-0.189592952342228,-0.0654150257211955,-0.119146491114132,-0.0580737133604488,-0.0642665137093439,-0.0813245626078782
"W4_H1_G08",0.0405064936050641,-0.0618845001384019,-0.089868803052091,-0.134186156628089,0.0654385532336632,-0.0203112258878822,-0.0256055029358822,-0.0255682245986944,-0.0590173163334718,0.0737450712675285,0.155302006485074,0.102587310692552,-0.0820692726263916,0.0568539004144448,-0.0491332726506947
"W4_W5_G56",-0.0325817802062249,-0.0171665140949514,-0.0968017350474203,0.0336147343692597,-0.0112642342331719,-0.111442264609829,-0.0283137461100943,-0.0632298050706255,0.0548356353299114,0.0391198716121018,-0.0303686857911791,-0.160489697857692,0.286918015581243,0.13196454981869,0.079620671828963
"W5_B2_G21",-0.136448799027904,-0.11599132417653,-0.178864067985615,-0.0845465655163973,0.0762146348965566,-0.0422449584457708,-0.0189851236986541,-0.01493533573887,-0.0522726000042844,0.154796904087877,0.160076099251001,0.116201582482005,-0.0770359561510314,0.124220194633847,-0.0146855902076509
"W5_C4_G45",0.0278070687844998,0.158306868188296,0.154309754445673,0.0454448136588445,-0.0756511595026903,0.0249431377691241,-0.0479621560061222,-0.0335142284209435,-0.070090123911836,-0.0709086229210139,-0.140165466663975,0.0158141135344916,-0.0877220410325589,-0.0690115278789054,-0.0949697554648035
"W5_H4_G46",0.219363444074434,0.0594917270440409,-0.114307951268832,-0.0894999136523652,0.0120744058122492,-0.0549762533801909,0.0213104561708779,0.000620988888878855,0.112650427828322,0.0837091956632045,0.0720410135692137,0.0854655468747818,-0.0437811913176966,0.0867951945384002,-0.0725733230048282
"W5_W2_G22",0.0556641102189776,-0.00147776471724287,-0.123352122467256,-0.0430221664960893,-0.0293682485059564,-0.0610082795546754,-0.0268594912924346,-0.0102970693669359,0.0802408783539468,0.122883848629473,0.1241404662976,0.116439168835875,-0.0636599246318146,0.0550017516373196,-0.0565763303650722
"W6_B3_G35",0.0664871128157222,0.0038271738177301,-0.150845751265025,-0.0196746536776352,0.0817584707290154,-0.0553033628399662,-0.0271743924440057,-0.0212480189123294,-0.0569271781593488,0.112949145562825,0.14826017183285,-0.0386863433958144,-0.0783112398846509,0.144829471332047,-0.0747627402876802
"W6_B4_G48",-0.184882647207308,-0.14776083411203,-0.0144457855711786,0.00964407131137025,0.034793618640342,0.0478453845712749,-0.0103050011082134,0.00145724666575717,-0.0365846619395369,-0.0297806508571412,-0.00544902294638804,-0.0252253228909788,0.244537372054812,-0.0499944085940359,-0.0844671614114428
"W6_H6_G71",0.0866148994981475,0.17631464483041,-0.00365200187657453,0.128801766360852,-0.0646201459114445,-0.0521857136102815,-0.0122196517099781,-0.0089575032905117,-0.0408855833301149,0.0737374234243066,-0.0408078033425132,-0.0525549227256839,-0.0766185993423099,0.0736251498996454,-0.0860075589767501
"W6_W3_G36",-0.0467774046084034,0.0209561541280998,-0.00390272963631622,-0.0460337876568769,-0.0908152816919354,-0.0566265933862058,0.0138501855351887,-0.019100932788461,-0.0343923351370566,0.0991057424620091,0.0501989373027526,0.0585978430279442,-0.0430582784870813,-0.119094790385606,-0.0719754566597611
"W6_W4_G48",-0.00133450518275645,-0.0156689423501994,-0.0227366900048812,-0.0300947354395656,-0.0628799080131283,-0.0454127417814095,0.032486272916752,0.0252775139630118,-0.0432862462655693,0.038945786805416,0.0197906043298453,-0.167469848439996,0.261668133940834,-0.0302891687144006,-0.135573662405762
